1 41 122766 6 123519
2 55 174453 7 174615
3 91 167000 7 167852
4 41 0 5 150
5 91 144922 6 145602
6 50 73634 6 73827
7 47 34121 7 34533
8 71 115943 5 116063
9 25 178949 5 179181
10 25 87744 6 88461
11 91 67992 7 68232
12 41 93823 6 94580
13 71 73940 6 74685
14 57 156676 7 157545
15 34 0 8 557
16 76 166092 4 166398
17 80 78005 7 78562
18 47 42781 8 42989
19 63 189735 8 190504
20 50 0 5 284
21 53 0 7 770
22 41 185682 6 186122
23 57 42796 7 43591
24 50 102268 4 103089
25 1 58572 7 58819
26 94 130205 8 131140
27 55 164909 6 165477
28 41 109955 5 110662
29 91 25728 6 26018
30 50 36634 5 37482
31 76 121140 6 121421
32 71 150478 5 151384
33 39 144946 6 145066
34 91 0 7 666
35 76 97357 6 97586
36 63 56178 8 56982
37 80 0 7 193
38 41 67515 6 68353
39 91 119937 7 120293
40 1 0 7 826
41 47 0 7 144
42 76 87242 4 88117
43 47 160400 7 160741
44 34 190287 8 190441
45 41 62484 5 63207
46 57 41954 4 42796
47 39 113925 5 114379
48 34 557 8 1067
49 80 92497 7 93475
50 63 93427 5 93615
51 91 69498 7 70094
52 39 164809 4 165221
53 1 170138 8 171072
54 25 68347 6 69129
55 39 157372 6 158146
56 63 140897 7 141685
57 80 162651 7 163440
58 80 61635 7 61931
59 34 94456 6 95088
60 55 54324 7 54509
61 34 53834 8 54665
62 25 100262 5 100542
63 34 165710 8 166477
64 47 171663 6 172510
65 76 114875 5 115832
66 80 115740 5 116455
67 53 147493 7 148191
68 76 0 6 728
69 1 121509 7 122007
70 1 150109 8 150879
71 63 104050 8 104531
72 1 80700 7 81301
73 25 182186 5 182928
74 57 47790 7 47925
75 53 162742 5 163731
76 91 28236 7 29001
77 76 142432 6 142911
78 34 149835 6 150654
79 91 92459 7 93308
80 57 29087 7 29304
81 53 85210 7 85941
82 55 123615 8 124190
83 47 184087 7 184934
84 41 89004 6 89181
85 53 87571 7 87939
86 57 68837 7 69172
87 25 75824 6 75977
88 80 134971 7 135511
89 1 145305 7 146292
90 34 111148 7 111408
91 80 43981 4 44777
92 71 176430 6 176829
93 47 154635 8 155451
94 57 86758 6 87316
95 55 127330 7 128078
96 1 106693 8 107471
97 53 126793 6 127533
98 63 156595 8 157388
99 1 101081 8 101360
100 41 169156 5 169958
101 39 150767 6 151252
102 39 176290 5 177066
103 91 136445 5 137183
104 91 165324 7 165916
105 34 156983 7 157366
106 71 0 5 648
107 25 126371 4 127141
108 50 114636 6 114783
109 91 95948 7 96487
110 47 66605 7 67425
111 53 110295 6 111087
112 53 160736 5 161579
113 1 100267 7 100726
114 63 61649 7 62291
115 39 167852 6 168819
116 76 81427 5 82063
117 91 73362 6 74109
118 39 120791 5 121005
119 53 143846 7 144194
120 53 112515 5 113303
121 91 33626 7 34054
122 80 40092 7 40334
123 63 0 7 488
124 94 171238 8 171432
125 80 159871 6 160001
126 55 71028 8 71891
127 39 149115 5 149787
128 76 158077 6 158965
129 91 124269 7 125091
130 63 166640 8 167605
131 39 161017 5 161837
132 39 0 5 781
133 80 187894 5 188088
134 91 58945 7 59284
135 41 27743 6 28302
136 50 39419 5 40323
137 53 46499 7 46671
138 25 0 6 538
139 76 37514 6 37993
140 80 127965 7 128224
141 76 35436 4 36203
142 94 0 6 327
143 55 144157 6 144633
144 50 51262 6 51477
145 57 0 7 363
146 39 70511 5 71337
147 55 0 8 806
148 55 27557 8 28304
149 55 35620 8 36154
150 53 34324 4 34984
151 91 666 7 952
152 47 144 6 916
153 91 40892 7 41093
154 34 107382 7 108164
155 91 30678 5 31544
156 50 36437 6 36634
157 53 770 7 1076
158 41 167178 6 167675
159 57 58341 6 59118
160 76 184572 4 184974
161 57 363 7 1351
162 34 69479 8 70294
163 94 28774 7 29345
164 55 55708 8 56025
165 91 47625 6 47918
166 25 64416 6 65118
167 1 102671 7 103271
168 25 54178 5 54983
169 25 121985 5 122888
170 1 150879 6 151678
171 47 108803 8 109600
172 57 82112 7 82278
173 91 176305 6 176799
174 34 24635 6 24787
175 1 182703 8 182850
176 41 175119 5 175991
177 25 156868 6 157584
178 94 327 8 1088
179 80 142632 7 143322
180 55 149498 8 149937
181 94 138050 8 138887
182 55 101246 7 102088
183 71 87525 6 88241
184 55 806 7 1357
185 50 82356 4 83085
186 47 43303 8 44034
187 41 50683 6 51512
188 41 150 5 756
189 47 157754 8 158635
190 80 41208 6 41640
191 50 284 6 1140
192 25 26318 5 26552
193 57 34052 7 34939
194 34 96924 6 97809
195 91 952 7 1793
196 63 69168 8 70069
197 47 47280 6 48105
198 53 61807 7 62290
199 80 193 6 907
200 57 62697 7 63383
201 47 149181 7 149497
202 53 1076 5 1971
203 47 164138 8 164298
204 63 488 5 1309
205 63 44432 8 45074
206 76 140285 6 141111
207 41 24887 5 25609
208 39 65934 6 66359
209 50 136531 6 136952
210 57 126091 5 126988
211 55 190374 8 191209
212 53 181125 7 182002
213 63 121764 6 122343
214 1 109637 8 110246
215 25 538 5 1286
216 34 27087 8 27238
217 55 51534 8 52252
218 55 91581 8 92345
219 57 32027 7 32440
220 55 25881 8 26813
221 41 79617 6 80355
222 91 66387 5 66652
223 94 64619 8 65203
224 1 168632 8 169421
225 25 50804 6 50999
226 39 64936 5 65934
227 63 171145 6 171332
228 94 92118 7 92869
229 50 177495 6 177752
230 80 137633 7 137979
231 80 127259 5 127965
232 57 91104 7 91883
233 76 53871 6 54620
234 71 46409 5 46891
235 91 56501 7 57445
236 47 101082 7 101601
237 63 125509 7 126386
238 57 68047 6 68626
239 57 123063 7 123884
240 63 147922 7 148576
241 50 1140 6 1985
242 34 137649 7 137906
243 91 36036 7 36764
244 53 136163 7 136373
245 41 164657 6 164949
246 41 756 6 978
247 71 648 6 1483
248 41 171998 6 172611
249 1 182850 7 183593
250 57 83757 6 83992
251 63 95429 7 96265
252 80 153044 7 153606
253 25 123799 4 124522
254 41 126734 6 127103
255 50 126847 6 127582
256 34 141741 7 142564
257 63 56982 7 57764
258 34 56174 8 56541
259 71 121009 5 121672
260 39 781 6 1587
261 80 150728 7 151432
262 71 188667 5 189667
263 34 28094 8 28224
264 47 103373 8 104161
265 25 130241 6 130422
266 41 86034 4 86173
267 34 86326 7 87291
268 80 57378 7 58276
269 39 158146 5 158554
270 76 182410 6 183239
271 39 69638 5 70511
272 57 70170 5 70733
273 91 34818 7 35049
274 39 48079 5 48227
275 91 49744 5 50285
276 1 101360 6 102031
277 47 144711 8 145495
278 80 168146 7 169140
279 63 75429 5 75860
280 50 27923 6 28308
281 47 916 6 1211
282 94 63057 7 63871
283 91 187707 7 187969
284 50 135695 6 136531
285 34 131372 7 132078
286 57 147735 7 148610
287 41 175991 5 176985
288 57 124656 6 124921
289 57 27785 6 28294
290 1 826 8 1349
291 80 50915 7 51518
292 34 1067 7 1362
293 57 126988 6 127487
294 39 25731 6 26704
295 50 139402 5 140162
296 41 186122 5 186516
297 25 108804 6 109670
298 55 74009 7 74289
299 55 115508 6 115959
300 57 166696 7 167434
301 1 79863 7 80700
302 71 87080 5 87525
303 63 48968 8 49816
304 80 80445 7 81349
305 94 1088 8 1415
306 39 175944 6 176290
307 76 728 5 1538
308 25 119821 6 120053
309 57 54394 7 54819
310 94 38697 7 39173
311 1 117419 7 118357
312 1 67181 8 67927
313 1 97501 6 98304
314 34 37123 8 37843
315 25 103512 5 103669
316 47 38019 8 38683
317 41 34259 5 35164
318 71 33911 4 34186
319 55 59494 8 60215
320 57 48242 7 49236
321 76 66826 5 67394
322 63 118543 7 119336
323 50 51477 6 52321
324 57 160235 7 160893
325 80 907 6 1892
326 25 105566 6 106088
327 39 160238 6 161017
328 25 160287 5 160873
329 25 38491 6 39067
330 47 48854 8 49710
331 47 1211 8 1338
332 80 66600 7 66789
333 1 138730 7 139187
334 80 179955 7 180908
335 47 34533 7 35303
336 39 165846 5 166228
337 94 24693 8 25372
338 47 56850 7 57593
339 47 1338 8 2061
340 71 136621 4 137442
341 53 121451 7 122232
342 47 80187 8 80723
343 63 1309 8 1990
344 55 113679 8 114392
345 41 978 6 1424
346 41 129828 5 130234
347 55 88560 7 89541
348 91 119159 7 119937
349 94 175955 7 176439
350 47 33137 7 34121
351 57 104897 6 105657
352 50 28308 5 29272
353 1 1349 7 1776
354 47 69035 8 69471
355 91 113782 6 114033
356 25 150000 5 150824
357 71 161956 4 162771
358 80 164271 7 164719
359 55 105012 8 105852
360 91 61733 6 62198
361 41 35164 5 35724
362 1 116548 8 117419
363 39 89757 6 90202
364 63 63180 7 64071
365 71 131997 5 132157
366 41 76002 6 76238
367 50 140795 5 141644
368 91 74109 6 74365
369 80 123426 7 124198
370 39 171998 6 172376
371 39 164415 6 164809
372 80 143322 7 143885
373 63 107582 8 108462
374 25 161940 4 162748
375 91 150467 5 150718
376 80 138718 7 139559
377 25 1286 6 2012
378 50 122255 5 122969
379 39 123692 5 124509
380 80 81349 5 82007
381 91 135120 7 135650
382 34 1362 8 1901
383 57 1351 6 1768
384 41 118669 6 119001
385 1 167598 7 167949
386 25 122888 5 123193
387 41 78711 6 79385
388 55 58134 8 58576
389 55 1357 8 2059
390 50 63488 5 63787
391 91 187292 7 187707
392 55 145377 7 145714
393 63 177133 7 177582
394 50 58885 4 59535
395 50 157504 5 157749
396 57 177788 7 178087
397 63 30507 7 31313
398 91 143209 7 144053
399 80 111406 7 112126
400 55 73385 5 73793
401 94 1415 6 2297
402 55 148398 7 148896
403 53 52811 7 53604
404 41 1424 4 2383
405 71 1483 6 2243
406 34 70294 8 70975
407 34 96358 8 96924
408 94 56805 8 57486
409 55 26813 8 27557
410 39 27493 5 27855
411 25 81888 5 82374
412 25 132318 5 133254
413 71 119838 6 120799
414 91 1793 7 2351
415 63 103043 8 103343
416 71 46891 4 47158
417 47 110980 8 111710
418 50 149760 5 150566
419 76 49834 4 50571
420 53 119015 7 119755
421 41 97580 5 98221
422 63 152412 8 153279
423 1 108786 7 109450
424 76 153766 5 154127
425 34 76735 6 77642
426 1 180179 7 180612
427 57 1768 6 2485
428 1 1776 7 2270
429 63 53965 8 54789
430 76 1538 6 1950
431 25 29708 6 30689
432 71 134440 4 135153
433 39 137712 6 138227
434 63 162503 8 163028
435 34 1901 7 2659
436 53 187442 7 188133
437 94 113619 7 114463
438 55 186567 8 187108
439 57 62167 7 62697
440 94 167320 8 168088
441 39 1587 6 2513
442 1 60195 7 61168
443 63 156312 7 156441
444 63 98214 7 99155
445 39 79085 6 79356
446 55 164749 8 164909
447 80 93977 7 94119
448 63 71381 8 71824
449 34 87291 6 87936
450 55 171213 7 171925
451 91 188782 6 189588
452 39 182820 6 182962
453 50 55744 5 56370
454 94 99139 8 99873
455 50 61134 6 61872
456 94 144019 8 144850
457 80 1892 5 2650
458 34 157366 7 158100
459 57 150805 6 151736
460 25 26552 6 26871
461 94 156099 7 156824
462 53 145380 7 145689
463 57 111152 4 111866
464 1 39625 4 40431
465 53 1971 7 2718
466 41 114446 6 115254
467 91 139158 6 139787
468 57 179336 6 180332
469 55 30238 5 31150
470 34 46583 5 46836
471 34 2659 8 2929
472 55 57084 7 57372
473 94 172146 7 172704
474 57 118188 6 118863
475 71 86280 6 86427
476 47 99611 6 99889
477 91 67380 7 67992
478 80 38438 7 38946
479 41 176985 5 177898
480 57 77065 5 77516
481 50 155947 5 156200
482 50 61872 5 62631
483 53 40693 7 40846
484 47 87252 8 87734
485 34 134902 7 135701
486 71 138134 5 138269
487 39 107961 5 108376
488 53 117211 5 117546
489 50 1985 6 2266
490 57 162203 7 162570
491 53 124929 7 125270
492 34 180520 7 181100
493 63 150203 7 151042
494 39 103825 5 104024
495 63 81974 7 82741
496 94 34557 7 35306
497 55 148896 8 149498
498 39 173508 5 174154
499 50 73218 5 73634
500 55 33777 7 34688
501 50 185848 5 186176
502 50 184486 5 185336
503 50 177752 6 178228
504 1 33921 7 34702
505 25 34214 5 34926
506 57 55769 7 56231
507 25 106088 6 106827
508 80 77617 7 78005
509 53 170940 5 171534
510 39 130484 6 130784
511 94 156824 7 157600
512 47 156873 8 157754
513 63 1990 7 2817
514 25 2012 5 2716
515 41 44311 4 44710
516 25 97267 5 98054
517 55 2059 8 2208
518 55 99473 7 100020
519 80 124851 5 125389
520 25 91264 6 91665
521 91 168791 7 169150
522 34 103894 7 104626
523 53 160414 6 160736
524 41 82777 5 83118
525 71 112504 6 113443
526 80 47679 7 48183
527 91 109112 5 109633
528 55 69955 8 70674
529 47 83595 8 83956
530 1 142402 6 143102
531 94 147149 7 147869
532 55 47763 6 48472
533 53 116903 7 117211
534 91 96487 7 97298
535 53 84304 7 85046
536 1 44812 5 45148
537 94 55473 7 56059
538 91 73015 5 73362
539 71 27217 6 27953
540 41 185253 5 185466
541 47 95417 7 96143
542 57 185395 7 185807
543 39 175054 4 175944
544 50 104435 6 105223
545 76 132876 5 133776
546 91 79673 7 80016
547 63 128228 8 128682
548 76 58944 5 59919
549 76 1950 5 2913
550 25 171004 6 171810
551 47 182162 7 182943
552 57 41254 6 41954
553 25 180803 6 181743
554 63 180133 8 181039
555 71 127690 5 128678
556 57 111866 5 112586
557 80 30700 6 31482
558 63 36934 6 37545
559 34 43919 7 44632
560 50 26947 6 27120
561 47 98411 8 98766
562 25 144191 6 144336
563 47 172510 8 172653
564 71 177225 6 177495
565 47 2061 7 3040
566 53 180806 7 181125
567 55 157462 5 158357
568 80 82007 4 83004
569 55 2208 6 2820
570 41 162663 5 162922
571 39 100102 5 100625
572 91 2351 6 3170
573 80 25843 7 26733
574 63 65898 8 66054
575 94 122823 6 123577
576 94 136404 7 137230
577 55 52962 8 53933
578 34 109694 8 110113
579 25 49283 6 50028
580 1 93577 6 94390
581 47 164298 8 165137
582 53 184692 7 185102
583 94 2297 8 2774
584 55 178652 7 179253
585 71 68003 5 68594
586 41 41082 6 42066
587 47 136071 7 136965
588 50 31539 6 32355
589 91 118405 6 119159
590 71 2243 6 2847
591 50 34856 5 35186
592 47 41397 8 41539
593 71 165546 5 166047
594 80 179168 6 179955
595 57 137635 6 138464
596 71 53894 5 54809
597 50 43911 6 44390
598 50 2266 6 3006
599 94 114463 7 115274
600 94 169234 7 169379
601 94 68016 7 68848
602 34 129913 7 130614
603 41 164949 4 165165
604 63 110410 7 110602
605 94 116811 7 117476
606 25 2716 6 3142
607 91 3170 7 3935
608 63 123435 7 124271
609 25 166098 5 166579
610 39 126625 6 127046
611 34 63183 8 63379
612 55 166363 8 166889
613 1 2270 8 2987
614 71 160116 6 160494
615 91 165916 7 166445
616 41 164153 6 164657
617 57 2485 7 3443
618 63 50920 7 51139
619 25 137692 6 138474
620 91 181965 7 182733
621 47 166619 7 167363
622 80 27518 7 28293
623 94 2774 8 3498
624 71 173865 6 174637
625 91 137183 5 137776
626 41 31272 6 31805
627 76 130624 6 131606
628 39 151384 6 152199
629 91 138486 5 139158
630 39 48941 6 49153
631 80 72565 6 73273
632 53 105462 7 106457
633 55 187831 8 188537
634 39 77688 6 78589
635 80 166013 7 166860
636 39 152950 6 153111
637 41 2383 4 2842
638 53 58256 7 59026
639 94 135991 7 136404
640 94 95296 7 96094
641 1 157893 7 158090
642 80 186307 6 186499
643 39 162827 6 163220
644 80 84054 6 85029
645 50 29868 6 30582
646 34 148931 8 149835
647 41 183007 6 183766
648 39 147197 6 147917
649 57 166093 5 166696
650 50 56900 6 57114
651 94 138887 8 139845
652 55 60215 6 60731
653 34 84210 7 84779
654 50 115523 6 116430
655 50 189071 6 189227
656 94 125445 8 125964
657 53 28782 6 28904
658 76 184343 6 184572
659 76 60406 6 60859
660 34 105457 8 105800
661 25 50999 6 51976
662 25 28747 5 29708
663 94 87655 8 87973
664 41 63207 6 64043
665 34 2929 8 3490
666 55 112081 7 112373
667 34 47587 8 48036
668 53 97231 7 97642
669 25 126038 6 126371
670 34 3490 8 4292
671 63 90786 7 91450
672 39 104024 6 104577
673 91 122583 7 123203
674 41 169958 5 170670
675 39 89596 5 89757
676 55 174240 8 174453
677 39 94673 5 95384
678 47 77794 8 78464
679 55 44259 8 44992
680 80 68556 7 69106
681 1 51944 8 52757
682 25 189248 5 190120
683 76 98472 5 99453
684 80 2650 7 3219
685 57 148610 6 149433
686 94 124100 7 125054
687 39 2513 6 3232
688 63 106333 8 106719
689 63 157388 7 158359
690 47 161944 8 162309
691 41 137230 6 137923
692 63 2817 8 3725
693 25 67605 6 68347
694 50 121806 6 122255
695 53 57381 6 57593
696 55 78255 5 78526
697 1 42184 7 42440
698 71 82527 5 83410
699 50 165353 5 165975
700 80 59736 6 60582
701 1 128207 7 128445
702 76 36203 6 36960
703 53 28018 7 28782
704 39 144006 5 144148
705 53 93322 6 94241
706 57 39205 6 39897
707 25 42808 5 43681
708 76 111309 6 112135
709 91 26272 7 27104
710 39 74600 6 75408
711 80 56448 6 57378
712 53 2718 6 3437
713 55 2820 5 3428
714 53 144194 5 144857
715 47 69471 8 69744
716 41 2842 6 3686
717 91 185361 7 186192
718 76 51189 6 51735
719 71 107107 6 107737
720 41 33822 6 34259
721 1 40431 5 41111
722 34 129793 7 129913
723 53 47697 7 48687
724 47 172653 7 173295
725 91 171699 7 172068
726 53 169632 7 170343
727 94 184928 8 185323
728 55 166889 8 167195
729 39 146281 4 147197
730 47 3040 8 4023
731 76 41016 6 41775
732 39 33820 6 34549
733 41 29011 5 29222
734 71 2847 6 3830
735 1 2987 7 3599
736 50 85147 6 85986
737 94 178916 8 179560
738 39 186860 5 187470
739 76 44750 6 45184
740 41 95002 6 95648
741 71 124534 6 124665
742 57 61193 6 61437
743 91 41854 7 42610
744 47 78464 7 79214
745 80 154254 6 154661
746 80 103010 5 103910
747 25 117743 6 118458
748 25 112002 6 112875
749 50 72253 5 73218
750 76 47864 5 48567
751 57 163944 7 164615
752 71 166802 6 167776
753 63 174252 7 174719
754 63 133576 7 134310
755 50 89255 6 89990
756 63 42033 6 42565
757 25 79138 5 79534
758 71 105520 6 106185
759 1 99487 7 100267
760 1 72497 5 73268
761 57 100693 7 101654
762 34 116718 6 117352
763 55 167978 8 168872
764 71 130588 6 131265
765 50 176537 6 177495
766 1 91813 8 92727
767 63 144126 6 144796
768 55 25517 7 25881
769 50 3006 5 3777
770 76 96265 6 96801
771 25 3142 6 3749
772 55 3428 7 4157
773 53 124428 7 124929
774 80 141876 7 142464
775 80 3219 6 4036
776 50 167587 6 168110
777 80 131671 7 131998
778 53 3437 7 3931
779 71 175591 6 176229
780 57 158086 5 158829
781 57 98039 7 98978
782 34 104626 7 105457
783 47 130800 8 131584
784 57 147249 7 147735
785 94 27425 6 27989
786 55 135752 5 136569
787 76 146481 6 146748
788 91 169150 6 169693
789 47 86640 7 87252
790 50 66511 6 67022
791 57 3443 7 4168
792 57 171673 6 171880
793 25 172362 5 172957
794 47 184934 8 185508
795 71 92135 5 92489
796 53 68763 7 69567
797 25 187423 5 188204
798 25 158119 6 158836
799 94 3498 7 3699
800 1 47627 8 48211
801 63 40157 5 40390
802 76 108039 6 108238
803 76 2913 5 3686
804 39 3232 6 3558
805 39 3558 6 4176
806 39 168819 6 169526
807 76 155890 6 156255
808 1 3599 8 4273
809 91 91346 6 91598
810 55 109616 6 110409
811 63 97447 7 98214
812 57 106477 7 106991
813 91 115521 7 115995
814 71 48620 5 49056
815 57 155942 7 156676
816 41 3686 6 3985
817 57 169781 7 170332
818 94 3699 7 4427
819 91 161084 7 161353
820 39 84272 6 85081
821 91 130510 7 131257
822 71 56305 5 56686
823 1 71403 8 71774
824 50 47763 6 48517
825 50 83986 6 84212
826 1 83813 6 84602
827 76 173348 5 174235
828 25 3749 6 4547
829 47 185508 8 186098
830 63 143821 6 144126
831 63 178343 8 179242
832 25 40680 5 41271
833 39 42136 5 42920
834 94 120378 8 121359
835 94 160812 8 161021
836 34 39963 6 40889
837 53 3931 7 4131
838 41 28302 5 28775
839 63 127117 7 127445
840 34 119547 7 120422
841 50 3777 5 4647
842 25 81453 5 81609
843 57 54987 7 55769
844 55 108531 7 108663
845 39 126205 5 126332
846 57 145436 7 146275
847 34 90693 6 91314
848 1 108148 8 108786
849 91 144053 7 144922
850 76 138431 5 139112
851 76 24859 5 25583
852 55 97908 7 98263
853 34 89031 8 89327
854 25 111271 5 111672
855 94 87973 7 88674
856 50 126005 6 126319
857 41 126388 6 126734
858 47 67425 8 68050
859 63 51646 8 52484
860 91 128054 7 128372
861 94 83861 8 84638
862 91 180929 7 181778
863 47 119957 7 120921
864 80 107019 6 107813
865 41 128720 6 128998
866 50 110232 5 110487
867 53 86756 7 87096
868 91 3935 6 4116
869 25 142033 6 142558
870 47 32532 7 33137
871 57 174847 5 175010
872 47 139902 7 140606
873 41 136546 6 137230
874 53 118372 5 119015
875 41 134963 6 135593
876 47 4023 6 4807
877 94 128365 8 129224
878 55 4157 8 4939
879 55 90456 6 90759
880 91 39117 6 39826
881 91 184378 7 185361
882 50 179950 6 180729
883 41 69158 4 69865
884 41 33068 6 33822
885 50 97413 6 97948
886 34 162207 6 162939
887 1 37338 7 38332
888 71 3830 5 4614
889 53 106457 7 106914
890 41 80355 6 81230
891 25 41492 6 42140
892 55 174615 7 175063
893 50 45113 6 45796
894 34 102221 4 102893
895 41 162922 6 163672
896 57 78270 7 78921
897 53 77745 7 78457
898 57 92883 5 93690
899 80 90137 7 90432
900 25 81609 6 81888
901 80 55619 6 56448
902 53 53604 7 53932
903 57 37288 5 38237
904 34 63379 6 64158
905 80 89287 7 90137
906 71 85369 6 85753
907 76 3686 6 4507
908 71 145209 5 145799
909 71 39974 5 40687
910 1 71774 7 72497
911 47 159526 7 160400
912 39 24490 6 25105
913 53 183704 7 183952
914 47 131718 6 132519
915 80 60582 7 60705
916 57 101879 6 102499
917 34 56541 6 57541
918 41 3985 5 4969
919 57 31279 7 32027
920 1 158090 8 158862
921 91 4116 5 4730
922 53 179827 7 180425
923 34 102893 7 103332
924 80 77284 7 77617
925 63 163949 8 164117
926 34 44632 5 45511
927 41 123519 6 124075
928 63 52484 8 53279
929 94 88674 7 89253
930 25 63116 6 64015
931 39 131541 6 132415
932 80 4036 7 4506
933 71 94053 5 94675
934 55 4939 8 5707
935 91 31544 7 32484
936 34 4292 8 5038
937 91 172068 7 172277
938 41 155877 5 156194
939 34 97809 8 98156
940 57 51164 7 51873
941 41 62046 6 62484
942 53 4131 6 4918
943 50 185336 5 185848
944 63 123231 8 123435
945 71 92489 6 93476
946 55 189379 7 190374
947 1 35431 7 35676
948 57 85937 7 86758
949 91 130302 7 130510
950 1 107471 7 108148
951 25 71827 6 72082
952 94 98756 8 99139
953 39 159380 6 160238
954 80 70040 7 70604
955 25 108365 5 108804
956 25 153742 6 154582
957 34 41935 7 42365
958 76 83121 5 83682
959 63 3725 7 4447
960 47 186098 7 186963
961 57 4168 6 4868
962 71 131265 6 131997
963 47 41708 7 42027
964 55 62903 7 63493
965 57 99388 6 100097
966 63 77016 7 77898
967 55 34688 7 34860
968 39 4176 6 4969
969 94 127772 8 128365
970 1 59033 6 59849
971 25 44666 6 45398
972 80 116858 7 117568
973 80 75911 5 76310
974 71 187683 5 188667
975 1 4273 5 5243
976 76 76848 5 77357
977 55 90113 7 90456
978 91 116122 6 116519
979 25 136988 4 137692
980 63 187292 7 188197
981 41 90249 5 90696
982 71 165068 6 165546
983 47 50653 7 51421
984 39 128823 5 129201
985 71 91210 6 91594
986 50 136952 5 137902
987 47 113504 8 114249
988 47 69744 8 70216
989 76 180784 4 181043
990 94 4427 6 4928
991 55 178171 8 178652
992 91 4730 7 5150
993 63 4447 8 5223
994 80 4506 7 5474
995 76 50571 6 50718
996 34 75604 7 76038
997 47 4807 8 4964
998 76 4507 5 5402
999 1 114468 8 115200
1000 1 104772 8 104909
1001 47 37297 8 38019
1002 34 130614 8 131218
1003 76 36960 5 37284
1004 76 165480 5 166092
1005 91 159978 7 160221
1006 53 4918 7 5488
1007 41 119665 6 120515
1008 63 143166 7 143640
1009 39 117127 6 117860
1010 25 64015 5 64416
1011 39 103516 6 103825
1012 63 168824 6 169534
1013 25 4547 6 5468
1014 50 186470 5 187154
1015 71 4614 6 5037
1016 76 150039 4 150864
1017 39 103148 6 103516
1018 80 38946 7 39377
1019 41 53676 5 54671
1020 57 4868 7 5842
1021 25 84029 5 84924
1022 94 4928 7 5735
1023 71 63282 5 64068
1024 1 132547 7 133485
1025 25 146870 5 147155
1026 80 101208 7 102067
1027 53 98521 7 99313
1028 50 57114 6 57815
1029 94 134581 7 135111
1030 76 161373 5 162205
1031 47 4964 7 5678
1032 53 135307 7 135570
1033 71 90433 6 91210
1034 34 125883 8 126702
1035 91 55022 7 55448
1036 91 86175 7 87007
1037 25 156672 6 156868
1038 53 99313 7 100125
1039 34 5038 7 5752
1040 50 84212 6 85147
1041 71 51598 6 51946
1042 50 4647 5 5246
1043 47 96999 7 97312
1044 94 163976 7 164970
1045 91 5150 7 5980
1046 47 89989 7 90823
1047 63 182791 7 183510
1048 55 36330 7 36947
1049 63 5223 7 5816
1050 41 150553 5 150938
1051 76 63913 6 64133
1052 91 41448 7 41854
1053 25 190120 6 190891
1054 41 99102 6 99364
1055 34 36781 8 37123
1056 1 5243 7 5406
1057 71 135876 5 136621
1058 91 112122 7 112934
1059 63 129808 6 130689
1060 39 154666 6 155601
1061 25 26871 5 27154
1062 25 135216 5 136032
1063 57 121171 6 122085
1064 41 181971 6 182862
1065 47 99889 6 100117
1066 39 79870 6 80161
1067 41 110662 5 111533
1068 41 138878 6 139673
1069 39 118280 5 118887
1070 55 183933 8 184923
1071 39 139768 6 140733
1072 47 189175 7 189316
1073 71 126806 6 127690
1074 71 69544 5 70467
1075 53 36217 5 36985
1076 34 74457 6 75233
1077 1 5406 8 6386
1078 63 108462 7 108710
1079 50 94793 5 95601
1080 50 143205 6 143861
1081 47 125813 6 126435
1082 76 68726 5 69073
1083 57 73089 7 73938
1084 1 66301 7 67181
1085 41 42066 6 42919
1086 41 4969 6 5717
1087 53 175939 7 176415
1088 39 4969 5 5869
1089 50 117151 6 117966
1090 91 98018 5 98834
1091 91 78432 7 79329
1092 25 51976 5 52458
1093 39 36643 4 37535
1094 80 169959 7 170317
1095 76 102931 5 103411
1096 53 66201 7 66456
1097 50 87688 6 88598
1098 57 164615 6 165217
1099 39 55619 5 56587
1100 53 29934 6 30474
1101 39 129969 6 130484
1102 53 5488 7 6153
1103 47 80024 7 80187
1104 55 5707 7 5891
1105 80 97026 7 97978
1106 63 84366 6 84597
1107 41 183766 5 184503
1108 91 55448 6 55683
1109 80 188243 7 189203
1110 1 127193 6 127321
1111 91 63021 5 63979
1112 76 153063 5 153766
1113 91 121780 7 122583
1114 1 188139 7 188607
1115 55 46982 5 47763
1116 80 96840 7 97026
1117 53 79610 4 80378
1118 71 5037 5 5940
1119 57 5842 7 6107
1120 47 190023 8 190756
1121 1 102031 7 102671
1122 34 175667 8 176477
1123 39 178479 6 178620
1124 80 128224 7 129007
1125 25 87278 5 87744
1126 47 77608 8 77794
1127 47 165952 7 166619
1128 91 135650 7 136445
1129 1 41993 8 42184
1130 25 30689 6 31539
1131 91 93308 6 94105
1132 94 70059 8 71030
1133 55 65537 8 66298
1134 71 155736 5 156464
1135 47 5678 7 6244
1136 71 108477 5 109263
1137 80 76513 7 77284
1138 50 189227 5 189967
1139 1 162022 8 162558
1140 80 65067 7 65582
1141 76 46162 6 46756
1142 94 81095 7 81577
1143 53 38084 7 38840
1144 55 177177 7 178171
1145 1 56278 7 56500
1146 91 116831 6 117407
1147 63 185521 8 186293
1148 91 82965 4 83867
1149 34 172100 8 172661
1150 1 36305 7 36866
1151 41 124982 6 125705
1152 91 109633 6 110254
1153 63 161724 7 162503
1154 80 31482 7 32271
1155 34 158100 6 158583
1156 80 104066 7 104861
1157 34 133779 7 134308
1158 53 75743 7 76715
1159 1 153401 7 154241
1160 39 183886 6 184743
1161 57 74482 5 74725
1162 63 189278 8 189735
1163 25 42140 6 42808
1164 55 56025 6 56913
1165 57 133409 5 133700
1166 1 128445 6 128850
1167 80 5474 7 5967
1168 80 161319 7 161894
1169 34 5752 7 6627
1170 91 71561 6 72394
1171 55 32851 8 33777
1172 71 101129 6 101863
1173 71 158738 5 159512
1174 41 178780 6 179491
1175 63 132722 7 133576
1176 76 42417 5 43084
1177 39 36457 6 36643
1178 47 169724 8 170693
1179 39 110543 5 111262
1180 50 180729 5 180986
1181 47 187679 7 188119
1182 39 31932 6 32721
1183 34 80793 8 81742
1184 1 56500 8 56739
1185 55 136569 5 137504
1186 76 170714 6 171631
1187 50 67262 6 67872
1188 39 170026 5 171006
1189 76 108238 5 108735
1190 63 76318 8 77016
1191 47 85611 5 86428
1192 50 168750 4 169484
1193 50 65680 6 66511
1194 25 92540 6 93420
1195 55 5891 7 6861
1196 53 140207 6 140845
1197 50 117966 4 118092
1198 47 137253 7 138156
1199 39 115150 5 116003
1200 76 152350 6 152578
1201 76 101077 6 101383
1202 91 173295 7 174074
1203 80 176030 7 176305
1204 50 75499 5 76122
1205 57 79766 4 80161
1206 94 5735 7 6564
1207 55 131511 8 132346
1208 91 102786 5 103202
1209 25 108036 6 108365
1210 80 45483 6 46385
1211 63 79120 8 79959
1212 91 147076 7 147830
1213 41 5717 6 5941
1214 80 174346 7 175115
1215 71 72977 6 73940
1216 91 160221 7 161084
1217 76 55007 5 55709
1218 53 72327 7 72703
1219 47 94403 6 95136
1220 41 5941 6 6766
1221 53 117546 5 118372
1222 94 182103 8 183032
1223 63 96265 7 97182
1224 91 5980 6 6825
1225 80 121249 7 122161
1226 94 48285 5 49110
1227 55 50140 7 50513
1228 50 5246 5 5602
1229 91 59284 7 59606
1230 71 176829 4 177225
1231 41 99364 5 99940
1232 80 53708 6 54630
1233 41 77785 6 78711
1234 91 146453 5 147076
1235 47 6244 8 6417
1236 34 54665 8 55183
1237 25 5468 6 6018
1238 57 49236 7 49367
1239 57 64516 7 65403
1240 57 132818 6 133409
1241 53 45158 7 45585
1242 91 140839 7 141234
1243 53 165420 6 166360
1244 25 6018 6 6353
1245 94 43157 7 43337
1246 76 125011 6 125452
1247 63 33708 7 34105
1248 34 162939 8 163335
1249 91 155606 6 156339
1250 55 181281 8 182154
1251 53 130166 7 130651
1252 34 144854 8 145608
1253 63 5816 7 6776
1254 57 160893 7 161463
1255 91 110254 7 111208
1256 71 64682 5 64906
1257 80 125389 7 126269
1258 71 106185 5 107107
1259 39 91047 6 91435
1260 55 45332 6 46072
1261 34 98929 8 99419
1262 94 35306 5 35797
1263 71 133235 5 133682
1264 80 145478 7 146289
1265 41 28775 5 29011
1266 71 49056 6 49520
1267 91 91164 7 91346
1268 91 6825 6 7454
1269 50 5602 5 5989
1270 53 178110 5 178939
1271 50 67872 6 68649
1272 80 5967 7 6684
1273 1 32605 8 33121
1274 76 34479 6 35436
1275 76 5402 6 6181
1276 39 166228 5 166992
1277 57 6107 7 6500
1278 1 176500 6 176755
1279 47 180755 7 181632
1280 94 148193 4 148544
1281 57 132171 7 132300
1282 94 181093 8 181540
1283 53 6153 7 7076
1284 94 91426 7 92118
1285 39 5869 4 6854
1286 76 39381 6 40215
1287 39 134456 5 135223
1288 71 5940 5 6842
1289 71 31639 5 32359
1290 50 5989 6 6584
1291 25 173912 6 174413
1292 47 6417 8 7220
1293 63 48244 6 48968
1294 94 166478 8 166789
1295 47 25798 8 26492
1296 71 109263 6 109930
1297 41 26066 5 26926
1298 57 145020 7 145436
1299 55 6861 7 7641
1300 53 40846 7 41687
1301 34 160828 8 161698
1302 53 76919 7 77434
1303 63 94293 8 94658
1304 34 6627 7 7051
1305 34 49914 7 50544
1306 34 7051 8 7773
1307 41 77059 6 77208
1308 53 54415 7 55275
1309 41 99940 6 100242
1310 34 110502 8 111148
1311 25 134194 5 134896
1312 94 90701 7 91426
1313 76 178785 5 179494
1314 63 46608 8 47525
1315 39 86080 6 86838
1316 76 32060 6 32749
1317 50 119866 6 120403
1318 34 28224 7 28761
1319 80 134645 6 134971
1320 41 89181 6 89540
1321 71 181184 6 181726
1322 63 167605 6 168122
1323 94 54074 7 54623
1324 1 6386 8 6690
1325 50 143861 5 144532
1326 1 43150 8 43926
1327 63 37545 7 38440
1328 71 61372 6 62355
1329 71 26017 6 26563
1330 57 102499 6 103450
1331 76 183239 6 183516
1332 25 133522 5 134194
1333 71 128678 5 129521
1334 34 25253 8 25550
1335 94 6564 8 7113
1336 76 75999 5 76848
1337 1 46916 7 47627
1338 91 161912 7 162654
1339 47 116729 8 116899
1340 50 6584 6 7399
1341 63 124588 5 125509
1342 1 69719 8 70685
1343 47 53519 7 54305
1344 57 6500 6 6920
1345 41 165778 6 166369
1346 1 120666 8 121509
1347 76 6181 5 6696
1348 34 48036 7 48284
1349 25 6353 6 7287
1350 55 162501 7 162766
1351 80 6684 4 6978
1352 80 170756 7 171459
1353 34 65700 8 66632
1354 1 175708 7 176500
1355 63 171912 8 172303
1356 71 71689 6 72101
1357 25 188204 5 189036
1358 76 184974 6 185288
1359 34 137906 8 138415
1360 53 88631 7 89227
1361 91 103202 7 103957
1362 80 69493 7 70040
1363 41 6766 5 7605
1364 55 130557 8 131511
1365 80 121032 7 121249
1366 47 26492 7 26928
1367 41 174333 6 175119
1368 53 168852 7 169632
1369 57 96672 7 97250
1370 50 96394 5 97008
1371 57 78921 7 79766
1372 1 189759 8 190639
1373 39 178620 5 179583
1374 76 176470 5 177186
1375 47 7220 8 7993
1376 80 122161 4 122339
1377 53 30474 6 30910
1378 25 103052 5 103512
1379 76 80278 6 81106
1380 34 118096 7 118827
1381 63 59581 7 60161
1382 34 184793 8 185165
1383 41 50345 6 50683
1384 55 31150 7 32134
1385 57 46333 7 47320
1386 25 89691 4 90528
1387 41 60989 5 61201
1388 55 28304 7 28846
1389 94 39827 8 40731
1390 25 184299 6 184480
1391 47 189316 8 190023
1392 25 59332 5 60267
1393 94 181540 7 182103
1394 50 147872 5 148777
1395 71 25785 5 26017
1396 1 35818 6 36305
1397 91 35049 7 36036
1398 1 6690 7 7066
1399 47 142180 7 143064
1400 71 101863 6 102375
1401 34 58929 6 59611
1402 71 147701 5 148510
1403 1 134806 8 135176
1404 34 49308 8 49441
1405 63 6776 8 7509
1406 1 125492 7 126004
1407 53 174675 7 175049
1408 1 134259 8 134444
1409 34 75233 8 75604
1410 71 102375 5 102673
1411 91 170820 7 171550
1412 80 46385 6 46793
1413 39 121415 6 122304
1414 1 103271 7 104002
1415 39 6854 6 7826
1416 47 98766 7 99611
1417 80 173665 7 174346
1418 91 52763 7 53607
1419 47 145495 8 146033
1420 57 132300 7 132818
1421 39 35605 6 36188
1422 91 137776 5 138486
1423 55 182445 8 183050
1424 50 92873 6 93649
1425 50 147046 6 147872
1426 39 52337 6 53161
1427 53 7076 6 7914
1428 76 6696 6 7462
1429 91 74365 6 74671
1430 53 67943 7 68451
1431 25 116404 5 116969
1432 57 107878 7 108502
1433 53 78457 7 78712
1434 94 41463 8 41672
1435 25 128813 5 129347
1436 25 147908 6 148504
1437 41 147011 6 147399
1438 71 6842 5 7674
1439 71 28588 5 29348
1440 80 87149 7 88109
1441 63 139629 7 140119
1442 63 103343 8 104050
1443 63 161222 8 161724
1444 34 111408 6 111729
1445 57 6920 5 7689
1446 94 7113 7 7888
1447 25 33095 6 33757
1448 80 164719 7 165239
1449 80 122339 7 122514
1450 50 7399 6 8144
1451 39 137303 5 137712
1452 1 118357 7 119268
1453 25 128033 6 128447
1454 80 93475 7 93977
1455 71 130379 5 130588
1456 50 188033 5 188291
1457 53 97805 7 98521
1458 63 60992 8 61649
1459 91 51208 7 51974
1460 80 6978 7 7779
1461 63 118067 8 118543
1462 34 134308 7 134902
1463 25 7287 4 7999
1464 39 149787 6 150767
1465 80 118417 7 119214
1466 55 83618 6 84395
1467 25 158836 6 159257
1468 91 7454 5 7652
1469 94 93887 8 94785
1470 50 53736 5 54535
1471 47 110452 7 110980
1472 57 80161 5 80793
1473 57 73938 7 74217
1474 41 59119 6 59511
1475 1 43926 7 44812
1476 41 7605 5 8074
1477 41 96628 6 97580
1478 50 79831 6 80183
1479 63 41235 8 42033
1480 34 49660 8 49914
1481 55 122377 6 123351
1482 55 115157 8 115362
1483 50 109236 6 110232
1484 25 57634 6 58069
1485 50 63787 4 64689
1486 55 128078 7 128711
1487 50 44390 6 45113
1488 50 103089 5 103841
1489 1 7066 5 7494
1490 39 166992 6 167480
1491 39 142551 6 143518
1492 47 28266 8 29211
1493 63 181818 8 182791
1494 76 7462 6 7883
1495 34 137062 8 137649
1496 39 139350 4 139768
1497 55 86024 7 86883
1498 55 140716 5 141488
1499 39 172376 5 173165
1500 80 113121 6 113257
1501 34 71156 6 72078
1502 1 34702 7 35132
1503 94 133186 5 133846
1504 91 26018 5 26272
1505 57 61437 7 62167
1506 1 141493 7 142402
1507 63 34105 7 35043
1508 50 158842 6 159077
1509 76 100828 6 101077
1510 34 140045 4 140738
1511 91 7652 7 8450
1512 55 7641 5 7853
1513 1 7494 6 8476
1514 63 97182 7 97447
1515 53 132405 7 133211
1516 1 131846 7 132547
1517 94 109966 7 110087
1518 71 7674 6 7996
1519 47 95136 7 95417
1520 41 151695 5 152432
1521 94 187814 7 188207
1522 50 153243 6 153962
1523 41 31805 6 32245
1524 80 39377 7 40092
1525 34 7773 8 8305
1526 1 49778 7 50705
1527 41 29222 5 29631
1528 50 42151 5 42546
1529 55 120905 8 121293
1530 41 46465 6 47325
1531 71 80884 6 81267
1532 57 60748 7 61193
1533 55 7853 7 8376
1534 1 167289 8 167598
1535 47 187540 8 187679
1536 55 76786 7 77517
1537 47 72261 7 72843
1538 94 7888 8 8446
1539 63 7509 7 7895
1540 50 163210 6 164210
1541 94 121659 6 121977
1542 55 153999 6 154859
1543 39 53943 5 54904
1544 25 89058 6 89691
1545 80 176305 7 177077
1546 50 54535 5 55441
1547 80 96109 5 96840
1548 50 50697 5 51262
1549 53 109767 5 109900
1550 76 69773 6 70716
1551 47 190756 8 191129
1552 80 133980 7 134508
1553 34 171436 6 172100
1554 53 7914 7 8763
1555 76 94199 5 94884
1556 39 7826 5 8781
1557 63 175447 8 175747
1558 76 169614 6 169910
1559 47 101601 8 102184
1560 94 177254 7 178161
1561 71 116063 6 116835
1562 76 142911 6 143888
1563 57 7689 7 8626
1564 55 126762 8 126883
1565 39 119526 4 120010
1566 39 181723 5 181946
1567 25 83398 6 84029
1568 71 138269 5 138466
1569 80 60705 7 61635
1570 39 51552 6 52337
1571 63 155458 8 156312
1572 50 74783 6 75499
1573 41 135593 5 136302
1574 57 144507 7 145020
1575 80 7779 6 8083
1576 1 64031 7 64596
1577 94 186921 8 187168
1578 1 84602 7 85373
1579 47 7993 7 8981
1580 63 87148 8 87724
1581 53 176415 7 177214
1582 53 130651 6 131062
1583 34 8305 7 8953
1584 71 43047 6 43588
1585 53 71592 7 72327
1586 53 31667 7 32475
1587 50 145479 6 146227
1588 34 28761 7 29682
1589 34 84779 8 85497
1590 34 158797 7 159562
1591 53 70728 6 71200
1592 80 34542 7 35282
1593 53 144977 6 145380
1594 91 74671 6 75263
1595 91 82048 6 82797
1596 55 41159 7 42106
1597 71 50292 6 50659
1598 76 7883 5 8712
1599 47 136965 7 137253
1600 63 47525 7 48244
1601 76 82192 6 83121
1602 71 52681 6 53031
1603 80 105542 7 106334
1604 53 85046 6 85210
1605 50 123298 5 123471
1606 63 85363 5 86225
1607 91 68232 7 69055
1608 80 36773 7 37679
1609 80 28972 5 29119
1610 34 55907 6 56174
1611 55 8376 8 9065
1612 57 106991 7 107878
1613 53 159179 7 159898
1614 53 154422 4 154582
1615 53 78712 7 79411
1616 25 69967 5 70773
1617 91 139787 6 139962
1618 76 169910 6 170112
1619 1 128850 8 129685
1620 63 74310 8 74668
1621 57 40905 7 41254
1622 57 97508 7 97638
1623 80 86763 7 87149
1624 53 76715 7 76919
1625 80 150373 5 150728
1626 91 125091 6 125708
1627 41 8074 5 8923
1628 63 128682 8 129406
1629 39 47320 4 48079
1630 94 43337 5 44009
1631 39 127198 5 127320
1632 71 96033 6 97027
1633 71 135153 5 135609
1634 71 47975 5 48299
1635 50 42546 5 43292
1636 39 87335 6 88162
1637 34 183069 8 184063
1638 50 164401 6 165353
1639 39 127320 5 127652
1640 50 91941 6 92095
1641 91 8450 7 9289
1642 71 133682 6 134440
1643 1 41111 7 41993
1644 63 93615 8 93998
1645 25 102239 5 103052
1646 34 93125 8 93795
1647 47 160741 7 161235
1648 76 57148 5 57988
1649 47 124571 8 125358
1650 1 123634 7 124497
1651 94 171432 6 172146
1652 94 112722 6 113619
1653 41 60178 5 60989
1654 53 101008 5 101349
1655 25 7999 6 8797
1656 94 165910 7 166478
1657 41 150938 5 151695
1658 47 61739 7 62469
1659 53 109900 6 110295
1660 71 74685 5 75465
1661 71 7996 5 8266
1662 80 132963 7 133206
1663 71 35427 4 36132
1664 91 65786 7 66387
1665 47 152485 8 152857
1666 50 8144 6 8732
1667 53 128814 7 129624
1668 63 7895 7 8334
1669 94 80440 7 80745
1670 76 49050 5 49834
1671 80 8083 7 9059
1672 71 8266 5 9035
1673 94 110866 7 111711
1674 53 8763 7 9283
1675 63 127445 6 128228
1676 50 79123 6 79831
1677 53 88177 7 88631
1678 50 182100 5 182689
1679 80 189203 7 190010
1680 80 109389 7 109612
1681 34 127262 8 128057
1682 47 119025 8 119957
1683 1 61168 7 61604
1684 57 101654 7 101879
1685 47 42027 7 42781
1686 71 111458 5 111781
1687 53 100849 5 101008
1688 91 48774 7 49744
1689 34 72078 8 73076
1690 94 8446 6 8866
1691 80 38078 7 38438
1692 71 71269 5 71689
1693 91 99705 7 100233
1694 94 135424 7 135582
1695 63 140119 7 140897
1696 41 145347 5 146189
1697 63 53546 7 53965
1698 39 180336 5 180544
1699 63 8334 6 9156
1700 55 180482 8 181281
1701 94 186477 7 186921
1702 55 116890 8 117446
1703 25 25561 6 26318
1704 76 120291 6 120804
1705 47 122778 7 123727
1706 63 77898 7 78206
1707 39 138775 5 139350
1708 39 63067 6 63711
1709 41 81230 6 81353
1710 1 8476 7 8707
1711 63 169534 7 170378
1712 57 8626 5 9052
1713 91 36764 6 36905
1714 76 28620 6 29422
1715 41 59511 6 60010
1716 41 158619 6 158932
1717 94 164970 6 165910
1718 25 39696 5 40680
1719 50 56622 6 56900
1720 25 32296 5 33095
1721 34 151051 6 151753
1722 71 110071 4 110937
1723 25 78195 6 79138
1724 76 119091 6 119855
1725 94 149728 8 150465
1726 94 8866 7 9524
1727 80 154661 7 155443
1728 76 127503 6 128174
1729 71 143600 6 144395
1730 57 34939 7 35330
1731 1 8707 6 9084
1732 41 154754 6 155494
1733 50 99198 5 100100
1734 63 81486 7 81635
1735 41 157067 5 157858
1736 63 154219 8 154804
1737 57 54819 7 54987
1738 47 39265 6 40036
1739 91 59606 7 60368
1740 76 109578 6 110222
1741 53 71200 5 71592
1742 80 149222 7 149579
1743 50 67022 5 67262
1744 50 150566 5 151492
1745 39 163220 6 163509
1746 94 180466 7 181093
1747 47 129815 6 130800
1748 34 8953 7 9831
1749 47 8981 8 9761
1750 39 169526 6 170026
1751 94 188207 6 188593
1752 80 182403 7 183243
1753 57 167434 7 168138
1754 34 68041 7 68495
1755 76 166791 6 167673
1756 80 156271 7 156997
1757 34 132078 7 133059
1758 55 167195 8 167978
1759 1 70685 8 71403
1760 71 97027 6 97672
1761 41 8923 6 9601
1762 94 121359 8 121659
1763 63 132434 5 132722
1764 41 139673 5 140442
1765 41 74243 6 74864
1766 76 166398 4 166791
1767 91 66652 7 67380
1768 50 170031 6 170361
1769 76 8712 5 9022
1770 71 34186 5 34435
1771 50 86839 6 87196
1772 39 167480 6 167852
1773 80 144497 5 145478
1774 80 130309 5 131133
1775 34 9831 8 10378
1776 55 140324 6 140716
1777 47 27372 8 28266
1778 53 111087 6 111489
1779 50 38705 5 39419
1780 50 8732 5 9495
1781 71 98632 6 99532
1782 50 113149 6 113951
1783 76 37993 6 38303
1784 39 8781 6 9675
1785 80 73845 7 74565
1786 57 159651 7 160235
1787 25 144336 6 145160
1788 91 87007 7 87479
1789 1 155510 7 156224
1790 1 79590 8 79863
1791 91 77319 6 77553
1792 55 118837 8 119226
1793 57 82724 5 82963
1794 53 109022 6 109767
1795 55 40238 6 41159
1796 94 96850 5 97583
1797 50 159689 6 159912
1798 41 68353 6 69158
1799 80 147965 7 148507
1800 25 27907 4 28279
1801 63 28840 7 29604
1802 41 95648 6 96628
1803 91 46468 5 47147
1804 53 154582 7 155563
1805 25 8797 6 9168
1806 63 58828 6 59581
1807 39 144148 4 144946
1808 76 88117 5 89023
1809 55 95315 7 95459
1810 71 42538 6 43047
1811 71 9035 6 9477
1812 57 9052 6 10013
1813 94 60096 8 61000
1814 50 140162 5 140795
1815 80 150129 7 150373
1816 80 9059 7 9914
1817 91 129492 7 130302
1818 63 32151 7 32939
1819 47 133498 8 134434
1820 1 165467 8 166393
1821 41 127899 5 128720
1822 57 76180 7 77065
1823 57 24967 7 25750
1824 76 162552 6 163321
1825 91 169693 6 170504
1826 34 101296 5 101848
1827 55 110409 7 111293
1828 55 96600 8 97411
1829 71 164318 6 165068
1830 50 130692 5 131012
1831 76 147452 6 148372
1832 63 181039 8 181818
1833 76 71106 6 71367
1834 25 129347 6 130241
1835 71 173733 6 173865
1836 34 177655 8 178549
1837 94 122506 7 122823
1838 41 125705 6 126388
1839 76 9022 5 9364
1840 34 138415 8 138773
1841 80 100451 7 101208
1842 50 138852 6 139402
1843 55 9065 8 9705
1844 34 150654 8 151051
1845 41 98425 6 99102
1846 94 108534 8 108691
1847 25 123193 6 123323
1848 1 9084 7 9957
1849 76 172550 6 173029
1850 41 64043 6 64505
1851 63 9156 6 9996
1852 25 163932 6 164740
1853 25 35801 6 36773
1854 39 135681 5 136021
1855 41 94580 5 95002
1856 71 99947 6 100305
1857 39 138227 6 138775
1858 34 163335 7 163877
1859 41 173384 5 174333
1860 1 26829 8 27033
1861 57 114818 5 115292
1862 71 110937 5 111458
1863 94 75319 7 75780
1864 57 25750 7 26425
1865 34 176477 8 176680
1866 63 141685 8 142068
1867 47 188119 8 188847
1868 50 48517 5 49247
1869 94 9524 8 10250
1870 47 45705 8 45965
1871 1 174029 7 175011
1872 94 129371 7 130205
1873 25 9168 5 9912
1874 53 9283 7 9751
1875 91 9289 6 9907
1876 50 112887 6 113149
1877 53 102290 7 102796
1878 41 150202 5 150553
1879 25 75537 5 75824
1880 63 134310 8 135266
1881 76 9364 5 10201
1882 34 80362 8 80793
1883 34 122280 8 122824
1884 1 178144 8 178917
1885 41 134126 6 134963
1886 94 89727 7 89891
1887 25 124522 6 125264
1888 71 159512 6 160116
1889 53 46831 7 47697
1890 47 52324 6 52461
1891 94 172704 7 173412
1892 91 183958 7 184378
1893 50 85986 6 86839
1894 25 111672 5 112002
1895 41 55770 5 56532
1896 71 177786 6 178290
1897 94 116080 7 116811
1898 94 151938 7 152394
1899 71 30692 5 30857
1900 57 149433 7 150155
1901 34 42814 7 43190
1902 57 57571 6 58341
1903 47 81506 7 82370
1904 94 170883 8 171238
1905 91 9907 6 10751
1906 94 133846 8 134408
1907 57 44668 7 45666
1908 57 66476 5 67238
1909 80 119214 7 119892
1910 34 89912 8 90693
1911 63 115547 5 116354
1912 39 177066 5 178065
1913 55 9705 7 10530
1914 71 9477 6 9755
1915 53 94815 7 95141
1916 57 87465 7 87605
1917 47 96584 8 96999
1918 76 133776 6 134263
1919 76 68139 5 68726
1920 50 9495 6 10282
1921 25 47803 4 48446
1922 1 110246 8 110994
1923 53 89227 7 90037
1924 63 148576 6 149164
1925 57 137184 6 137635
1926 50 47523 6 47763
1927 41 131164 5 132061
1928 80 178685 7 179168
1929 25 76767 5 77536
1930 94 67656 7 68016
1931 50 174769 5 175570
1932 91 114033 5 114702
1933 71 166047 5 166802
1934 55 43441 8 44259
1935 41 9601 5 10053
1936 63 120071 6 120909
1937 76 164651 6 165480
1938 76 177628 6 177976
1939 39 9675 4 9922
1940 39 60837 5 61770
1941 57 10013 7 10761
1942 47 167363 8 167644
1943 50 159077 6 159327
1944 25 69296 5 69967
1945 55 115362 7 115508
1946 57 83992 6 84611
1947 47 150834 8 151290
1948 53 37359 4 37500
1949 53 9751 7 10394
1950 34 60352 5 60725
1951 47 9761 8 9948
1952 55 172859 6 173115
1953 47 153099 7 153230
1954 53 92026 5 92941
1955 47 49710 7 49868
1956 47 9948 8 10727
1957 1 61604 7 62363
1958 47 153843 4 154635
1959 80 9914 7 10697
1960 71 170857 6 171788
1961 1 9957 8 10666
1962 34 57541 7 58392
1963 50 83780 6 83986
1964 71 28370 5 28588
1965 71 9755 6 10046
1966 94 58994 7 59647
1967 53 77434 6 77745
1968 76 40215 6 41016
1969 63 172303 7 173293
1970 53 165191 7 165420
1971 55 44992 6 45175
1972 94 58244 7 58994
1973 91 120293 6 120975
1974 63 9996 7 10235
1975 39 106363 5 107189
1976 76 174235 5 174522
1977 76 43084 5 43784
1978 25 9912 6 10481
1979 34 10378 8 11125
1980 34 58392 7 58929
1981 41 10053 6 11034
1982 80 71230 7 71573
1983 55 10530 8 11389
1984 53 160113 7 160414
1985 41 184503 6 185253
1986 41 40265 6 41082
1987 94 166789 7 167172
1988 76 186251 6 186963
1989 41 105405 5 105958
1990 34 124440 8 125254
1991 55 185861 8 186567
1992 47 131584 7 131718
1993 71 65412 6 66148
1994 91 42610 7 43606
1995 94 157600 8 158217
1996 1 135449 8 136055
1997 50 133972 6 134875
1998 53 100125 7 100582
1999 50 103841 6 104435
2000 53 10394 7 11127
2001 39 122304 6 123027
2002 91 104634 4 105096
2003 50 152581 5 152729
2004 76 128174 5 128959
2005 55 113094 7 113679
2006 47 75957 8 76526
2007 50 52767 6 53736
2008 41 132605 5 133266
2009 41 104332 4 104679
2010 39 136711 4 137303
2011 55 82163 6 83149
2012 1 73965 7 74780
2013 63 83565 7 84366
2014 1 90524 8 91297
2015 55 128711 7 129589
2016 41 83118 6 83946
2017 53 60951 7 61807
2018 25 53974 6 54178
2019 63 10235 7 11020
2020 1 136943 8 137732
2021 55 54716 6 54945
2022 1 62363 6 62800
2023 53 177214 6 178110
2024 55 49379 6 50140
2025 39 153111 6 153717
2026 76 106543 6 107339
2027 39 127046 5 127198
2028 63 111418 7 112174
2029 39 116154 6 117127
2030 53 63010 6 63900
2031 39 9922 6 10809
2032 55 39251 8 40238
2033 39 32721 5 33088
2034 76 65114 6 65913
2035 94 110087 6 110520
2036 94 10250 7 10488
2037 39 113072 6 113925
2038 94 10488 8 11219
2039 1 10666 8 11434
2040 39 114379 6 115150
2041 76 81106 6 81427
2042 34 117352 7 118096
2043 1 29097 7 30049
2044 47 10727 8 11387
2045 63 91450 8 92263
2046 1 158862 8 159659
2047 76 46756 5 47069
2048 76 97586 5 98472
2049 71 10046 5 10610
2050 94 75107 5 75319
2051 41 102083 5 102950
2052 47 70216 7 70714
2053 76 64723 6 65114
2054 50 176399 6 176537
2055 57 118863 6 119023
2056 53 73187 7 73724
2057 91 79329 7 79673
2058 50 121056 4 121806
2059 94 170497 8 170883
2060 80 33815 5 34542
2061 94 100718 8 101211
2062 76 92119 6 92568
2063 47 176570 8 176961
2064 25 120053 6 121009
2065 34 111729 7 112377
2066 39 28826 6 29564
2067 80 10697 7 11399
2068 25 177929 6 178772
2069 80 112126 6 112941
2070 57 110663 7 111152
2071 63 165772 7 166640
2072 53 129624 4 129984
2073 1 148437 8 149374
2074 47 143064 7 143534
2075 25 98873 4 99260
2076 76 69073 5 69773
2077 55 83149 8 83618
2078 76 67780 6 68139
2079 76 10201 6 11077
2080 25 10481 5 11132
2081 55 100924 7 101246
2082 39 108376 4 108582
2083 91 10751 6 11696
2084 53 62290 7 63010
2085 47 40036 7 40485
2086 94 142789 8 143171
2087 34 103332 5 103894
2088 39 110349 5 110543
2089 71 185946 5 186430
2090 25 110437 6 111271
2091 41 137923 4 138878
2092 39 33088 6 33820
2093 57 10761 6 11432
2094 57 109453 7 110072
2095 50 172108 6 172908
2096 47 26928 5 27372
2097 63 36509 7 36934
2098 50 10282 6 11257
2099 39 44298 5 45164
2100 53 65443 6 66019
2101 71 50659 5 51598
2102 63 112637 8 112959
2103 71 113844 6 114583
2104 94 135111 8 135424
2105 1 115936 7 116548
2106 47 149952 7 150834
2107 1 50705 7 51215
2108 80 186499 7 187363
2109 55 75052 8 75724
2110 94 119990 7 120378
2111 76 82063 5 82192
2112 1 147605 7 148437
2113 63 137562 8 138207
2114 50 154637 6 154780
2115 55 66298 7 66764
2116 91 106131 6 107122
2117 50 166682 5 167587
2118 94 117476 7 118257
2119 39 120010 6 120791
2120 57 190231 6 191035
2121 57 67238 7 68047
2122 63 179242 6 180133
2123 53 111489 5 112172
2124 94 169379 6 170131
2125 34 64158 6 65027
2126 34 178549 8 179382
2127 50 156200 5 156737
2128 80 48887 7 49010
2129 63 188197 6 188577
2130 71 121672 6 122112
2131 80 171459 7 172401
2132 57 131432 6 132171
2133 1 94836 8 95535
2134 91 108629 6 109112
2135 1 59849 7 60195
2136 25 143557 6 144191
2137 63 136107 8 136773
2138 57 134550 5 135238
2139 63 184477 7 185271
2140 57 187892 7 188305
2141 94 53373 7 54074
2142 94 61352 8 61695
2143 47 97451 6 97943
2144 94 11219 8 11936
2145 91 189588 6 190117
2146 50 118939 5 119866
2147 71 161358 6 161956
2148 41 179850 5 180444
2149 57 125233 7 125691
2150 91 186192 7 186903
2151 80 83004 5 83740
2152 94 155733 6 156099
2153 1 91297 7 91813
2154 41 104679 5 105405
2155 53 127533 7 127877
2156 1 26249 8 26829
2157 50 124125 5 124319
2158 94 36521 7 37076
2159 41 11034 6 11259
2160 71 102673 6 103451
2161 71 91594 5 92135
2162 50 173554 6 174388
2163 91 132667 6 133229
2164 63 29604 6 30507
2165 71 88241 6 89080
2166 63 145256 7 145886
2167 39 10809 6 11309
2168 94 105068 6 105964
2169 50 186176 5 186470
2170 41 156194 6 157067
2171 91 154025 6 154667
2172 57 165217 4 166093
2173 34 87936 8 88175
2174 1 140696 7 141493
2175 63 60161 8 60992
2176 80 95529 7 95804
2177 41 42919 5 43695
2178 57 69172 7 69911
2179 25 162748 5 163291
2180 63 11020 7 11451
2181 41 66942 6 67515
2182 76 181043 5 181888
2183 55 91363 8 91581
2184 39 98546 5 99169
2185 94 123577 7 124100
2186 34 11125 8 12120
2187 53 42449 7 43201
2188 94 153818 7 154027
2189 91 90260 7 91164
2190 41 182862 6 183007
2191 80 146289 7 146462
2192 91 175353 5 176305
2193 47 11387 8 12204
2194 39 173165 5 173508
2195 94 65203 7 65442
2196 91 25091 5 25728
2197 71 141582 6 142221
2198 94 52498 8 52669
2199 50 128097 6 128757
2200 1 146292 8 146898
2201 47 49868 7 50653
2202 47 60106 8 60701
2203 47 92102 8 92971
2204 53 11127 5 12075
2205 80 64302 7 65067
2206 57 114068 7 114818
2207 47 35303 7 36047
2208 76 168907 6 169614
2209 25 24829 6 25561
2210 25 128447 5 128813
2211 94 122176 8 122506
2212 71 157716 4 158517
2213 71 89389 5 90049
2214 1 57577 7 58182
2215 91 87479 6 88317
2216 41 43695 6 44311
2217 39 66359 6 67187
2218 53 185102 4 185867
2219 41 127103 6 127899
2220 50 11257 5 11534
2221 47 70714 8 71643
2222 55 11389 7 12169
2223 80 114970 6 115740
2224 39 45164 6 45852
2225 1 167949 6 168632
2226 50 155474 6 155622
2227 57 63712 6 64516
2228 80 11399 7 11730
2229 41 100242 6 101225
2230 94 57486 8 58244
2231 94 188593 7 189073
2232 71 118322 6 119133
2233 25 79534 4 80486
2234 34 128057 8 128791
2235 71 10610 6 11450
2236 71 180722 6 181184
2237 47 105547 8 106067
2238 41 142652 5 143428
2239 34 135701 8 136600
2240 1 114094 8 114468
2241 94 185323 8 186040
2242 76 179494 5 180030
2243 57 49556 7 50344
2244 91 83867 7 84007
2245 55 87764 7 88560
2246 39 59205 4 60098
2247 39 174154 5 175054
2248 76 159531 6 160493
2249 94 146393 7 147149
2250 1 156224 8 156951
2251 47 122316 7 122778
2252 63 183510 8 184477
2253 94 62372 8 63057
2254 91 164585 6 165324
2255 1 11434 8 12112
2256 91 111208 7 112122
2257 53 140845 7 141355
2258 55 158357 8 158592
2259 1 82266 8 83079
2260 25 11132 6 11801
2261 76 115832 6 116679
2262 76 102633 5 102931
2263 53 28904 6 29196
2264 71 120799 5 121009
2265 25 147155 6 147908
2266 94 126508 5 127221
2267 34 168960 7 169779
2268 80 42212 7 43137
2269 76 11077 5 11959
2270 25 11801 6 12509
2271 71 32359 5 33115
2272 94 39173 6 39706
2273 50 181792 6 182100
2274 91 151675 6 152175
2275 34 173587 6 174375
2276 91 163829 5 164585
2277 47 162309 7 163247
2278 47 175642 8 176570
2279 34 186256 7 186687
2280 25 39067 5 39696
2281 25 48446 6 49283
2282 71 81267 6 81691
2283 80 25553 7 25843
2284 91 85268 7 86175
2285 50 152161 5 152581
2286 41 11259 6 11619
2287 71 53031 6 53894
2288 94 47464 7 47716
2289 57 184060 7 184657
2290 39 109368 6 110349
2291 57 35330 7 35635
2292 41 170670 6 171314
2293 41 54671 6 54935
2294 57 162570 7 163382
2295 25 165442 6 166098
2296 55 176114 8 176812
2297 50 98682 6 99007
2298 39 92140 6 92930
2299 57 51873 7 52210
2300 71 80647 6 80884
2301 41 113488 6 113666
2302 63 11451 8 12246
2303 50 165975 6 166682
2304 55 76656 8 76786
2305 55 147477 8 147720
2306 55 84395 6 85125
2307 55 146543 7 147477
2308 34 148147 7 148931
2309 50 40323 6 40665
2310 57 163382 6 163944
2311 34 91314 7 92144
2312 76 117478 6 118130
2313 41 190583 6 191322
2314 1 38669 8 39625
2315 80 66471 6 66600
2316 63 164117 7 164887
2317 53 95644 7 96468
2318 57 170332 6 170752
2319 50 132232 6 132802
2320 34 12120 8 13061
2321 50 110487 6 110854
2322 39 11309 6 12091
2323 94 161584 7 162364
2324 80 184162 7 184883
2325 76 67394 6 67780
2326 47 173295 8 174054
2327 80 143885 5 144294
2328 34 82418 8 83254
2329 76 86063 5 86425
2330 57 11432 6 12330
2331 25 36773 6 37715
2332 47 68050 6 68576
2333 34 170627 8 171436
2334 71 132998 6 133235
2335 47 117738 8 118327
2336 39 118887 5 119526
2337 50 71280 6 71531
2338 50 33794 5 34638
2339 63 62291 7 63180
2340 25 60267 4 60982
2341 53 138743 7 139417
2342 76 54620 5 55007
2343 76 95633 6 96265
2344 76 187833 6 188221
2345 50 92095 6 92873
2346 91 11696 7 12583
2347 63 124271 6 124588
2348 57 124529 7 124656
2349 39 61770 6 62698
2350 50 170361 6 171119
2351 41 143428 5 144290
2352 39 179583 4 180336
2353 57 89742 5 90481
2354 91 105096 5 105979
2355 47 174791 7 175642
2356 55 102601 7 103080
2357 76 125452 6 125837
2358 41 71072 6 71750
2359 80 53075 7 53474
2360 91 120975 7 121780
2361 50 26144 4 26947
2362 76 92970 6 93574
2363 76 173029 6 173348
2364 63 94658 8 95429
2365 76 145714 6 146481
2366 1 137732 8 138730
2367 34 76038 7 76735
2368 80 104861 7 105542
2369 1 172120 7 172386
2370 57 52210 7 52608
2371 57 116012 6 116259
2372 80 78562 7 79312
2373 39 68147 6 68447
2374 76 180030 6 180784
2375 34 172661 6 173052
2376 1 139187 8 139894
2377 47 29211 8 29748
2378 1 83079 6 83813
2379 94 44009 6 44912
2380 80 161894 6 162651
2381 41 71750 5 72417
2382 41 144866 4 145347
2383 71 135609 6 135876
2384 50 189967 4 190425
2385 53 44070 4 44880
2386 94 82227 5 83014
2387 94 102507 8 103326
2388 50 90839 5 91057
2389 47 25058 8 25798
2390 39 100625 6 101594
2391 1 115200 7 115936
2392 76 38303 6 39124
2393 41 46018 4 46465
2394 76 162205 6 162552
2395 39 71337 5 72090
2396 1 129989 7 130671
2397 1 62800 4 63505
2398 55 135428 8 135752
2399 50 134875 6 135695
2400 25 116969 5 117743
2401 57 124921 7 125233
2402 41 185466 6 185682
2403 63 78206 7 79120
2404 53 156796 7 157554
2405 47 64155 8 64780
2406 34 138773 7 139130
2407 41 11619 6 11766
2408 50 116430 6 117151
2409 55 109386 7 109616
2410 91 134021 7 134799
2411 1 105749 7 106693
2412 34 113184 7 113916
2413 71 11450 6 11829
2414 57 81646 7 82112
2415 47 55382 7 55938
2416 91 131964 6 132667
2417 53 39196 7 39924
2418 76 121421 5 121760
2419 76 110222 6 110607
2420 55 163767 7 164337
2421 57 135891 4 136451
2422 1 111395 8 111647
2423 71 146719 6 147701
2424 50 59535 6 60329
2425 80 43137 5 43981
2426 50 146227 6 147046
2427 80 181331 7 181635
2428 50 11534 5 12133
2429 80 11730 5 12487
2430 34 106391 8 107382
2431 39 187470 4 187603
2432 94 159164 8 159847
2433 76 48753 5 49050
2434 41 11766 6 12595
2435 63 135266 8 136107
2436 53 12075 7 13072
2437 25 141231 6 142033
2438 91 80615 6 81284
2439 94 30937 8 31706
2440 71 11829 6 12464
2441 76 151493 6 151709
2442 71 174637 6 175591
2443 94 11936 6 12660
2444 25 57049 5 57634
2445 76 94884 6 95274
2446 39 153717 6 154666
2447 41 105958 6 106497
2448 94 76868 8 77536
2449 53 91742 6 92026
2450 94 25372 5 25909
2451 53 95141 5 95308
2452 50 190425 6 190898
2453 55 34860 5 35052
2454 55 111293 5 112081
2455 71 124665 5 125648
2456 55 60731 7 61603
2457 50 129289 5 129846
2458 80 181635 7 182403
2459 76 89862 6 90694
2460 71 30857 5 31639
2461 1 12112 7 12839
2462 55 12169 8 12871
2463 63 84597 7 85363
2464 39 93700 6 93895
2465 63 171332 7 171575
2466 63 164887 7 165772
2467 47 182943 7 183774
2468 94 98496 7 98756
2469 50 77593 6 78329
2470 94 52669 8 53373
2471 91 47147 6 47625
2472 53 104619 7 105462
2473 1 179212 7 180179
2474 55 151028 8 151783
2475 53 172950 7 173571
2476 94 131140 6 132052
2477 91 76563 4 77319
2478 41 120515 6 121509
2479 94 99873 5 100718
2480 80 100065 7 100451
2481 47 12204 7 13133
2482 76 106294 6 106543
2483 94 68848 8 69222
2484 76 158965 5 159531
2485 41 168247 6 169156
2486 50 88756 5 89255
2487 80 117568 5 118417
2488 34 53590 8 53834
2489 25 131603 4 132318
2490 53 171534 5 172341
2491 63 81635 4 81974
2492 91 159098 6 159978
2493 53 157554 5 158381
2494 55 53933 8 54324
2495 63 45627 6 45758
2496 55 143321 7 144022
2497 57 88237 6 88595
2498 80 63381 7 64302
2499 39 99169 5 100102
2500 55 149937 7 150802
2501 1 161394 6 162022
2502 76 52118 6 52872
2503 63 108710 7 109519
2504 50 12133 6 12811
2505 53 151376 7 152306
2506 50 40665 6 41449
2507 39 12091 5 12981
2508 63 12246 7 12688
2509 91 171550 4 171699
2510 1 154241 5 154770
2511 47 76526 8 76954
2512 39 29564 6 30465
2513 80 133206 6 133980
2514 55 12871 8 13071
2515 76 84673 5 85119
2516 63 31313 7 31647
2517 34 131218 6 131372
2518 63 90229 8 90786
2519 1 63505 7 64031
2520 91 12583 7 13263
2521 91 148677 7 149572
2522 55 129589 8 130557
2523 53 39924 7 40693
2524 39 49153 5 50041
2525 91 75608 7 76563
2526 41 58042 6 58651
2527 55 73793 8 74009
2528 53 66019 7 66201
2529 1 183593 8 184385
2530 25 12509 6 13308
2531 55 50513 8 51303
2532 94 36078 8 36521
2533 53 101349 5 101799
2534 39 128253 6 128823
2535 57 88792 7 89742
2536 53 82775 7 83589
2537 47 112921 8 113504
2538 39 30465 5 31120
2539 80 108116 7 108817
2540 57 52608 7 53323
2541 63 146558 6 146792
2542 63 28414 6 28840
2543 63 143039 7 143166
2544 25 109670 5 110437
2545 94 12660 7 13066
2546 71 34435 6 35427
2547 34 105800 8 106391
2548 53 163731 5 163906
2549 80 129007 6 129703
2550 53 120497 7 121451
2551 76 26412 6 26845
2552 41 161525 6 162301
2553 1 152619 7 153401
2554 94 148544 7 149016
2555 34 39255 8 39963
2556 53 133843 7 134707
2557 47 132519 8 133498
2558 55 25350 7 25517
2559 55 170537 6 171213
2560 71 70467 6 71269
2561 39 78589 6 78738
2562 41 92174 6 92896
2563 91 94105 7 94302
2564 39 80161 5 80927
2565 41 112934 5 113488
2566 1 28304 6 29097
2567 71 68594 6 69149
2568 94 42259 8 43157
2569 63 156441 8 156595
2570 80 52802 7 53075
2571 55 81325 8 82018
2572 71 177495 6 177786
2573 71 12464 5 13211
2574 91 36905 6 37597
2575 71 153593 6 153944
2576 41 187885 6 188508
2577 1 35676 8 35818
2578 71 58911 6 59585
2579 1 184385 7 185375
2580 25 34926 4 35801
2581 25 127141 6 127868
2582 50 43292 6 43911
2583 55 71891 7 72839
2584 1 95535 7 96432
2585 91 88317 7 88899
2586 41 39462 6 40265
2587 57 12330 7 13145
2588 71 49520 6 50292
2589 91 58259 7 58945
2590 53 91066 7 91742
2591 47 51421 7 52324
2592 80 12487 7 13078
2593 41 117442 6 118119
2594 76 107339 6 108039
2595 41 189887 6 190583
2596 94 61000 8 61352
2597 76 134263 5 135104
2598 53 49177 7 49389
2599 94 121977 7 122176
2600 94 140717 7 141047
2601 1 27712 7 28304
2602 55 180317 8 180482
2603 91 147830 7 148677
2604 34 13061 7 13446
2605 80 46793 7 47679
2606 76 11959 6 12218
2607 1 27033 7 27712
2608 41 37847 5 38819
2609 76 188221 6 188560
2610 94 150465 6 151214
2611 55 38434 7 39251
2612 1 89692 8 90273
2613 1 31806 8 32605
2614 1 75283 8 75453
2615 94 96094 7 96850
2616 55 45175 8 45332
2617 34 185929 7 186256
2618 34 186687 7 187340
2619 71 119133 6 119838
2620 39 133365 6 133777
2621 1 55761 7 56278
2622 41 12595 6 13338
2623 47 163492 6 164138
2624 94 137230 7 138050
2625 57 74217 6 74482
2626 91 168149 7 168791
2627 50 73827 5 74783
2628 34 25550 7 26130
2629 76 151244 5 151493
2630 76 12218 6 12969
2631 50 107525 6 107768
2632 50 12811 4 13296
2633 57 170752 6 171673
2634 76 119855 5 120291
2635 94 69222 7 69816
2636 39 124509 6 125436
2637 53 92941 7 93086
2638 41 107539 4 108436
2639 1 85373 6 86297
2640 53 123591 7 124428
2641 80 153606 7 154254
2642 71 59585 5 60467
2643 55 138094 7 138544
2644 39 12981 5 13379
2645 63 12688 7 13443
2646 25 31539 6 32296
2647 47 165137 6 165952
2648 80 147246 7 147965
2649 41 111757 4 112548
2650 1 12839 8 12986
2651 91 97427 7 98018
2652 1 42440 8 43150
2653 53 129984 6 130166
2654 57 80793 7 81646
2655 55 182154 8 182445
2656 39 189843 6 190625
2657 53 145689 7 146511
2658 39 72090 6 72939
2659 71 37090 5 37839
2660 25 145160 6 145927
2661 34 154456 8 154697
2662 76 110607 4 111309
2663 34 161944 6 162207
2664 76 177976 6 178785
2665 1 12986 7 13134
2666 91 187969 7 188782
2667 76 29422 6 30418
2668 39 42920 5 43738
2669 71 26563 6 27011
2670 91 34054 6 34818
2671 94 105964 8 106393
2672 71 44101 5 44299
2673 71 156464 5 156869
2674 57 182554 7 183382
2675 71 45909 6 46409
2676 47 68576 8 69035
2677 80 99578 7 100065
2678 47 102494 8 103373
2679 34 37843 8 38657
2680 39 107189 5 107961
2681 50 37946 6 38705
2682 63 159764 5 160591
2683 41 85071 6 86034
2684 34 161698 8 161944
2685 57 103450 6 103969
2686 91 77789 4 78432
2687 47 156301 7 156873
2688 39 123318 5 123692
2689 47 183774 8 184087
2690 39 163509 6 164415
2691 55 147720 8 148398
2692 94 54623 7 55473
2693 80 79769 6 80445
2694 91 163120 7 163829
2695 55 159834 7 160599
2696 55 13071 5 13729
2697 25 33757 4 34214
2698 57 27132 6 27785
2699 53 164890 6 165191
2700 76 12969 5 13816
2701 71 138977 4 139747
2702 41 30266 5 30556
2703 39 45852 4 46537
2704 71 36132 4 37090
2705 25 116175 5 116404
2706 80 156997 5 157979
2707 47 29748 8 29980
2708 91 156883 7 157157
2709 25 43681 5 44666
2710 91 174871 7 175353
2711 34 123275 7 123819
2712 53 13072 6 13278
2713 71 44299 6 45071
2714 25 91665 5 92540
2715 53 66986 7 67943
2716 55 58897 8 59225
2717 94 106588 8 107061
2718 80 41640 7 42212
2719 47 116095 7 116729
2720 39 159124 5 159380
2721 55 132968 8 133591
2722 34 114746 8 115451
2723 80 190010 7 190817
2724 76 50718 5 51189
2725 57 43591 6 44153
2726 25 96521 6 97267
2727 94 170131 7 170300
2728 71 184288 6 184942
2729 57 87605 6 88237
2730 1 126004 7 126204
2731 63 131610 8 131979
2732 55 46072 7 46982
2733 55 165477 8 166363
2734 50 57815 6 58017
2735 34 136600 6 137062
2736 63 146792 8 146951
2737 25 61768 5 62662
2738 25 136032 6 136988
2739 94 13066 6 13900
2740 34 46836 8 47587
2741 50 95865 5 96394
2742 71 56686 5 57350
2743 57 53323 5 53858
2744 47 13133 8 13728
2745 94 52085 8 52498
2746 91 141234 7 142065
2747 57 13145 7 13792
2748 1 113303 7 114094
2749 53 57593 7 58256
2750 71 184942 6 185503
2751 76 96801 5 97357
2752 57 47925 5 48242
2753 50 123471 6 124125
2754 80 13078 6 13964
2755 1 13134 5 13388
2756 47 109600 4 110452
2757 91 13263 6 14087
2758 25 142558 6 143217
2759 91 69055 6 69498
2760 76 56251 5 57148
2761 55 93098 6 93817
2762 91 72394 6 73015
2763 71 176229 6 176430
2764 34 128791 8 128919
2765 55 97411 8 97673
2766 41 76238 5 77059
2767 57 155624 7 155942
2768 55 175063 8 175560
2769 71 154744 6 155736
2770 47 100117 8 101082
2771 41 117019 6 117442
2772 50 175570 5 176399
2773 47 146033 7 146912
2774 53 13278 6 13533
2775 57 63383 7 63712
2776 57 123884 7 124529
2777 76 74479 4 75143
2778 63 35043 5 36029
2779 50 151492 5 152161
2780 41 37244 6 37847
2781 76 155019 5 155890
2782 63 89304 7 90229
2783 25 139117 6 139946
2784 94 45893 5 46672
2785 39 171006 5 171827
2786 71 13211 6 14130
2787 80 73555 6 73845
2788 71 107737 6 108477
2789 63 117179 7 118067
2790 63 57764 7 58377
2791 47 128870 6 129815
2792 55 32134 8 32851
2793 50 13296 6 14121
2794 47 169288 8 169724
2795 47 167644 8 167788
2796 53 38840 5 39196
2797 71 72101 5 72977
2798 1 133485 4 134259
2799 1 90273 7 90524
2800 55 37214 7 37627
2801 34 101070 6 101296
2802 41 13338 6 13682
2803 47 55938 8 56850
2804 55 114392 7 115157
2805 53 126127 6 126793
2806 25 121009 5 121985
2807 94 44912 6 45893
2808 63 136773 6 137562
2809 1 13388 7 13958
2810 47 74971 7 75957
2811 57 131053 7 131432
2812 34 13446 8 14434
2813 94 51372 8 52085
2814 53 72703 6 73187
2815 91 38334 6 38938
2816 39 185876 6 186860
2817 91 133229 7 134021
2818 25 134896 6 135216
2819 25 107567 5 108036
2820 47 186963 8 187540
2821 80 185399 7 186307
2822 34 30418 6 31134
2823 1 130671 8 131487
2824 50 144532 4 144729
2825 71 138466 6 138977
2826 76 62324 6 62962
2827 25 181743 6 182186
2828 34 190863 8 191417
2829 57 119478 6 120178
2830 94 101944 8 102507
2831 47 90823 7 91536
2832 53 188133 5 188896
2833 50 168110 5 168750
2834 76 86425 5 87242
2835 57 103969 7 104897
2836 25 13308 6 14025
2837 34 147154 7 148147
2838 39 116003 6 116154
2839 25 113783 6 114773
2840 57 38237 7 39205
2841 63 13443 7 13832
2842 71 98101 6 98632
2843 57 50468 6 51164
2844 1 129685 8 129989
2845 94 89891 8 90701
2846 1 173108 7 174029
2847 91 53607 7 54058
2848 34 32054 5 32379
2849 94 86838 7 87369
2850 25 56756 6 57049
2851 39 13379 6 14231
2852 94 73510 6 73637
2853 80 52319 7 52802
2854 91 190117 4 190940
2855 80 172401 7 172982
2856 41 89540 6 90249
2857 80 29119 7 29320
2858 94 72061 7 72802
2859 34 173052 8 173587
2860 57 53858 6 54394
2861 25 52458 6 53376
2862 53 13533 7 14370
2863 63 151042 7 151776
2864 94 56059 8 56805
2865 94 75780 6 76519
2866 47 13728 7 14568
2867 47 31392 5 31764
2868 41 13682 5 14423
2869 39 133777 5 133926
2870 25 125264 4 126038
2871 39 72939 4 73644
2872 25 75977 6 76767
2873 55 13729 6 14559
2874 71 66148 6 66583
2875 53 101799 7 102290
2876 39 165221 5 165846
2877 63 13832 7 14717
2878 94 168088 7 168258
2879 34 14434 8 15309
2880 91 142065 7 142521
2881 91 63979 6 64772
2882 34 159562 7 160520
2883 34 160520 8 160828
2884 57 85017 6 85809
2885 71 77053 5 77977
2886 76 45184 6 45655
2887 80 155443 6 156271
2888 94 13900 8 14594
2889 39 89006 6 89596
2890 34 118827 8 119547
2891 25 179181 6 180032
2892 53 135570 7 136163
2893 1 126204 8 127193
2894 25 14025 6 14315
2895 91 14087 6 14803
2896 50 80183 5 81100
2897 53 122795 6 123591
2898 63 45758 5 46608
2899 1 74780 7 75283
2900 41 101225 6 101936
2901 94 26585 7 27425
2902 34 40889 8 41748
2903 1 48211 8 48813
2904 80 75331 7 75911
2905 57 116259 6 116983
2906 91 60368 6 60671
2907 76 108735 6 109578
2908 50 46739 5 47523
2909 71 38730 6 39617
2910 1 58417 5 58572
2911 80 53474 7 53708
2912 25 152051 6 152617
2913 47 158635 7 159526
2914 76 113801 6 114103
2915 71 142221 6 142833
2916 34 120422 7 121323
2917 50 118092 4 118435
2918 71 182950 6 183809
2919 25 74249 4 74848
2920 71 126019 5 126806
2921 57 13792 5 14772
2922 1 13958 8 14872
2923 57 99155 6 99388
2924 94 104275 6 105068
2925 39 161837 6 162827
2926 50 14121 6 15118
2927 63 113120 7 114096
2928 50 58017 5 58885
2929 50 111898 5 112887
2930 94 73637 7 74040
2931 94 61695 7 62372
2932 94 77536 7 78209
2933 53 131062 7 131439
2934 91 107122 5 107889
2935 57 184657 7 185395
2936 55 153055 8 153999
2937 50 131012 6 131335
2938 39 112140 5 113072
2939 41 128998 6 129828
2940 39 189141 6 189843
2941 76 61358 6 61586
2942 41 14423 6 15161
2943 39 97756 6 98546
2944 76 33744 5 34479
2945 57 70733 7 71681
2946 63 114096 8 115012
2947 1 25937 8 26249
2948 80 26733 7 27518
2949 94 115274 7 116080
2950 55 14559 8 15392
2951 57 127487 5 128239
2952 53 45585 6 46117
2953 1 164710 8 165467
2954 80 13964 7 14954
2955 91 70251 6 70653
2956 57 176297 6 177059
2957 55 86883 8 87764
2958 76 37284 5 37514
2959 71 149793 5 150478
2960 1 112455 8 113303
2961 80 124413 7 124851
2962 47 111710 5 112173
2963 53 183952 7 184692
2964 34 98156 7 98929
2965 25 175387 6 176373
2966 53 14370 7 14892
2967 94 186040 8 186477
2968 55 158592 8 159215
2969 25 174413 6 174670
2970 53 141947 7 142435
2971 55 92345 7 93098
2972 55 28846 7 29523
2973 94 40731 5 41463
2974 34 116070 7 116718
2975 57 178087 7 178693
2976 55 102088 4 102601
2977 1 181931 7 182703
2978 80 146462 5 146692
2979 55 160599 8 161341
2980 76 13816 5 14450
2981 50 180986 6 181792
2982 25 28279 5 28577
2983 53 186471 7 186760
2984 71 94675 5 95085
2985 71 62355 6 63282
2986 47 44760 6 45008
2987 53 29196 7 29934
2988 41 50039 4 50345
2989 94 111711 6 112521
2990 1 49548 7 49778
2991 53 48687 6 49177
2992 25 46395 5 46875
2993 55 139351 7 140324
2994 76 183516 6 184343
2995 39 127652 5 128253
2996 63 92263 8 92940
2997 1 53495 8 54253
2998 53 158381 7 159179
2999 47 14568 7 14874
3000 53 69567 7 69963
3001 39 39129 5 39831
3002 71 179652 6 179892
3003 55 133591 7 134565
3004 57 98978 6 99155
3005 63 51139 7 51646
3006 53 170343 7 170940
3007 53 55275 7 55851
3008 80 177854 7 178524
3009 76 39124 5 39381
3010 41 77208 4 77785
3011 1 88984 8 89692
3012 34 125254 8 125883
3013 47 38683 8 39265
3014 94 176439 8 177254
3015 39 80927 5 81737
3016 55 150802 8 151028
3017 76 171631 6 172377
3018 91 50285 6 51056
3019 91 149572 7 150467
3020 71 14130 6 14995
3021 80 58276 7 59235
3022 47 64780 8 64903
3023 1 188607 7 189456
3024 41 180987 6 181533
3025 50 113951 6 114636
3026 1 124993 8 125492
3027 91 14803 7 15515
3028 57 177059 6 177788
3029 80 136879 7 137633
3030 94 14594 8 14997
3031 94 155540 6 155733
3032 71 41593 5 42538
3033 25 152617 6 153553
3034 91 116519 7 116831
3035 53 14892 6 15800
3036 94 189965 7 190880
3037 25 184480 6 185060
3038 55 107579 7 107971
3039 47 40485 6 41397
3040 76 65913 6 66826
3041 39 14231 6 15019
3042 94 47716 7 48285
3043 57 142135 7 143037
3044 91 126629 7 126921
3045 55 123351 7 123615
3046 39 155601 5 156406
3047 50 93649 6 93903
3048 76 103411 5 104383
3049 63 64486 6 65263
3050 50 45796 5 46739
3051 63 14717 8 14914
3052 47 147591 8 148417
3053 94 84956 8 85800
3054 1 14872 8 15818
3055 80 160984 7 161319
3056 25 46875 4 47803
3057 34 52245 6 52769
3058 57 105657 7 106026
3059 94 145410 8 145686
3060 25 160873 5 161579
3061 57 97638 7 98039
3062 25 14315 5 14500
3063 91 117407 7 118405
3064 94 85800 6 86573
3065 76 139950 5 140285
3066 55 176812 7 177177
3067 76 14450 6 14640
3068 57 14772 7 15097
3069 1 65204 5 66082
3070 63 64290 7 64486
3071 47 14874 7 15604
3072 76 116679 6 117478
3073 41 90696 6 91446
3074 39 34549 6 35001
3075 47 87734 7 88655
3076 63 186293 7 187292
3077 25 114773 6 115347
3078 94 112521 7 112722
3079 91 128797 7 129492
3080 76 92568 6 92970
3081 25 27695 6 27907
3082 1 58182 7 58417
3083 80 36037 7 36773
3084 94 174148 7 174549
3085 91 181778 7 181965
3086 94 14997 7 15940
3087 25 14500 6 15378
3088 63 14914 7 15424
3089 80 139559 6 140201
3090 34 15309 6 16169
3091 53 108273 7 109022
3092 76 138278 5 138431
3093 41 48132 6 49089
3094 47 135346 7 136071
3095 47 48105 7 48854
3096 76 14640 5 15471
3097 80 14954 7 15315
3098 76 136873 6 137357
3099 71 14995 4 15572
3100 53 112172 7 112515
3101 71 168602 5 169420
3102 39 158554 6 159124
3103 94 184405 7 184928
3104 63 101803 7 102777
3105 39 15019 6 15992
3106 50 33226 6 33794
3107 47 120921 8 121675
3108 25 98054 6 98873
3109 91 89827 7 90009
3110 80 113257 7 113956
3111 25 55360 6 56131
3112 1 25427 8 25937
3113 50 91763 6 91941
3114 39 58113 6 58328
3115 34 144271 6 144854
3116 39 40379 6 41355
3117 39 31120 6 31932
3118 47 30575 7 31392
3119 57 15097 6 15548
3120 47 42989 7 43303
3121 63 160591 8 160839
3122 25 133254 5 133522
3123 80 67604 7 68556
3124 55 15392 7 16019
3125 91 27104 7 27380
3126 94 179560 7 180466
3127 50 183568 5 184486
3128 94 107795 8 108534
3129 25 86597 6 87278
3130 55 42960 7 43441
3131 94 125964 7 126508
3132 50 15118 6 15876
3133 63 40390 8 41235
3134 63 122343 8 123231
3135 41 165165 6 165778
3136 55 124190 7 125104
3137 41 121822 6 122047
3138 57 130242 7 130447
3139 34 68649 6 69057
3140 80 61931 7 62451
3141 47 63130 7 63672
3142 91 179939 7 180078
3143 94 168774 7 169234
3144 41 162301 6 162663
3145 91 139962 7 140839
3146 76 79190 5 79991
3147 76 101383 6 101794
3148 76 77357 5 77498
3149 34 31134 8 32054
3150 53 56608 7 57381
3151 80 151432 5 152061
3152 63 15424 8 16331
3153 91 45936 6 46468
3154 57 39897 6 40298
3155 80 187363 7 187894
3156 41 79385 5 79617
3157 63 65263 7 65898
3158 91 97298 5 97427
3159 71 132157 5 132998
3160 34 153490 6 154456
3161 1 189456 7 189759
3162 47 144351 8 144711
3163 41 15161 5 15891
3164 91 170504 5 170820
3165 41 81832 6 82777
3166 25 15378 6 15669
3167 34 166803 8 167438
3168 80 158794 7 159198
3169 57 161463 7 162203
3170 1 122007 8 122767
3171 71 186430 6 187423
3172 71 81691 5 82527
3173 91 15515 6 16257
3174 80 110565 7 111406
3175 71 39617 6 39974
3176 63 104531 8 105431
3177 50 69951 6 70517
3178 47 106929 7 107343
3179 47 15604 6 16443
3180 94 38146 6 38697
3181 94 161021 7 161584
3182 1 163413 7 164280
3183 94 87369 8 87655
3184 80 15315 7 16270
3185 57 44153 5 44356
3186 39 108582 6 109368
3187 41 160048 5 160557
3188 94 129224 8 129371
3189 57 15548 7 16336
3190 39 82625 6 83354
3191 25 168999 6 169834
3192 55 94524 4 95315
3193 25 168150 6 168999
3194 76 77498 5 78035
3195 1 154770 8 155510
3196 34 66632 8 67308
3197 50 178228 6 178948
3198 34 99419 8 100219
3199 57 141505 7 142135
3200 57 175010 7 175560
3201 25 118458 6 119344
3202 1 92727 8 93577
3203 63 42565 7 42857
3204 63 79959 7 80767
3205 39 25253 5 25731
3206 76 15471 5 16313
3207 55 24655 7 25068
3208 76 185288 6 185414
3209 76 26845 6 27661
3210 50 34638 6 34856
3211 91 180078 7 180929
3212 76 185414 5 186251
3213 39 84080 5 84272
3214 76 79991 6 80278
3215 94 178161 7 178916
3216 80 95804 7 96109
3217 57 128735 7 129470
3218 25 149217 4 150000
3219 71 15572 5 16232
3220 91 182733 6 183390
3221 1 73391 7 73965
3222 55 57372 7 58134
3223 71 189667 4 189880
3224 34 110113 6 110502
3225 91 98834 7 99319
3226 25 28577 6 28747
3227 39 56587 6 57331
3228 91 65403 7 65786
3229 34 154697 8 155538
3230 76 83682 6 84673
3231 25 15669 6 16508
3232 55 164337 5 164749
3233 34 89327 8 89912
3234 50 62631 5 63488
3235 50 153962 5 154637
3236 71 151960 6 152868
3237 25 86423 6 86597
3238 55 58576 7 58897
3239 41 132061 6 132401
3240 47 93559 8 94403
3241 53 87096 4 87571
3242 53 15800 5 16755
3243 1 15818 7 16215
3244 50 15876 5 16657
3245 1 143102 4 143661
3246 80 88109 7 88943
3247 94 72802 8 73510
3248 1 30842 8 31806
3249 1 172386 8 173108
3250 41 52506 5 53145
3251 34 185165 5 185929
3252 1 136389 5 136943
3253 91 154667 7 155606
3254 91 183390 7 183958
3255 94 15940 8 16844
3256 41 146189 4 147011
3257 41 15891 6 16662
3258 94 183032 8 184018
3259 57 116983 5 117813
3260 39 15992 5 16575
3261 80 108817 6 109389
3262 53 106914 7 107746
3263 41 124075 5 124982
3264 76 143888 6 144652
3265 71 79834 6 80647
3266 94 49885 6 50852
3267 25 45398 6 46395
3268 71 43588 6 44101
3269 80 169140 6 169959
3270 71 149194 6 149793
3271 55 105852 7 106668
3272 76 100234 5 100828
3273 71 144395 5 145209
3274 25 99260 6 100053
3275 41 49089 6 50039
3276 53 36985 5 37359
3277 55 16019 5 16145
3278 55 16145 6 17008
3279 47 41539 5 41708
3280 34 83254 8 84210
3281 80 146692 6 147246
3282 91 16257 7 16868
3283 34 16169 7 16453
3284 63 168122 7 168824
3285 1 16215 6 16951
3286 71 104339 6 105102
3287 63 16331 8 17132
3288 1 166915 8 167289
3289 80 33039 6 33815
3290 71 16232 6 17046
3291 53 125270 7 126127
3292 53 37500 7 38084
3293 50 32355 6 33226
3294 50 107267 5 107525
3295 91 99319 7 99705
3296 1 86297 7 86513
3297 50 142316 5 143205
3298 39 41355 5 42136
3299 91 112934 5 113782
3300 50 161719 5 162468
3301 71 178290 4 178869
3302 47 104161 8 104843
3303 55 66764 8 67549
3304 76 91533 6 92119
3305 1 190639 8 191588
3306 94 93718 7 93887
3307 25 83029 5 83398
3308 94 39706 7 39827
3309 76 189687 5 190563
3310 34 32379 7 32709
3311 94 173412 8 174148
3312 57 16336 7 16788
3313 55 59225 7 59494
3314 91 158340 7 159098
3315 80 16270 6 16883
3316 39 152199 6 152950
3317 94 49110 8 49885
3318 91 128372 6 128797
3319 47 168564 6 169288
3320 94 33359 7 34052
3321 50 106494 6 107267
3322 53 107746 7 108273
3323 53 133211 7 133843
3324 50 182689 5 183568
3325 53 73861 5 74662
3326 47 16443 5 17121
3327 47 57593 5 58515
3328 39 182962 6 183886
3329 71 178869 5 179652
3330 57 16788 7 17098
3331 1 51215 7 51944
3332 41 26926 6 27572
3333 76 16313 6 17106
3334 55 51303 5 51534
3335 71 93476 5 93876
3336 71 97672 5 98101
3337 41 115254 5 116230
3338 63 67625 8 68322
3339 57 74953 7 75305
3340 50 27120 6 27923
3341 25 72928 6 73569
3342 55 173115 7 174027
3343 57 59118 6 59966
3344 34 190441 8 190863
3345 50 70517 5 70909
3346 53 173800 7 174675
3347 41 30556 5 31272
3348 53 83589 7 84304
3349 39 97072 5 97756
3350 34 189401 8 189900
3351 34 16453 7 16799
3352 53 74662 7 74970
3353 94 125054 8 125445
3354 94 16844 8 17587
3355 47 82843 8 83595
3356 91 81284 7 82048
3357 53 52419 7 52811
3358 53 185867 7 186471
3359 1 104002 7 104772
3360 41 108436 6 109361
3361 47 179078 7 179823
3362 63 27571 7 28414
3363 34 16799 8 17311
3364 71 145799 5 146719
3365 25 16508 6 16924
3366 57 106026 5 106477
3367 53 16755 7 17427
3368 53 167195 5 168027
3369 53 26922 5 27240
3370 94 151214 6 151938
3371 57 29304 7 30027
3372 91 16868 7 17316
3373 50 108406 6 109236
3374 53 25358 6 26206
3375 25 71088 6 71827
3376 25 167575 6 168150
3377 47 107343 7 108213
3378 53 127877 7 128814
3379 55 17008 8 17767
3380 41 16662 6 17455
3381 50 164210 5 164401
3382 76 70716 6 71106
3383 50 29272 6 29868
3384 25 27154 5 27695
3385 25 84924 4 85876
3386 53 30910 7 31667
3387 53 93086 6 93322
3388 25 151218 6 151683
3389 39 151252 6 151384
3390 25 163291 6 163932
3391 50 36015 5 36437
3392 25 138474 6 139117
3393 50 122969 4 123298
3394 50 81648 5 82356
3395 57 136451 7 137184
3396 50 114783 5 115523
3397 34 142564 6 143515
3398 80 98685 7 99419
3399 1 16951 8 17877
3400 34 121512 7 122280
3401 50 129846 5 130692
3402 47 177518 8 178139
3403 57 130447 4 131053
3404 47 17121 7 17620
3405 50 16657 5 17188
3406 41 187184 6 187885
3407 53 179250 7 179827
3408 34 17311 6 17754
3409 80 106334 7 107019
3410 1 162698 8 163413
3411 63 102777 6 103043
3412 71 140493 6 140802
3413 47 174054 4 174791
3414 1 111647 5 112455
3415 50 169484 6 170031
3416 91 57445 5 58259
3417 71 117424 5 118322
3418 39 90202 5 90804
3419 53 51575 7 52419
3420 57 69911 6 70170
3421 91 186903 6 187292
3422 91 27380 6 28236
3423 94 17587 8 17785
3424 50 125024 5 126005
3425 63 130689 7 131610
3426 71 75465 6 75906
3427 39 156641 6 157372
3428 76 105467 6 106294
3429 34 187676 7 188650
3430 80 16883 7 17101
3431 1 75453 5 75663
3432 91 166445 7 167000
3433 41 116230 6 117019
3434 34 155538 7 156301
3435 47 71643 8 72261
3436 25 115347 6 116175
3437 76 174522 6 175291
3438 50 105649 6 106494
3439 55 163441 8 163767
3440 91 32484 7 32613
3441 94 89253 8 89727
3442 53 115967 6 116903
3443 50 49888 5 50697
3444 55 121293 7 121662
3445 47 44034 8 44760
3446 53 17427 7 18160
3447 80 114201 7 114970
3448 91 167852 6 168149
3449 50 97008 6 97413
3450 71 160494 5 161358
3451 80 141112 7 141286
3452 80 152061 7 153044
3453 39 16575 5 17505
3454 57 88595 6 88792
3455 39 95384 5 96224
3456 25 106827 6 107567
3457 94 139845 7 140717
3458 76 122677 6 123612
3459 55 79319 7 79563
3460 57 180332 4 181148
3461 50 17188 5 18047
3462 25 16924 6 17764
3463 91 70653 7 71561
3464 57 17098 7 18015
3465 57 138464 5 139021
3466 63 175747 7 176475
3467 71 17046 6 17794
3468 53 172814 7 172950
3469 39 25105 6 25253
3470 71 148831 6 149194
3471 63 112174 7 112637
3472 91 17316 7 18058
3473 50 35186 5 36015
3474 71 37839 6 38730
3475 91 84007 6 84714
3476 55 126216 8 126356
3477 53 68451 7 68763
3478 41 29631 6 30266
3479 55 80340 6 81325
3480 71 40687 5 41593
3481 80 17101 6 17993
3482 34 17754 7 18406
3483 91 41093 6 41448
3484 55 125104 7 125813
3485 63 26666 7 27571
3486 80 129703 5 130309
3487 25 53578 5 53974
3488 80 83740 5 84054
3489 34 123819 7 124440
3490 55 97673 7 97908
3491 1 54253 8 54974
3492 1 33121 7 33921
3493 41 102950 5 103537
3494 53 146511 7 146726
3495 47 17620 7 18349
3496 41 27572 5 27743
3497 55 104625 7 105012
3498 47 59238 8 60106
3499 25 154582 6 155206
3500 71 183809 5 184063
3501 50 64689 4 65680
3502 53 186760 6 187442
3503 55 107971 8 108531
3504 1 86820 8 87324
3505 50 156737 6 156923
3506 39 143518 6 144006
3507 25 17764 6 18123
3508 39 85081 6 86080
3509 71 48299 6 48620
3510 1 52757 7 53495
3511 63 100903 7 101201
3512 50 156923 5 157504
3513 71 123748 6 124534
3514 91 43606 7 44566
3515 1 169421 8 170138
3516 50 188291 6 189071
3517 76 164058 6 164651
3518 50 78329 6 79123
3519 34 50544 5 51271
3520 50 87196 5 87688
3521 91 47918 7 48774
3522 63 100374 6 100903
3523 57 82963 7 83273
3524 80 103910 7 104066
3525 53 24956 7 25358
3526 71 66706 6 67175
3527 76 90694 6 91533
3528 53 50070 6 50622
3529 91 60671 7 60950
3530 55 17767 8 18266
3531 76 114103 4 114875
3532 76 71771 5 72601
3533 39 96224 6 96824
3534 63 176475 8 176887
3535 50 52321 6 52767
3536 57 96041 7 96672
3537 47 72843 8 73535
3538 25 18123 5 18890
3539 57 181148 7 182012
3540 55 48472 6 48673
3541 34 60725 7 61506
3542 41 109361 6 109955
3543 34 163877 7 164293
3544 57 65537 7 66291
3545 94 101211 8 101944
3546 25 183901 6 184299
3547 94 17785 7 18640
3548 41 17455 6 17684
3549 25 185060 6 185789
3550 91 44705 6 45551
3551 55 67549 7 68245
3552 39 17505 5 18230
3553 47 74105 5 74634
3554 55 69209 7 69955
3555 47 178139 8 179078
3556 1 171351 4 172120
3557 80 163440 4 164271
3558 63 73154 8 73972
3559 80 175115 5 175531
3560 39 104577 6 105533
3561 57 109290 7 109453
3562 76 89023 6 89862
3563 80 177077 7 177854
3564 80 116455 7 116858
3565 63 73972 8 74310
3566 1 17877 7 18421
3567 34 143515 7 144271
3568 41 17684 6 18408
3569 80 76310 6 76513
3570 53 163906 7 164733
3571 63 25118 7 25756
3572 53 139417 7 140207
3573 53 96468 7 97231
3574 63 17132 8 17720
3575 94 92869 8 93718
3576 71 162771 5 163592
3577 41 133266 4 134126
3578 76 175291 6 175566
3579 47 80723 7 81506
3580 25 145927 6 146870
3581 41 114243 4 114446
3582 1 185375 8 186360
3583 76 57988 5 58944
3584 80 71573 7 72565
3585 76 139112 5 139950
3586 25 180032 6 180803
3587 63 190504 7 191264
3588 63 106719 7 107582
3589 80 137979 6 138718
3590 76 151709 5 152350
3591 41 86793 6 87487
3592 91 55683 6 56501
3593 25 41271 6 41492
3594 1 159659 8 160559
3595 91 95083 7 95948
3596 63 17720 8 18539
3597 80 40334 7 40648
3598 57 152246 7 152959
3599 94 59647 8 60096
3600 63 86225 7 87148
3601 80 172982 7 173123
3602 50 101428 6 102268
3603 47 102184 8 102494
3604 55 169869 6 170537
3605 47 125358 8 125813
3606 76 99453 5 100234
3607 50 159912 6 160892
3608 80 17993 7 18976
3609 25 148504 6 149217
3610 91 18058 6 18835
3611 53 18160 7 18386
3612 53 41687 7 42449
3613 34 112377 6 113184
3614 53 136373 7 137079
3615 25 119557 5 119821
3616 80 94119 7 94709
3617 34 78470 7 78999
3618 76 17106 6 17654
3619 76 163811 6 164058
3620 55 18266 7 18408
3621 76 17654 6 17976
3622 50 97948 6 98682
3623 80 167554 7 168146
3624 47 170693 8 171663
3625 1 119910 7 120666
3626 80 29320 5 30174
3627 50 158588 6 158842
3628 71 78799 5 79552
3629 57 56231 4 57145
3630 39 125436 6 126205
3631 80 32271 7 33039
3632 80 25089 6 25553
3633 63 49816 7 50397
3634 80 109612 7 110565
3635 91 45551 5 45936
3636 63 158928 6 159329
3637 57 18015 7 18786
3638 53 90037 7 90620
3639 50 89990 6 90839
3640 55 93966 7 94524
3641 71 17794 5 18559
3642 25 88461 4 89058
3643 57 171880 7 172831
3644 57 154042 6 154804
3645 63 55458 7 56178
3646 50 110854 5 111134
3647 80 54630 5 55619
3648 25 65670 5 66413
3649 47 92971 8 93559
3650 39 88162 5 89006
3651 41 160811 5 161525
3652 91 152175 7 152483
3653 47 31764 7 32532
3654 47 115303 8 116095
3655 94 174954 8 175549
3656 50 178948 5 179795
3657 53 146726 7 147493
3658 39 73644 5 74600
3659 25 53376 6 53578
3660 34 42365 7 42814
3661 39 145349 6 146281
3662 41 92896 6 93823
3663 53 190545 7 191509
3664 94 35797 7 36078
3665 71 171788 5 172563
3666 47 126435 7 127290
3667 76 144652 6 145093
3668 47 54463 7 55382
3669 41 130234 5 130790
3670 34 121323 8 121512
3671 34 188650 8 189401
3672 71 100305 6 101129
3673 50 18047 6 18839
3674 53 18386 5 19357
3675 80 85768 6 86763
3676 34 46041 6 46583
3677 57 120178 7 121171
3678 53 122232 7 122795
3679 55 18408 6 18560
3680 41 84229 6 84816
3681 57 146275 6 147249
3682 94 79144 7 79964
3683 94 97583 8 98496
3684 53 27240 7 28018
3685 39 133926 6 134456
3686 71 79552 5 79834
3687 57 157674 7 158086
3688 80 175531 6 176030
3689 55 64226 7 64761
3690 53 87939 7 88177
3691 25 153553 6 153742
3692 91 174074 7 174871
3693 50 124319 6 125024
3694 34 141477 6 141741
3695 76 17976 6 18733
3696 25 161579 5 161940
3697 55 56913 7 57084
3698 71 27953 6 28370
3699 76 156872 6 157244
3700 47 18349 8 18714
3701 39 64585 5 64936
3702 34 93795 8 94286
3703 41 44710 5 45249
3704 34 152704 8 153490
3705 41 65238 5 66075
3706 34 18406 7 19397
3707 55 137504 8 138094
3708 34 176680 5 177655
3709 57 68626 7 68837
3710 76 146748 6 147452
3711 53 66456 6 66986
3712 50 105223 5 105649
3713 71 116835 6 117424
3714 50 148777 6 149760
3715 55 144022 8 144157
3716 55 18560 7 19069
3717 55 134565 8 135428
3718 25 73569 5 74249
3719 76 112135 6 112672
3720 76 168320 6 168907
3721 80 119892 7 120651
3722 91 38938 5 39117
3723 34 184467 8 184793
3724 94 71902 7 72061
3725 34 184063 8 184467
3726 34 29682 8 30418
3727 94 163313 7 163976
3728 50 159327 6 159689
3729 34 179382 5 179918
3730 1 18421 7 19192
3731 39 136021 5 136538
3732 94 65807 8 66731
3733 1 81301 7 81561
3734 80 69106 7 69493
3735 50 25491 6 26144
3736 41 47325 6 48132
3737 55 156218 8 156647
3738 80 131998 6 132963
3739 80 180908 7 181331
3740 41 153209 6 154003
3741 57 172831 7 173579
3742 34 146367 8 147154
3743 25 37715 6 38491
3744 76 95274 5 95633
3745 91 70094 6 70251
3746 1 81561 7 82266
3747 63 71824 6 72492
3748 76 175566 5 176470
3749 47 106666 8 106929
3750 47 167788 8 168564
3751 47 179823 7 180755
3752 50 155622 5 155947
3753 34 187340 8 187676
3754 41 81353 6 81832
3755 47 127290 8 128049
3756 41 157858 6 158477
3757 71 33115 6 33911
3758 94 74261 4 75107
3759 63 126386 7 127117
3760 47 45008 4 45705
3761 94 30105 8 30937
3762 94 18640 8 19314
3763 41 18408 6 19183
3764 41 70553 5 71072
3765 50 126319 6 126680
3766 41 147399 6 148308
3767 41 61201 5 62046
3768 71 173369 5 173508
3769 71 140802 6 141582
3770 91 39826 6 40034
3771 55 117446 7 118175
3772 41 112548 5 112934
3773 80 99419 5 99578
3774 55 62172 8 62903
3775 41 144290 5 144866
3776 57 77516 7 78270
3777 39 184743 6 185121
3778 80 91179 7 92139
3779 39 18230 6 18380
3780 76 75143 6 75999
3781 41 172611 6 173384
3782 91 179187 7 179939
3783 39 171827 4 171998
3784 55 36154 8 36330
3785 39 37535 5 38252
3786 80 102067 7 102357
3787 63 100040 7 100374
3788 91 114702 7 115521
3789 47 128049 8 128430
3790 71 84391 6 85369
3791 55 151783 8 152495
3792 55 168872 8 169869
3793 47 18714 8 19289
3794 34 85497 8 86326
3795 71 95085 5 96033
3796 80 28293 6 28972
3797 39 180544 6 181535
3798 1 162558 7 162698
3799 63 109716 7 110410
3800 80 124198 7 124413
3801 39 18380 5 18993
3802 55 19069 8 19722
3803 71 139747 6 140493
3804 55 90759 8 91363
3805 47 118327 8 119025
3806 41 167675 6 168247
3807 57 45666 7 46333
3808 63 159329 7 159764
3809 39 83354 5 84080
3810 1 164280 8 164710
3811 91 51974 7 52763
3812 57 152959 7 153635
3813 1 66082 8 66301
3814 91 77553 6 77789
3815 91 18835 5 19542
3816 25 58069 6 59056
3817 76 25583 6 26412
3818 53 94241 7 94815
3819 55 63493 8 64226
3820 63 144796 7 145256
3821 47 86428 7 86640
3822 39 36188 6 36457
3823 76 121760 6 122677
3824 63 18539 8 19425
3825 34 48284 6 48559
3826 76 161220 5 161373
3827 50 18839 6 19316
3828 94 65442 7 65807
3829 76 135104 5 135301
3830 1 19192 8 19902
3831 71 85753 6 86280
3832 94 106393 8 106588
3833 76 31242 5 32060
3834 71 18559 5 19362
3835 47 152857 8 153099
3836 91 142521 5 143209
3837 94 162364 6 163044
3838 63 70069 8 70454
3839 91 150718 6 151675
3840 34 34624 7 35471
3841 1 24635 7 25427
3842 76 41775 6 42417
3843 47 140606 8 141365
3844 71 105102 6 105520
3845 39 178205 6 178479
3846 1 131487 8 131846
3847 71 184063 4 184288
3848 94 170300 8 170497
3849 71 99532 6 99947
3850 57 183382 7 184060
3851 41 54935 6 55770
3852 53 19357 7 19690
3853 76 62962 6 63913
3854 41 154003 6 154754
3855 41 45249 5 46018
3856 71 60467 5 61372
3857 76 18733 6 19029
3858 41 149213 6 150202
3859 50 152729 6 153031
3860 57 18786 5 19672
3861 55 125813 6 126216
3862 80 18976 7 19234
3863 63 32939 7 33708
3864 76 131606 4 132012
3865 80 66789 6 67604
3866 25 185789 6 186340
3867 53 97642 6 97805
3868 94 149016 7 149728
3869 34 68495 8 68649
3870 50 127582 6 128097
3871 76 93574 4 94199
3872 25 60982 6 61768
3873 57 129470 6 130242
3874 63 80767 7 81486
3875 25 104246 5 105094
3876 47 61596 8 61739
3877 47 19289 8 20009
3878 25 18890 6 19552
3879 34 32709 4 33669
3880 39 18993 6 19584
3881 41 152432 4 153209
3882 94 19314 8 20294
3883 76 123612 6 124331
3884 41 122047 6 122766
3885 80 49851 7 50200
3886 1 177302 8 178144
3887 53 180425 7 180806
3888 71 54809 6 55624
3889 34 164293 8 164418
3890 94 110520 6 110866
3891 71 57684 6 58040
3892 55 100704 8 100924
3893 25 157584 5 158119
3894 41 19183 6 19953
3895 25 94836 5 95625
3896 76 19029 5 19898
3897 55 54509 8 54716
3898 57 47320 7 47790
3899 50 19316 5 19950
3900 71 66583 5 66706
3901 47 149497 8 149952
3902 57 66291 7 66476
3903 25 155912 6 156672
3904 34 78999 8 79732
3905 25 69129 6 69296
3906 94 184018 8 184405
3907 53 182746 7 183704
3908 39 38252 4 39129
3909 63 93998 8 94293
3910 71 86427 5 87080
3911 55 115959 6 116890
3912 94 103463 7 104275
3913 55 162766 5 163095
3914 63 39568 6 40157
3915 39 135223 6 135681
3916 57 153635 7 154042
3917 71 115626 5 115943
3918 41 186516 6 187184
3919 53 33531 7 34324
3920 50 93903 6 94793
3921 41 177898 5 178780
3922 34 19397 7 20096
3923 47 82370 8 82843
3924 63 19425 8 20226
3925 76 135971 6 136873
3926 41 189019 6 189652
3927 47 46561 7 47280
3928 94 141989 8 142789
3929 57 93690 7 94266
3930 57 71681 7 72120
3931 71 24957 5 25785
3932 71 29348 6 30045
3933 63 92940 7 93427
3934 63 38966 8 39568
3935 34 140738 7 141477
3936 53 19690 7 20495
3937 80 19234 7 19388
3938 39 140733 6 141320
3939 1 45999 7 46916
3940 25 82374 6 83029
3941 1 100726 7 101081
3942 41 148308 5 149213
3943 53 152930 7 153731
3944 34 100219 8 101070
3945 55 19722 8 20384
3946 55 99206 8 99473
3947 57 173579 7 174280
3948 71 19362 6 20317
3949 34 182579 8 183069
3950 41 171314 6 171998
3951 53 79411 7 79610
3952 63 87724 7 88542
3953 41 160557 6 160811
3954 41 106497 6 107323
3955 50 132802 6 133739
3956 53 168027 5 168852
3957 55 175560 7 176114
3958 47 64903 7 65885
3959 57 35635 7 36477
3960 1 109450 8 109637
3961 53 149319 6 149616
3962 76 60859 6 61358
3963 39 54904 6 55619
3964 80 48183 6 48887
3965 80 40648 5 41208
3966 47 63672 8 64155
3967 50 24729 6 25491
3968 47 143534 8 144351
3969 94 145686 8 146393
3970 80 19388 6 19657
3971 76 163321 6 163811
3972 91 19542 5 19685
3973 47 91536 7 92102
3974 47 163247 8 163492
3975 25 171810 6 172362
3976 1 124497 8 124993
3977 55 85729 6 86024
3978 47 73535 6 74105
3979 53 26206 7 26922
3980 57 19672 7 20417
3981 50 162468 5 163210
3982 41 25609 6 26066
3983 53 153731 7 154422
3984 25 19552 6 20160
3985 80 19657 7 20001
3986 1 36866 6 37338
3987 39 68447 6 69151
3988 50 131335 6 132232
3989 25 66779 6 67605
3990 50 144729 5 145479
3991 47 60701 6 61596
3992 76 145093 6 145535
3993 34 92144 7 93125
3994 41 58651 6 59119
3995 25 189036 6 189248
3996 91 101069 5 101792
3997 91 115995 7 116122
3998 80 140201 7 141112
3999 57 174280 7 174847
4000 53 137818 7 138743
4001 41 189652 6 189887
4002 53 95308 7 95644
4003 50 100100 6 101009
4004 34 168247 4 168695
4005 39 19584 6 20417
4006 91 19685 7 20548
4007 55 138544 8 139351
4008 50 19950 5 20742
4009 47 76954 8 77608
4010 57 44356 7 44668
4011 94 31706 8 32434
4012 50 81100 6 81648
4013 91 103957 6 104634
4014 25 174670 6 175387
4015 39 136538 6 136711
4016 39 75408 6 75878
4017 1 77487 8 78131
4018 47 108213 7 108803
4019 71 182512 4 182950
4020 53 114125 7 114618
4021 41 118119 4 118669
4022 53 178939 5 179250
4023 39 141320 5 141830
4024 50 101009 5 101428
4025 50 76958 5 77593
4026 41 38819 6 39462
4027 53 152306 5 152930
4028 41 141796 6 142652
4029 41 188508 4 189019
4030 94 94785 6 95296
4031 53 46671 7 46831
4032 41 19953 5 20623
4033 76 145535 4 145714
4034 41 101936 5 102083
4035 55 20384 8 21145
4036 25 186340 5 186916
4037 76 19898 6 20577
4038 55 126356 8 126762
4039 71 181726 6 182512
4040 80 97978 6 98685
4041 25 159257 6 159866
4042 34 179918 7 180520
4043 94 25909 8 26585
4044 63 129406 7 129808
4045 63 66054 6 66774
4046 63 115012 6 115547
4047 25 65118 5 65670
4048 39 90804 6 91047
4049 1 180612 8 181390
4050 63 70881 8 71381
4051 76 152578 6 153063
4052 55 93817 7 93966
4053 80 148507 5 149222
4054 1 99108 8 99487
4055 71 69149 5 69544
4056 47 83956 7 84904
4057 1 186360 8 187204
4058 25 140408 5 141231
4059 41 56532 6 56920
4060 39 141830 5 142551
4061 53 182002 5 182746
4062 1 19902 7 20550
4063 57 108502 7 109290
4064 71 109930 6 110071
4065 57 143750 7 144507
4066 71 179892 6 180722
4067 34 33669 8 34624
4068 34 55183 7 55907
4069 41 91446 6 92174
4070 94 174549 7 174954
4071 55 187108 8 187831
4072 80 73273 7 73555
4073 34 69057 8 69479
4074 57 26425 6 27132
4075 39 26704 5 27493
4076 39 60098 5 60837
4077 91 124044 7 124269
4078 71 143439 5 143600
4079 47 151290 7 151845
4080 71 77977 5 78799
4081 71 142833 4 143439
4082 63 155136 8 155458
4083 50 174388 4 174769
4084 53 43201 6 44070
4085 55 78526 8 79319
4086 94 86573 8 86838
4087 57 95028 7 95818
4088 91 153267 7 154025
4089 94 127221 8 127772
4090 47 20009 8 20667
4091 57 113309 6 114068
4092 34 38657 6 39255
4093 80 20001 7 20739
4094 71 47158 6 47975
4095 71 122112 5 123048
4096 63 163028 7 163949
4097 53 34984 7 35802
4098 71 158517 6 158738
4099 91 94302 6 95083
4100 63 176887 7 177133
4101 50 55441 6 55744
4102 41 158932 6 159393
4103 55 174027 5 174240
4104 1 152299 7 152619
4105 55 70674 8 71028
4106 80 94709 5 95529
4107 55 68245 8 69209
4108 76 172377 6 172550
4109 34 20096 6 20841
4110 53 134707 7 135307
4111 47 121991 7 122316
4112 41 113666 5 114243
4113 55 183050 8 183933
4114 63 66774 8 67625
4115 53 33313 4 33531
4116 57 112586 6 113309
4117 50 187154 6 187696
4118 34 108823 7 109694
4119 71 170196 6 170857
4120 55 159215 8 159834
4121 80 90432 7 91179
4122 47 106067 8 106666
4123 53 49389 4 50070
4124 34 79732 4 80362
4125 34 26130 8 27087
4126 47 97312 8 97451
4127 39 148826 6 149115
4128 80 134508 7 134645
4129 47 54305 8 54463
4130 80 144294 7 144497
4131 94 153086 8 153818
4132 34 95546 6 96358
4133 91 177969 7 178868
4134 94 152394 8 153086
4135 55 120202 7 120905
4136 57 82278 5 82724
4137 94 158217 8 159164
4138 63 70454 7 70881
4139 55 85125 8 85729
4140 50 30748 6 31539
4141 55 75724 8 76656
4142 39 185588 5 185876
4143 80 70604 7 71230
4144 91 126469 7 126629
4145 34 175309 8 175667
4146 91 20548 6 20752
4147 1 67927 7 68916
4148 76 27661 5 28470
4149 39 92930 5 93700
4150 63 20226 8 21115
4151 34 52769 7 53590
4152 25 20160 6 20365
4153 94 20294 7 20821
4154 71 129521 6 130379
4155 94 74040 8 74261
4156 25 151683 5 152051
4157 50 118435 6 118939
4158 91 20752 7 20968
4159 53 55851 7 56608
4160 71 55624 6 55873
4161 34 49441 7 49660
4162 53 141355 7 141947
4163 34 20841 8 21421
4164 91 125708 6 126469
4165 71 20317 6 20633
4166 1 122767 6 123634
4167 94 103326 6 103463
4168 25 20365 6 20530
4169 63 116354 7 117179
4170 1 119268 7 119478
4171 91 29001 6 29891
4172 91 84714 5 85268
4173 34 48559 7 49308
4174 94 134408 8 134581
4175 25 112875 5 113783
4176 55 103080 5 103921
4177 50 49411 5 49888
4178 34 113916 7 114746
4179 34 133059 5 133779
4180 57 175560 7 176297
4181 94 32434 8 32771
4182 80 85029 7 85768
4183 76 120804 5 121140
4184 94 132793 6 133186
4185 50 88598 6 88756
4186 71 89080 5 89389
4187 39 181535 6 181723
4188 63 31647 8 32151
4189 57 20417 6 20972
4190 55 36947 7 37214
4191 80 126269 6 127259
4192 1 78131 8 78883
4193 41 119001 6 119665
4194 34 164418 7 164723
4195 91 62198 6 63021
4196 1 96674 7 97501
4197 80 62451 6 63381
4198 53 59806 7 60101
4199 91 20968 7 21777
4200 80 135511 6 136464
4201 53 20495 7 20777
4202 55 179947 7 180317
4203 34 21421 7 21631
4204 91 152483 5 153267
4205 39 178065 6 178205
4206 50 120403 5 121056
4207 57 94266 6 95028
4208 80 35282 7 36037
4209 25 139946 6 140408
4210 55 141488 8 141752
4211 63 36029 6 36509
4212 76 101794 6 102633
4213 63 42857 8 43673
4214 41 20623 6 21018
4215 80 113956 7 114201
4216 39 20417 6 21175
4217 47 153230 8 153843
4218 1 86513 7 86820
4219 39 69151 6 69638
4220 76 181888 4 182410
4221 53 59026 6 59806
4222 34 108164 7 108463
4223 53 173571 7 173800
4224 34 43190 7 43919
4225 25 20530 4 21463
4226 50 20742 5 20944
4227 47 20667 5 21370
4228 53 44880 5 45158
4229 91 100233 5 101069
4230 80 159198 7 159577
4231 53 90620 7 91066
4232 91 145602 7 146027
4233 76 28470 6 28620
4234 55 155502 7 156218
4235 41 64505 4 65238
4236 76 129731 5 130048
4237 94 119162 8 119990
4238 53 20777 6 20898
4239 55 171925 7 172859
4240 63 68322 7 69168
4241 1 38332 7 38500
4242 55 161969 6 162501
4243 91 101792 6 102786
4244 80 92139 7 92497
4245 50 70909 5 71280
4246 1 149374 7 150109
4247 94 189073 8 189808
4248 41 166369 5 167178
4249 80 165239 7 166013
4250 34 145608 7 146367
4251 76 156255 6 156872
4252 55 106668 8 107579
4253 94 69816 7 70059
4254 50 126680 6 126847
4255 53 144857 7 144977
4256 80 88943 5 89287
4257 76 112672 4 113092
4258 91 60950 7 61733
4259 71 148510 6 148831
4260 57 185807 7 186515
4261 53 20898 6 21810
4262 41 53145 6 53676
4263 57 128239 7 128735
4264 53 32475 7 33313
4265 57 139021 6 139857
4266 41 107323 6 107539
4267 71 20633 6 21601
4268 53 85941 7 86756
4269 41 83946 5 84229
4270 1 156951 7 157893
4271 34 167438 8 168247
4272 34 41748 6 41935
4273 57 87316 7 87465
4274 47 89286 7 89989
4275 63 101201 7 101803
4276 71 67175 6 68003
4277 55 77517 8 78255
4278 34 36220 7 36781
4279 91 29891 5 30678
4280 53 35802 6 36217
4281 57 72120 6 73089
4282 47 116899 8 117738
4283 1 20550 7 21391
4284 80 20739 7 21413
4285 94 20821 6 21011
4286 63 173293 8 174252
4287 76 186963 4 187833
4288 94 21011 8 21692
4289 25 123323 4 123799
4290 76 20577 6 21499
4291 80 188088 6 188243
4292 41 57224 6 58042
4293 41 51512 6 52506
4294 57 154804 7 155624
4295 76 188560 6 189290
4296 25 101785 6 102239
4297 50 41449 6 42151
4298 50 20944 5 21673
4299 39 147917 5 148826
4300 50 68649 5 69265
4301 25 177217 6 177929
4302 57 20972 5 21613
4303 41 21018 6 21373
4304 55 21145 7 21508
4305 76 160493 5 161220
4306 39 21175 6 21863
4307 25 93420 5 93974
4308 47 36047 8 36977
4309 57 50344 7 50468
4310 80 166860 7 167554
4311 34 21631 6 21876
4312 63 174719 8 175447
4313 80 49010 7 49851
4314 80 170317 7 170756
4315 47 21370 8 21688
4316 53 155563 7 156149
4317 94 37353 8 38146
4318 76 30418 6 31242
4319 47 188847 8 189175
4320 25 72082 6 72928
4321 94 107061 7 107795
4322 80 102484 7 103010
4323 1 30049 7 30842
4324 94 144850 7 145410
4325 57 84611 6 85017
4326 41 21373 6 22296
4327 34 169779 7 170627
4328 53 70125 7 70728
4329 39 67187 6 68147
4330 57 133700 7 134550
4331 76 170112 6 170714
4332 53 143037 7 143846
4333 80 141286 7 141876
4334 41 130790 5 131164
4335 53 142435 7 143037
4336 1 21391 7 22264
4337 71 51946 6 52681
4338 76 157244 6 158077
4339 47 52461 7 52647
4340 76 132012 4 132876
4341 63 43673 7 44432
4342 94 109675 4 109966
4343 41 87487 4 88275
4344 94 80745 8 81095
4345 53 114618 7 115586
4346 57 21613 7 21953
4347 71 169420 6 170196
4348 25 103669 6 104246
4349 53 137079 7 137818
4350 57 187302 5 187892
4351 94 187168 8 187814
4352 53 81691 7 82290
4353 53 82290 6 82775
4354 55 126883 6 127330
4355 76 73846 6 74290
4356 80 159577 7 159871
4357 1 58819 7 59033
4358 63 64071 7 64290
4359 63 138909 8 139629
4360 53 148191 7 148957
4361 94 27989 8 28774
4362 91 134799 7 135120
4363 63 21115 5 21920
4364 63 54789 7 55458
4365 55 121662 5 122377
4366 71 45071 6 45909
4367 25 21463 6 22375
4368 55 37627 7 38434
4369 63 154804 7 155136
4370 91 91598 6 92459
4371 76 61586 6 62324
4372 50 172908 5 173554
4373 41 181533 4 181971
4374 91 44566 7 44705
4375 47 45965 7 46561
4376 34 88863 8 89031
4377 34 164723 8 165710
4378 55 21508 5 22270
4379 34 181100 7 181617
4380 76 141951 6 142432
4381 57 74725 7 74953
4382 41 60010 6 60178
4383 50 49247 5 49411
4384 1 139894 7 140696
4385 47 21688 8 22120
4386 34 81742 7 82418
4387 80 21413 6 21788
4388 76 113092 6 113801
4389 94 78209 7 79144
4390 25 105094 5 105566
4391 91 172277 7 172945
4392 63 50397 8 50920
4393 63 74668 7 75429
4394 1 119478 7 119910
4395 39 105533 6 106363
4396 63 112959 7 113120
4397 50 21673 5 22260
4398 94 21692 7 22337
4399 1 136055 7 136389
4400 53 161579 7 162415
4401 76 141111 5 141951
4402 55 112373 7 113094
4403 25 155447 6 155912
4404 91 21777 6 22503
4405 34 27238 8 27937
4406 53 172341 7 172814
4407 55 179253 8 179947
4408 63 158545 5 158928
4409 76 71367 6 71771
4410 91 131257 5 131964
4411 25 100542 6 100951
4412 1 104909 8 105749
4413 34 181617 7 182579
4414 63 119336 8 120071
4415 76 64133 6 64556
4416 1 98304 7 99108
4417 80 21788 7 22647
4418 80 157979 5 158794
4419 50 37482 4 37946
4420 34 62239 5 63183
4421 63 131979 5 132434
4422 76 128959 6 129731
4423 71 64068 5 64682
4424 76 21499 6 22211
4425 41 158477 6 158619
4426 1 144393 8 145305
4427 80 160001 7 160984
4428 50 83085 5 83780
4429 80 74565 7 75331
4430 71 21601 5 22194
4431 57 189294 6 190231
4432 71 103451 5 104339
4433 57 33435 5 34052
4434 63 171575 6 171912
4435 25 155206 4 155447
4436 50 154780 6 155474
4437 55 188692 7 189379
4438 41 159393 6 160048
4439 91 88899 5 89827
4440 63 120909 7 121764
4441 91 82797 5 82965
4442 71 114583 5 114886
4443 94 37076 7 37353
4444 34 21876 5 22796
4445 53 21810 5 22595
4446 41 141367 5 141796
4447 63 21920 7 22204
4448 63 109519 7 109716
4449 57 119023 7 119478
4450 1 96432 8 96674
4451 57 36891 7 37288
4452 57 188305 7 189294
4453 55 156647 7 157462
4454 55 79563 8 80340
4455 71 93876 4 94053
4456 34 24787 6 25253
4457 57 150155 7 150805
4458 91 90009 7 90260
4459 41 140442 4 141367
4460 47 84904 7 85611
4461 63 142068 7 143039
4462 94 154859 7 155540
4463 80 107813 7 108116
4464 76 78242 6 79190
4465 50 22260 6 22611
4466 71 189880 6 190667
4467 50 60329 4 61134
4468 94 167172 7 167320
4469 76 78035 6 78242
4470 53 80378 5 80678
4471 55 184923 8 185861
4472 57 21953 7 22459
4473 53 150605 5 151376
4474 47 22120 8 23047
4475 53 100582 7 100849
4476 25 70773 5 71088
4477 94 84638 5 84956
4478 55 22270 6 22826
4479 76 64556 5 64723
4480 47 123727 7 124571
4481 55 29523 7 30238
4482 76 154127 4 155019
4483 55 142435 6 143321
4484 94 71030 7 71902
4485 76 104764 6 105467
4486 41 66075 6 66942
4487 57 135474 5 135891
4488 1 76057 8 76904
4489 50 137902 6 138852
4490 63 22204 8 22469
4491 55 95459 7 96203
4492 91 157702 6 158340
4493 39 21863 6 22129
4494 25 119344 6 119557
4495 94 66731 8 67656
4496 80 44777 7 45483
4497 1 160559 7 161394
4498 25 62662 6 63116
4499 34 151753 8 152704
4500 1 151678 6 152299
4501 39 188461 4 189141
4502 47 114925 8 115303
4503 71 153944 6 154744
4504 55 98263 8 99206
4505 39 121005 6 121415
4506 50 128757 5 129289
4507 25 166579 5 167575
4508 47 88655 8 89286
4509 80 51518 7 52319
4510 76 148372 6 149088
4511 50 95601 6 95865
4512 63 143640 5 143821
4513 34 73777 8 74457
4514 34 22796 8 23222
4515 80 122514 5 123426
4516 41 72417 5 73166
4517 94 81577 5 82227
4518 53 148957 7 149319
4519 57 140743 7 141505
4520 55 72839 8 73385
4521 55 25068 6 25350
4522 71 58040 5 58911
4523 63 188577 6 188950
4524 25 131010 4 131603
4525 34 189900 7 190287
4526 47 161235 8 161944
4527 25 95625 6 96521
4528 71 114886 6 115626
4529 91 146027 7 146453
4530 53 164733 7 164890
4531 94 147869 8 148193
4532 76 167673 6 168320
4533 1 22264 7 22628
4534 55 152495 8 153055
4535 39 50598 5 51552
4536 39 63711 6 64585
4537 94 22337 7 23185
4538 1 75663 8 76057
4539 39 57331 6 58113
4540 39 181946 5 182820
4541 76 137357 5 138278
4542 53 149616 6 150605
4543 94 79964 8 80440
4544 91 22503 7 23052
4545 76 135301 6 135971
4546 50 30582 5 30748
4547 55 74289 5 75052
4548 57 57145 7 57571
4549 1 45148 5 45999
4550 91 32613 7 32852
4551 34 77642 5 78470
4552 94 76519 7 76868
4553 41 98221 6 98425
4554 1 146898 8 147605
4555 71 55873 5 56305
4556 80 173123 7 173665
4557 47 121675 7 121991
4558 47 148417 6 149181
4559 47 155451 8 156301
4560 94 41672 6 42259
4561 71 173508 6 173733
4562 1 54974 7 55761
4563 53 60101 6 60951
4564 1 134444 8 134806
4565 63 105431 7 106333
4566 41 88275 6 89004
4567 41 73973 5 74243
4568 94 63871 8 64619
4569 76 48567 6 48753
4570 25 159866 6 160287
4571 25 170110 6 171004
4572 53 22595 7 23443
4573 71 185503 4 185946
4574 57 22459 7 22878
4575 41 36570 6 37244
4576 50 69265 5 69951
4577 34 70975 8 71156
4578 47 147332 8 147591
4579 39 91435 6 92140
4580 80 136464 6 136879
4581 94 46672 7 47209
4582 57 151736 7 152246
4583 57 30027 5 30926
4584 41 180444 6 180987
4585 53 73724 7 73861
4586 25 164740 5 165442
4587 55 108663 7 109386
4588 47 62469 4 63130
4589 76 118130 5 119091
4590 63 58377 6 58828
4591 25 22375 5 22642
4592 53 156149 7 156796
4593 41 22296 6 22718
4594 91 162654 5 163120
4595 1 48813 6 49548
4596 53 115586 7 115967
4597 39 22129 5 22275
4598 63 75860 6 76318
4599 80 50200 7 50915
4600 63 138207 7 138909
4601 63 110602 8 111418
4602 63 145886 7 146558
4603 57 157545 7 157674
4604 91 37597 7 38334
4605 63 22469 7 23077
4606 1 22628 7 23496
4607 41 121509 5 121822
4608 39 145066 5 145349
4609 39 101594 6 102333
4610 53 189771 7 190545
4611 53 162415 7 162742
4612 80 22647 7 23463
4613 57 115292 5 116012
4614 57 28294 6 29087
4615 71 64906 4 65412
4616 91 157157 7 157702
4617 55 22826 8 23280
4618 47 58515 8 59238
4619 25 130422 6 131010
4620 1 176755 7 177302
4621 80 178524 7 178685
4622 53 80982 7 81691
4623 1 35132 7 35431
4624 34 94286 6 94456
4625 57 182012 7 182554
4626 63 24837 8 25118
4627 76 51735 6 52118
4628 47 128430 8 128870
4629 57 143037 6 143750
4630 57 22878 7 23641
4631 71 22194 5 22437
4632 91 172945 5 173295
4633 71 90049 6 90433
4634 80 37679 7 38078
4635 34 27937 6 28094
4636 47 141365 8 142180
4637 1 127321 8 128207
4638 53 64790 5 65443
4639 76 22211 5 22929
4640 71 27011 6 27217
4641 80 79312 7 79769
4642 34 108463 6 108823
4643 39 22275 4 22657
4644 63 99155 8 100040
4645 63 185271 8 185521
4646 39 185121 5 185588
4647 47 23047 8 23551
4648 39 93895 5 94673
4649 39 43738 6 44298
4650 55 154859 7 155502
4651 91 23052 6 23552
4652 55 144633 8 145377
4653 91 40034 7 40892
4654 34 101848 5 102221
4655 34 59611 7 60352
4656 71 151384 5 151960
4657 41 163672 5 164153
4658 71 163592 5 164318
4659 63 149524 8 150203
4660 53 53932 7 54415
4661 91 178868 6 179187
4662 71 83410 6 84391
4663 53 113303 6 114125
4664 47 181632 8 182162
4665 53 102796 7 103788
4666 41 74864 6 75005
4667 55 118175 7 118837
4668 1 78883 8 79590
4669 76 43784 6 44750
4670 71 187423 6 187683
4671 1 64596 5 65204
4672 34 45511 6 46041
4673 63 38440 7 38966
4674 34 174375 7 175309
4675 94 159847 8 160812
4676 94 175549 8 175955
4677 53 46117 6 46499
4678 34 73076 7 73777
4679 25 172957 6 173912
4680 71 152868 5 153593
4681 57 85809 7 85937
4682 71 75906 6 76728
4683 55 23280 7 23992
4684 80 120651 7 121032
4685 94 50852 7 51372
4686 76 59919 6 60406
4687 34 88175 6 88863
4688 47 36977 7 37297
4689 71 22437 5 23259
4690 1 135176 8 135449
4691 34 67308 6 68041
4692 53 188896 6 189771
4693 34 115451 7 116070
4694 25 182928 5 183901
4695 50 111134 4 111898
4696 91 161353 5 161912
4697 57 186515 5 187302
4698 34 23222 7 23606
4699 41 86173 6 86793
4700 41 22718 6 23492
4701 76 177186 5 177628
4702 47 146912 7 147332
4703 47 114249 8 114925
4704 55 96203 7 96600
4705 50 153031 5 153243
4706 34 126702 8 127262
4707 57 91883 6 92883
4708 55 54945 8 55708
4709 80 184883 7 185399
4710 94 47209 7 47464
4711 57 158829 7 159651
4712 91 156339 5 156883
4713 94 23185 7 23815
4714 94 189808 8 189965
4715 47 176961 6 177518
4716 91 105979 5 106131
4717 53 175049 5 175939
4718 1 187204 8 188139
4719 25 59056 6 59332
4720 76 32749 6 33744
4721 50 22611 5 22836
4722 63 151776 7 152412
4723 71 172563 5 173369
4724 25 50028 6 50804
4725 80 131133 5 131671
4726 25 77536 5 78195
4727 76 47069 5 47864
4728 63 23077 8 23576
4729 39 48227 5 48941
4730 25 22642 6 23286
4731 55 141752 7 142435
4732 76 150864 6 151244
4733 57 49367 7 49556
4734 47 97943 7 98411
4735 39 53161 6 53943
4736 57 59966 6 60748
4737 55 48673 8 49379
4738 1 171072 7 171351
4739 39 129201 6 129969
4740 1 178917 7 179212
4741 94 109540 7 109675
4742 71 57350 6 57684
4743 1 23496 8 24088
4744 76 149088 5 150039
4745 94 163044 7 163313
4746 55 163095 5 163441
4747 1 68916 8 69719
4748 57 168138 7 169047
4749 55 89541 8 90113
4750 34 61506 7 62239
4751 53 103788 7 104619
4752 41 69865 5 70553
4753 39 132415 6 133365
4754 53 23443 7 24242
4755 39 50041 5 50598
4756 57 125691 7 126091
4757 39 62698 6 63067
4758 80 65582 7 66471
4759 39 130784 6 131541
4760 55 188537 7 188692
4761 91 54058 5 55022
4762 39 79356 6 79870
4763 39 22657 6 22979
4764 91 127498 6 128054
4765 47 23551 8 23869
4766 25 178772 6 178949
4767 76 73327 6 73846
4768 53 159898 7 160113
4769 34 35471 7 36220
4770 47 138156 8 139043
4771 80 149579 7 150129
4772 34 158583 8 158797
4773 57 65403 6 65537
4774 94 168258 7 168774
4775 39 96824 6 97072
4776 53 74970 7 75743
4777 55 64761 8 65537
4778 47 23869 8 24619
4779 25 80486 5 81453
4780 94 132052 8 132793
4781 50 22836 6 23553
4782 39 75878 5 76767
4783 71 30045 6 30692
4784 39 27855 6 27983
4785 80 23463 7 24147
4786 71 125648 4 126019
4787 41 84816 5 85071
4788 91 51056 7 51208
4789 94 29345 8 30105
4790 63 149164 7 149524
4791 94 154027 8 154859
4792 76 125837 5 126684
4793 25 169834 5 170110
4794 1 110994 7 111395
4795 80 142464 5 142632
4796 41 155494 4 155877
4797 57 100097 7 100693
4798 63 158359 8 158545
4799 71 111781 6 112504
4800 39 102333 6 103148
4801 76 189290 5 189687
4802 71 156869 5 157716
4803 1 143661 8 144393
4804 50 133739 6 133972
4805 94 32771 7 33359
4806 76 22929 6 23899
4807 41 179491 5 179850
4808 50 157749 6 158588
4809 41 132401 6 132605
4810 39 22979 5 23682
4811 57 117813 7 118188
4812 94 118257 7 119162
4813 91 23552 6 23852
4814 55 35052 8 35620
4815 94 34052 6 34557
4816 76 85119 6 86063
4817 71 23259 5 24017
4818 57 40298 6 40905
4819 25 23286 6 24121
4820 39 123027 6 123318
4821 76 55709 5 56251
4822 91 176799 7 177392
4823 34 23606 6 23855
4824 25 143217 6 143557
4825 34 95088 8 95546
4826 41 23492 6 23702
4827 34 51271 8 52245
4828 91 23852 6 24159
4829 63 23576 8 23963
4830 57 90481 7 91104
4831 57 135238 7 135474
4832 39 27983 6 28826
4833 34 168695 5 168960
4834 47 104843 5 105547
4835 41 23702 6 23906
4836 76 124331 6 125011
4837 63 177582 7 178343
4838 76 72601 6 73327
4839 80 112941 6 113121
4840 25 74848 6 75537
4841 41 73166 6 73973
4842 50 171119 4 172108
4843 47 29980 8 30575
4844 50 23553 6 24293
4845 34 156301 7 156983
4846 1 88058 7 88984
4847 34 65027 6 65700
4848 25 100951 6 101785
4849 63 153279 7 154219
4850 25 66413 5 66779
4851 57 23641 5 24162
4852 50 71531 6 72253
4853 1 76904 7 77487
4854 94 23815 7 24693
4855 53 80678 7 80982
4856 39 23682 6 24084
4857 94 135582 7 135991
4858 50 160892 6 161719
4859 55 103921 8 104625
4860 25 54983 5 55360
4861 63 25756 8 26666
4862 34 128919 6 129793
4863 41 32245 6 33068
4864 57 36477 7 36891
4865 41 136302 6 136546
4866 34 23855 4 24635
4867 91 123203 7 124044
4868 41 35724 5 36570
4869 41 23906 6 24324
4870 39 111262 5 112140
4871 55 23992 7 24655
4872 63 188950 7 189278
4873 53 50622 5 51575
4874 25 56131 6 56756
4875 25 24121 5 24829
4876 1 87324 7 88058
4877 50 91057 6 91763
4878 55 82018 7 82163
4879 57 122085 7 123063
4880 39 126332 6 126625
4881 1 38500 7 38669
4882 57 139857 7 140743
4883 94 83014 7 83861
4884 47 96143 6 96584
4885 71 123048 5 123748
4886 94 141047 8 141989
4887 53 69963 7 70125
4888 76 130048 6 130624
4889 91 32852 7 33626
4890 57 169047 7 169781
4891 76 23899 5 24859
4892 63 23963 7 24837
4893 47 52647 5 53519
4894 57 110072 7 110663
4895 47 151845 8 152485
4896 57 178693 7 179336
4897 25 150824 6 151218
4898 55 61603 7 62172
4899 39 86838 5 87335
4900 71 24017 5 24957
4901 91 24159 7 25091
4902 47 112173 8 112921
4903 53 119755 7 120497
4904 57 95818 7 96041
4905 71 113443 5 113844
4906 1 24088 7 24405
4907 76 104383 6 104764
4908 47 139043 7 139902
4909 76 45655 6 46162
4910 80 30174 6 30700
4911 50 76122 6 76958
4912 39 39831 6 40379
4913 91 75263 7 75608
4914 55 132346 8 132968
4915 39 35001 6 35605
4916 25 93974 5 94836
4917 1 56739 7 57577
4918 53 166360 7 167195
4919 39 117860 6 118280
4920 1 94390 8 94594
4921 80 24147 7 25089
4922 91 80016 6 80615
4923 41 75005 6 76002
4924 76 52872 6 53871
4925 57 75305 7 76180
4926 39 24084 6 24490
4927 50 107768 6 108406
4928 41 111533 6 111757
4929 63 88542 7 89304
4930 39 81737 5 82625
4931 57 83273 7 83757
4932 1 166393 8 166915
4933 57 24162 6 24967
4934 63 160839 6 161222
4935 57 97250 7 97508
4936 50 99007 5 99198
4937 50 141644 6 142316
4938 80 59235 5 59736
4939 91 64772 4 65403
4940 25 100053 5 100262
4941 80 183243 7 184162
4942 1 73268 8 73391
4943 94 108691 7 109540
4944 91 126921 6 127498
4945 55 52252 6 52962
4946 53 24242 7 24956
4947 39 78738 5 79085
4948 25 127868 5 128033
4949 39 46537 6 47320
4950 76 74290 5 74479
4951 53 63900 6 64790
4952 47 134434 8 135346
4953 80 102357 7 102484
4954 47 74634 8 74971
4955 71 167776 5 168602
4956 91 107889 7 108629
4957 34 122824 6 123275
4958 57 30926 6 31279
4959 41 56920 6 57224
4960 63 146951 8 147922
4961 63 53279 7 53546
4962 76 126684 6 127503
4963 55 119226 7 120202
4964 41 103537 6 104332
4965 57 32440 7 33435
4966 55 145714 8 146543
4967 25 186916 5 187423
4968 50 24293 6 24729
4969 1 24405 7 24635
4970 63 170378 7 171145
4971 39 76767 4 77688
4972 47 24619 8 25058
4973 94 143171 6 144019
4974 47 79214 7 80024
4975 47 65885 7 66605
4976 55 161341 7 161969
4977 34 139130 8 140045
4978 25 176373 4 177217
4979 1 181390 8 181931
4980 63 72492 8 73154
4981 50 56370 4 56622
4982 71 137442 6 138134
4983 39 156406 6 156641
4984 1 175011 8 175708
4985 41 24324 6 24887
4986 63 82741 6 83565
4987 50 187696 6 188033
4988 25 90528 5 91264
4989 63 45074 8 45627
4990 53 131439 6 132405
4991 91 177392 6 177969
4992 39 58328 6 59205
4993 55 100020 6 100704
4994 34 166477 8 166803
4995 50 179795 6 179950
4996 39 187603 6 188461
4997 55 42106 8 42960
4998 25 85876 6 86423
4999 71 76728 6 77053
5000 1 94594 6 94836
