1 7 63905 6 64026
2 21 194229 6 194998
3 16 138140 6 139010
4 19 213970 6 214521
5 43 186951 7 187729
6 19 125454 6 126301
7 59 96630 6 97590
8 71 92845 7 93691
9 72 25093 6 25495
10 72 29150 6 29817
11 16 67597 7 68298
12 42 163819 6 164474
13 22 214438 7 215319
14 59 199790 7 200587
15 22 126448 6 127258
16 21 216369 6 216739
17 16 152023 6 152487
18 71 185884 7 186055
19 47 31644 7 31954
20 24 97376 5 98013
21 47 43709 6 43943
22 43 20929 7 21577
23 43 188537 8 189261
24 21 207417 8 208163
25 34 134157 7 135094
26 16 3847 6 3980
27 59 47030 6 47518
28 21 145149 8 145851
29 59 60599 6 60947
30 7 39275 6 39786
31 19 153560 7 154428
32 16 65613 6 66495
33 36 166177 6 167153
34 22 144350 6 145266
35 16 103660 8 103780
36 21 100709 6 101451
37 47 117145 7 117661
38 16 195785 6 196752
39 16 154501 8 155140
40 43 106497 7 107445
41 47 27500 7 27671
42 72 54672 6 55458
43 19 57906 7 58248
44 47 97175 6 98076
45 39 16194 5 16949
46 19 22315 4 22921
47 16 247007 6 247820
48 69 205794 6 206310
49 59 95946 7 96423
50 71 131401 7 131827
51 19 126860 8 127582
52 34 204080 7 204848
53 39 64748 7 65499
54 16 78141 6 78948
55 16 33197 6 33626
56 34 146036 5 146299
57 34 86317 6 86441
58 19 49442 8 50172
59 34 189362 6 190101
60 24 18689 7 19192
61 69 167741 6 168557
62 29 213672 7 214557
63 34 99703 6 100112
64 28 45282 6 45587
65 34 11400 4 12163
66 43 127242 8 128018
67 42 176053 6 176869
68 22 205761 4 206445
69 21 22397 7 23110
70 7 47030 5 47247
71 80 207680 8 208360
72 34 29150 5 29798
73 43 244158 8 244682
74 16 153181 6 153394
75 80 161759 7 162648
76 43 100372 6 101185
77 69 26752 5 27524
78 24 29150 6 29870
79 80 108968 6 109926
80 42 169853 6 170238
81 28 158431 5 159318
82 16 66495 7 66738
83 19 219923 7 220746
84 80 66088 8 67030
85 16 224461 6 224935
86 71 74956 7 75175
87 80 131998 7 132268
88 47 58819 7 59418
89 21 41690 6 41816
90 34 128651 6 128984
91 59 216057 6 216776
92 21 151182 6 151666
93 72 242726 7 242944
94 7 95098 6 95817
95 80 24675 5 25386
96 16 226936 7 227221
97 19 142555 4 143390
98 19 178356 7 179200
99 34 88066 7 88266
100 24 243358 7 244152
101 43 195363 8 196174
102 7 238205 6 239054
103 59 151182 7 151836
104 36 198276 6 198951
105 43 85821 8 86195
106 19 129726 8 130070
107 80 1321 6 2253
108 69 34447 6 34729
109 43 84276 8 85137
110 43 126801 7 127055
111 28 101329 6 101796
112 7 49926 6 50791
113 16 16872 6 17412
114 16 1562 8 1802
115 43 209712 7 210524
116 59 53757 7 54605
117 29 10782 7 11237
118 42 137577 6 138005
119 22 245053 6 246027
120 34 196305 7 197249
121 80 153625 8 154400
122 24 93421 7 94325
123 16 122954 7 123117
124 16 187169 5 188141
125 72 190180 5 190862
126 7 45317 5 45521
127 24 63701 7 64228
128 72 176583 7 177574
129 80 235696 7 236367
130 7 182052 5 182808
131 72 26234 7 27101
132 19 150362 7 151035
133 34 211931 7 212751
134 80 172565 7 173387
135 24 163590 6 164479
136 72 13540 5 14151
137 34 101340 6 101886
138 69 245440 6 245563
139 72 217897 7 218866
140 24 203420 6 203884
141 59 171371 7 172062
142 19 5465 5 6297
143 28 156202 5 156376
144 22 137884 7 138644
145 59 207127 6 207756
146 19 28265 6 29141
147 47 49628 6 50245
148 72 130824 7 131648
149 71 92117 6 92539
150 47 39087 7 39481
151 19 212012 6 212820
152 24 12174 6 12455
153 69 102181 5 102463
154 34 213291 7 214232
155 21 63964 6 64332
156 34 145069 7 145591
157 22 111985 6 112889
158 80 98383 6 99209
159 71 12466 7 13165
160 22 201266 5 201989
161 16 233654 6 234508
162 47 10550 6 11505
163 22 132268 5 133248
164 47 93744 5 94272
165 22 246097 6 246788
166 24 239703 5 240098
167 34 9829 6 10576
168 80 11545 6 12393
169 71 182898 7 183688
170 34 86475 7 87278
171 47 163194 6 163930
172 34 38082 6 38712
173 72 171371 5 171917
174 22 125022 6 125416
175 7 160945 6 161531
176 22 233162 8 233299
177 47 176583 7 177059
178 80 197522 8 198310
179 69 31644 5 32376
180 80 130127 5 130560
181 21 102246 6 102997
182 19 151671 6 152068
183 16 2295 7 2951
184 28 195785 6 196532
185 80 25386 8 25848
186 47 92845 7 93385
187 19 113423 8 113975
188 16 201683 8 201856
189 69 157930 6 158830
190 19 90565 5 91369
191 16 127420 6 128416
192 80 96389 7 97175
193 42 95946 6 96578
194 80 122161 8 122830
195 72 128788 7 129513
196 59 45214 7 46169
197 71 223948 7 224355
198 72 63880 7 64440
199 80 142982 7 143866
200 43 137044 8 137353
201 19 105814 6 106052
202 7 201266 6 201519
203 34 137265 6 137531
204 19 108242 7 108632
205 69 86475 6 86708
206 16 37789 5 38082
207 16 165942 8 166178
208 16 141644 6 142585
209 72 82619 7 83183
210 34 234508 7 235113
211 16 142585 8 143534
212 47 42868 7 43399
213 29 102331 5 102702
214 22 9829 7 10528
215 24 166895 6 167358
216 21 223327 6 223948
217 16 25157 6 25608
218 36 209212 6 210039
219 22 45885 6 46112
220 80 98113 7 98383
221 59 126778 7 127212
222 80 233320 8 234291
223 71 48513 7 49233
224 80 176597 7 177088
225 71 99703 7 100647
226 72 7387 7 8093
227 71 50326 7 51106
228 21 121301 8 121872
229 19 234552 7 235119
230 21 125755 8 125945
231 7 121301 5 122043
232 22 209084 6 209463
233 59 122954 6 123577
234 47 154048 7 154285
235 47 121301 7 122206
236 43 64441 6 64767
237 22 23075 6 23804
238 69 112840 6 113172
239 19 82207 6 82960
240 39 158768 6 159180
241 7 211931 6 212499
242 29 192756 7 193435
243 59 243358 7 244023
244 19 49108 7 49442
245 72 237709 7 238677
246 47 85821 5 86571
247 71 216985 6 217438
248 19 230196 6 230688
249 22 210462 8 211372
250 21 46061 7 46432
251 72 23735 5 24167
252 39 106865 6 107541
253 16 209956 8 210669
254 16 234508 8 235463
255 19 34655 6 35128
256 43 181268 7 182200
257 47 226467 5 227315
258 16 163379 7 164376
259 42 139010 6 139838
260 72 21614 5 22473
261 21 20277 7 20398
262 29 169938 7 170537
263 47 241453 7 242254
264 72 153181 4 153430
265 24 117909 6 118635
266 43 224935 8 225836
267 7 60374 6 61059
268 7 128315 6 129254
269 69 74810 5 75728
270 71 181691 7 182435
271 21 49628 7 49888
272 43 66753 7 67236
273 47 217897 7 218050
274 19 85821 6 86093
275 34 229275 6 230229
276 7 22174 5 23142
277 19 66911 6 67753
278 43 165363 8 166177
279 16 22211 5 23056
280 42 79182 6 79628
281 24 244603 7 245174
282 42 1562 6 1807
283 28 117990 5 118867
284 59 186838 5 187170
285 28 179587 6 180546
286 24 566 7 1365
287 34 184388 6 185118
288 59 145284 6 145847
289 43 125133 8 125990
290 16 113935 7 114381
291 47 156775 6 157300
292 71 240098 7 240799
293 71 7396 7 8186
294 22 3559 7 4556
295 19 74949 6 75826
296 72 80148 7 80527
297 47 66832 7 67419
298 69 194998 6 195375
299 42 115054 6 115223
300 72 245440 7 245691
301 43 56993 8 57640
302 21 72191 8 72782
303 42 183907 6 184220
304 21 138529 6 139353
305 28 193527 6 194287
306 43 108242 7 108850
307 29 80786 7 81588
308 16 214426 8 215178
309 59 217918 5 218773
310 21 114238 6 114970
311 21 39926 7 40702
312 47 108242 7 108656
313 24 114970 5 115943
314 24 1562 7 1973
315 29 66270 7 66427
316 19 155276 7 155817
317 19 9504 6 9962
318 34 188141 6 188537
319 69 9185 6 9414
320 21 74737 7 75287
321 80 165141 5 165742
322 34 115060 7 115217
323 34 105093 7 105684
324 19 153181 7 153472
325 16 228637 6 228939
326 22 222156 6 223021
327 69 55254 6 55933
328 21 118537 8 119135
329 7 131622 6 132387
330 22 35884 8 36686
331 80 199269 6 199890
332 22 242726 8 242902
333 72 149644 6 150133
334 43 95946 8 96236
335 21 62068 6 62519
336 21 20929 7 21614
337 47 24634 7 24898
338 42 25982 6 26828
339 16 48513 8 49348
340 19 78729 6 79608
341 16 91486 8 92117
342 34 224461 6 225141
343 72 240604 5 241493
344 16 20862 8 21366
345 80 124715 6 125662
346 34 129301 6 130109
347 59 142555 5 142992
348 42 242944 6 243458
349 39 216629 7 217085
350 19 200604 7 201473
351 24 185254 6 185795
352 19 18085 5 18265
353 24 54961 7 55157
354 29 88487 7 88666
355 59 79164 7 79511
356 24 78843 7 79108
357 22 41816 6 42734
358 7 249291 5 249739
359 29 150362 6 151013
360 72 236818 5 237709
361 28 85821 6 86272
362 80 198310 4 198442
363 59 165490 6 166303
364 7 27698 4 28110
365 22 218155 5 218811
366 22 92539 7 93247
367 39 101329 7 102139
368 47 86571 6 87345
369 16 114381 8 115054
370 69 190878 6 191795
371 72 108890 7 109732
372 69 2951 6 3849
373 72 207187 6 208019
374 19 88948 6 89406
375 80 234291 8 234495
376 47 125133 6 125535
377 19 234078 7 234539
378 72 133108 7 134074
379 21 191554 8 192254
380 7 209471 6 210197
381 24 140764 7 140912
382 21 182372 8 183190
383 21 129726 8 130666
384 24 216057 7 216629
385 72 180928 4 181899
386 21 210645 7 211522
387 59 111013 7 111276
388 24 149400 7 149620
389 24 164479 7 164843
390 72 179587 7 179998
391 22 183437 8 183831
392 16 15063 6 15852
393 22 28059 8 28782
394 34 53757 7 54019
395 22 44519 7 45282
396 34 166317 6 167105
397 21 4771 7 5544
398 34 171371 7 171999
399 7 245859 6 246164
400 21 105252 6 105496
401 34 6073 7 7023
402 22 163194 7 164181
403 80 145069 8 146044
404 42 23056 6 23585
405 43 198744 7 199552
406 59 98076 7 98596
407 28 172197 6 173118
408 34 13540 7 14483
409 29 117516 7 117806
410 47 65339 5 66088
411 71 220291 7 220720
412 21 143545 6 144350
413 72 158821 7 159641
414 29 156977 7 157307
415 80 88238 6 88456
416 80 49926 7 50080
417 47 57906 5 58612
418 69 241839 4 242676
419 28 142812 6 143749
420 72 34447 5 34831
421 24 58986 6 59878
422 36 167741 6 168137
423 28 248626 6 249376
424 43 212012 6 212843
425 34 230229 6 230957
426 47 206544 6 207417
427 24 163194 7 163455
428 80 205714 7 206584
429 16 54989 5 55408
430 16 103780 7 104547
431 36 24355 6 24566
432 16 97376 5 98113
433 16 161759 7 162609
434 72 182898 7 183687
435 72 152259 7 152497
436 21 65339 7 65773
437 80 55792 7 56431
438 22 6448 7 6685
439 22 151182 7 151873
440 16 197522 7 198241
441 16 198387 6 198604
442 36 245478 6 246175
443 72 121301 7 122010
444 47 17759 7 18339
445 28 232287 6 232436
446 22 30342 7 30519
447 21 137884 6 138529
448 29 30342 7 30760
449 7 221726 4 222886
450 71 47030 7 47276
451 43 121577 8 122308
452 22 156691 6 157622
453 21 185615 6 186268
454 16 119760 8 120464
455 42 233693 6 234567
456 72 166895 7 167789
457 80 26674 6 26801
458 7 90952 5 91783
459 80 123843 6 124715
460 22 14466 7 14846
461 24 221110 7 221340
462 16 31880 7 32361
463 21 23562 6 24376
464 47 166177 5 166734
465 22 98700 8 99697
466 42 34509 6 34918
467 72 9048 6 9205
468 80 6214 8 7186
469 80 19343 7 20190
470 34 83527 6 83758
471 42 209084 6 209999
472 72 234552 6 235366
473 21 125990 6 126679
474 72 200504 7 200813
475 34 110193 7 110935
476 24 171371 6 171870
477 22 155987 8 156691
478 24 112889 5 113591
479 36 17254 6 18130
480 69 56171 6 56541
481 59 185795 7 185929
482 29 72191 5 72679
483 71 245859 7 246569
484 16 126278 7 126579
485 16 228939 5 229275
486 43 113591 7 113992
487 34 39567 6 40167
488 7 246662 5 247187
489 16 134930 7 135460
490 47 59418 6 60060
491 39 78843 6 79151
492 24 219550 5 220409
493 24 87508 5 87985
494 43 3847 8 4063
495 24 139010 5 139290
496 72 156764 6 156977
497 16 28243 6 29022
498 43 201369 8 201840
499 24 84276 7 84958
500 16 104547 6 105093
501 69 95946 5 96283
502 59 61255 7 61991
503 69 169939 6 170783
504 16 110082 6 111038
505 47 70444 7 71443
506 24 9892 6 10660
507 16 49348 6 50017
508 69 96389 5 97265
509 7 111195 6 112020
510 59 82619 6 83296
511 29 238527 7 239258
512 29 193773 7 194540
513 47 246190 6 246478
514 22 140867 5 141992
515 19 22921 8 23301
516 36 46606 6 46942
517 42 220102 6 220612
518 34 45214 6 46196
519 47 47421 6 48159
520 7 51386 5 52282
521 43 153560 6 153719
522 47 157930 7 158779
523 19 86317 5 87160
524 19 117204 7 117990
525 7 40702 6 41824
526 71 105687 7 106114
527 16 148583 6 149400
528 43 18003 8 18715
529 72 139010 5 139707
530 24 239136 5 239703
531 42 202337 5 203316
532 47 46606 7 47292
533 28 217918 5 218325
534 29 113529 6 113772
535 34 94271 6 94518
536 69 187150 6 187644
537 19 185254 8 186125
538 34 14483 6 15098
539 69 108242 5 108537
540 80 12674 6 13454
541 21 60534 7 61425
542 29 220291 7 221132
543 16 93421 8 94417
544 80 186701 8 187343
545 22 30519 8 31111
546 72 45885 7 46709
547 72 124715 6 125562
548 7 213364 6 214135
549 22 226467 6 227194
550 39 55157 7 55393
551 47 137577 4 138573
552 59 154428 7 155186
553 29 108242 7 108831
554 34 24912 6 25070
555 22 64660 6 65395
556 36 212930 6 213885
557 59 38082 7 38677
558 71 153394 6 153878
559 19 70920 6 71704
560 69 82973 6 83953
561 72 140867 7 141048
562 34 247968 7 248266
563 34 249483 7 250136
564 7 122149 6 122999
565 16 24951 6 25157
566 22 216057 6 216827
567 36 66911 6 67815
568 24 70920 6 71232
569 16 51707 6 52372
570 29 5465 7 6321
571 80 51118 7 51971
572 69 102463 5 103204
573 22 53757 6 53880
574 29 82973 6 83323
575 22 63384 5 63770
576 16 209084 6 209212
577 19 59838 7 60602
578 19 10782 7 11123
579 39 63905 6 64748
580 80 23063 6 23735
581 43 92117 7 92552
582 59 205486 7 205698
583 47 98076 7 98935
584 71 74787 7 74956
585 69 59838 6 60369
586 7 167741 6 168692
587 16 201266 6 201683
588 21 200504 8 201290
589 21 78573 6 79164
590 80 49046 7 49926
591 71 64309 7 65111
592 16 123117 5 124022
593 59 27763 6 28268
594 21 70920 8 71651
595 71 233162 7 234037
596 7 232052 5 232970
597 7 237697 6 238205
598 69 203420 6 204241
599 43 193085 7 193526
600 22 204902 6 205761
601 24 31541 7 32523
602 22 20277 8 20625
603 7 32382 6 33168
604 80 18003 8 18939
605 42 30342 6 30741
606 69 217299 5 218259
607 43 221726 7 222156
608 22 52723 7 53535
609 39 102463 7 102876
610 36 217583 6 218422
611 7 129726 6 130036
612 39 145322 7 145527
613 72 153625 5 153881
614 39 12466 7 13176
615 22 164181 8 165005
616 69 183907 6 184482
617 7 92117 6 92529
618 47 51386 7 52354
619 21 242253 7 243206
620 21 103698 7 104298
621 47 219760 7 219999
622 34 92480 6 93284
623 72 70650 6 71646
624 16 165490 8 165942
625 19 239300 5 239763
626 28 75589 5 75746
627 7 98907 6 99660
628 71 230413 7 230820
629 69 174094 6 174625
630 36 43964 6 44656
631 47 109524 5 109825
632 22 99703 4 100009
633 72 104547 7 105367
634 34 164397 6 164567
635 29 25472 7 26185
636 16 233363 8 233654
637 19 189311 7 189528
638 71 222195 7 223082
639 7 134157 6 135043
640 19 206826 8 207773
641 72 25495 7 26234
642 19 198293 6 199001
643 59 137265 7 137499
644 72 210833 5 211435
645 59 190976 6 191637
646 69 38082 6 39124
647 21 225713 7 226237
648 43 39567 7 40266
649 24 144104 7 144626
650 59 77745 7 78091
651 71 39087 6 39997
652 80 161252 7 161577
653 24 27500 7 27895
654 16 137776 7 138140
655 47 142555 7 143311
656 47 238073 6 238866
657 24 186951 7 187310
658 28 68370 6 69362
659 19 12334 7 12531
660 69 214632 6 215445
661 28 169970 6 170276
662 16 236019 8 236818
663 59 9504 6 10097
664 39 91377 7 91869
665 59 34447 6 34609
666 28 116504 6 117312
667 22 212817 6 213527
668 39 103222 6 104162
669 16 78948 5 79252
670 16 231045 7 231589
671 59 241275 7 241681
672 47 216057 7 216864
673 72 52723 7 53504
674 69 125022 5 125825
675 42 243568 6 244412
676 69 249190 6 250007
677 80 185524 8 185757
678 71 125416 7 126344
679 24 59957 7 60880
680 80 174094 8 174315
681 16 50404 4 51000
682 59 219999 7 220439
683 21 189311 6 189986
684 29 127552 7 128427
685 69 93421 5 93888
686 21 34720 8 35259
687 7 181223 5 181993
688 72 84276 5 84497
689 19 232435 8 233152
690 39 118395 7 119269
691 72 220102 5 220600
692 69 245859 5 246197
693 34 65339 6 66386
694 19 26401 6 27315
695 7 151182 6 151749
696 28 7015 6 7419
697 28 245859 6 246202
698 16 75589 6 76368
699 69 161137 5 161373
700 36 35983 6 36842
701 71 0 7 485
702 69 231045 6 231811
703 28 126778 6 126943
704 47 190728 7 190947
705 47 68300 7 68598
706 16 117516 8 118354
707 28 232922 5 233522
708 21 159188 6 159865
709 47 84850 5 85796
710 29 156202 7 156958
711 59 178356 7 178999
712 47 144104 5 144510
713 69 201369 6 201689
714 7 20440 5 20698
715 22 185524 7 186233
716 43 234078 8 234849
717 47 54462 6 54954
718 34 193899 7 194031
719 39 77767 7 77973
720 16 32361 7 33197
721 28 231589 6 231796
722 72 156977 7 157681
723 72 91047 7 91578
724 16 41711 6 42722
725 47 68828 5 69594
726 80 67982 7 68913
727 21 232052 7 232881
728 7 127420 6 128315
729 28 241677 6 242533
730 72 151666 6 152259
731 22 86688 5 87486
732 16 205667 7 206544
733 80 2253 8 2900
734 71 212817 7 213746
735 24 160030 6 160652
736 43 90766 8 91268
737 19 116468 7 117204
738 24 82207 7 82989
739 69 213672 6 214533
740 80 159087 8 159861
741 21 133308 7 134239
742 72 155276 6 155979
743 42 190203 6 190851
744 22 102965 5 103882
745 80 169169 8 169938
746 71 154285 7 154510
747 21 30735 8 31644
748 47 229291 6 229924
749 47 183127 6 183710
750 36 200809 6 201281
751 69 9504 6 9931
752 69 58363 6 59113
753 7 154048 6 154553
754 43 152023 8 152736
755 22 55792 5 56308
756 47 169169 5 170162
757 22 247007 6 247974
758 22 145527 7 146365
759 59 224461 5 224667
760 34 212817 7 213291
761 59 169939 7 170487
762 72 221726 5 222467
763 72 24355 6 24999
764 34 23735 5 24912
765 19 169939 7 170800
766 80 213364 6 213672
767 22 187343 6 188175
768 22 182039 7 182717
769 16 30342 6 30493
770 22 242528 7 242726
771 24 16589 5 17062
772 28 23063 6 23776
773 47 111675 7 111936
774 24 236019 4 236926
775 29 1356 7 1519
776 59 211931 6 212816
777 80 23735 8 24675
778 47 54961 7 55886
779 24 143390 7 143685
780 72 114390 6 115222
781 16 73889 6 74787
782 34 158869 7 159329
783 47 144537 6 145322
784 21 124037 6 125022
785 72 67112 5 67853
786 47 53757 7 54073
787 19 72719 7 73593
788 42 179315 5 180129
789 72 43709 7 44044
790 47 140167 6 141005
791 72 172309 5 173384
792 19 110082 7 110894
793 21 113529 6 114238
794 21 98439 8 99201
795 21 59957 5 60534
796 22 171304 6 172099
797 59 88487 7 89246
798 47 165005 5 165878
799 7 139436 6 139800
800 22 223327 6 224303
801 47 175802 6 176210
802 21 117724 4 118537
803 7 10524 6 11418
804 80 224724 8 225525
805 7 189456 5 190283
806 7 212499 6 213309
807 42 48645 6 49572
808 59 100522 7 101459
809 22 234135 6 234857
810 42 166895 6 167840
811 43 212843 7 213506
812 24 193773 5 194703
813 43 62003 7 62987
814 34 198283 6 199119
815 21 6448 8 6682
816 28 91388 6 91635
817 16 89471 7 89767
818 72 76759 5 77666
819 16 98113 5 98923
820 72 146561 7 147379
821 69 200806 5 201351
822 21 58363 5 59155
823 36 146513 6 146654
824 71 207127 7 207515
825 24 172197 6 173065
826 47 155671 6 156258
827 22 131649 7 131993
828 34 218443 5 219325
829 34 125133 7 125468
830 7 39087 5 39220
831 7 235747 6 236740
832 72 185030 7 185779
833 24 55157 7 55826
834 34 170509 7 170750
835 16 169954 6 170123
836 22 186461 8 187094
837 69 206476 5 207375
838 69 179514 6 179888
839 22 219550 5 220231
840 28 139819 6 140713
841 47 198276 7 199215
842 47 234864 6 235574
843 47 16404 7 16767
844 69 154285 5 155119
845 47 20115 6 20479
846 7 74695 6 75446
847 21 73889 7 74288
848 21 24823 8 25577
849 69 69560 6 70126
850 34 149644 5 149960
851 34 125762 6 126722
852 24 39275 7 39780
853 24 176815 6 177092
854 80 101124 7 101820
855 69 223327 6 224224
856 59 4751 6 5465
857 69 113935 5 114921
858 28 212930 5 213832
859 80 213672 7 214632
860 22 200091 8 200883
861 22 184388 5 184559
862 22 121301 8 121577
863 80 100372 8 101124
864 80 172197 5 172565
865 69 111013 5 111360
866 80 196752 5 197102
867 24 132428 7 133249
868 80 139926 8 140804
869 71 154905 7 155818
870 7 117909 6 118752
871 47 179958 6 180287
872 69 98923 6 99731
873 72 74288 6 75024
874 72 243869 7 244741
875 34 116353 6 116504
876 21 111195 7 111985
877 21 38082 7 38270
878 24 245174 6 245479
879 21 211931 5 212817
880 22 49348 5 49670
881 43 25093 8 25454
882 19 50836 6 51592
883 69 61255 6 62248
884 16 126579 7 127242
885 22 128886 7 129675
886 19 136936 6 137767
887 34 216580 6 216916
888 19 45082 8 45910
889 19 182373 5 182853
890 19 160030 7 160724
891 7 108589 6 109285
892 16 132061 8 132469
893 69 133022 6 133322
894 80 126172 6 126778
895 47 218050 5 219037
896 21 200091 7 200504
897 72 8147 7 8402
898 28 230135 6 230845
899 69 221110 6 221983
900 28 205794 6 206765
901 24 98076 7 98798
902 28 151182 6 151855
903 43 47421 8 48341
904 19 204902 6 205950
905 16 166905 6 167741
906 22 179514 7 180387
907 80 142555 8 142982
908 47 128886 6 129755
909 7 72719 5 73266
910 59 213676 6 214469
911 7 35243 5 35983
912 69 21011 6 21855
913 21 146332 8 146513
914 29 216629 7 217404
915 72 155987 7 156764
916 16 58363 7 59285
917 72 89354 6 90057
918 71 2605 7 3405
919 28 91809 6 92660
920 59 108242 5 108575
921 24 4458 6 4984
922 59 173261 7 173845
923 34 186783 7 187682
924 22 32657 5 33579
925 22 231589 4 231889
926 16 180928 7 181268
927 72 11381 7 12068
928 29 48513 7 49058
929 72 95946 5 96554
930 16 27226 7 27763
931 36 161122 6 162091
932 59 229864 7 230596
933 34 215178 5 215647
934 69 105368 6 106350
935 80 73889 7 74817
936 69 176189 5 176900
937 24 246229 7 247105
938 72 218866 7 219114
939 80 39087 7 39286
940 21 26752 7 27476
941 22 136297 7 136943
942 71 90873 7 91526
943 72 232052 5 233217
944 16 224935 8 225515
945 34 4984 6 5766
946 19 566 6 1323
947 19 89471 7 89835
948 69 6266 6 6419
949 72 78073 4 78576
950 19 41515 7 42110
951 72 211931 7 212378
952 34 233728 6 234416
953 69 195785 6 196283
954 16 102840 7 103660
955 80 50659 6 51118
956 72 206445 7 207187
957 16 57906 8 58363
958 71 15685 7 16446
959 7 165363 6 165811
960 59 182372 7 183146
961 39 22315 7 22721
962 24 165005 7 165363
963 7 69560 6 70107
964 34 108242 7 108982
965 34 130320 7 131226
966 69 149400 5 149574
967 42 12466 6 13147
968 59 52723 7 53323
969 72 192756 6 193275
970 16 183127 6 183907
971 43 224312 8 224918
972 16 239650 6 240538
973 59 102331 6 103106
974 16 193773 5 193983
975 80 139361 6 139650
976 69 78573 6 79182
977 47 34447 7 34767
978 24 66270 7 66974
979 80 111013 6 111219
980 7 196305 6 197074
981 21 92549 6 93298
982 59 246097 6 246620
983 59 115837 7 116196
984 34 96694 7 97508
985 24 39926 5 40673
986 24 161430 5 162244
987 19 30342 7 30556
988 42 195811 5 195959
989 16 220619 5 221110
990 47 43399 7 43588
991 69 92442 5 93383
992 22 227221 6 227994
993 22 31644 4 32657
994 72 241657 7 242542
995 22 17845 8 17975
996 19 14436 5 14673
997 19 91377 8 91765
998 21 244603 7 244945
999 39 45214 6 46111
1000 80 164124 5 164535
1001 24 233320 7 233589
1002 22 75589 8 76585
1003 34 1475 6 1711
1004 59 54672 6 54829
1005 22 101124 5 101676
1006 59 225713 6 226241
1007 16 83527 5 84423
1008 59 64309 7 65243
1009 69 238073 5 238913
1010 22 112889 8 113703
1011 36 34509 6 34949
1012 24 229864 6 230678
1013 7 117516 6 117848
1014 19 64106 6 64777
1015 80 13514 7 14455
1016 59 196752 5 196960
1017 69 123781 6 124618
1018 71 26752 7 27500
1019 22 60543 6 61255
1020 59 63384 5 64042
1021 34 235696 5 236555
1022 43 226519 8 227252
1023 16 119053 7 119760
1024 24 217204 6 217483
1025 39 153625 5 153798
1026 19 184853 8 185030
1027 42 116595 6 116810
1028 59 128651 7 129629
1029 43 94222 8 95049
1030 34 15685 6 16676
1031 80 190049 6 190215
1032 34 173261 5 174146
1033 42 137044 6 137240
1034 59 87508 6 87928
1035 47 240965 5 241453
1036 16 225515 5 226467
1037 16 174312 6 174976
1038 80 112971 7 113602
1039 29 75589 6 76405
1040 47 74678 6 75654
1041 42 175028 6 175792
1042 72 57906 7 58377
1043 34 172112 4 172888
1044 59 156202 6 157048
1045 59 70920 6 71828
1046 22 48637 5 49230
1047 22 140123 6 140492
1048 21 226910 6 227616
1049 29 249483 7 250231
1050 43 202544 7 202671
1051 80 39286 7 39800
1052 47 213364 7 214096
1053 59 234135 7 235074
1054 22 94115 4 94881
1055 72 225713 6 226598
1056 19 196752 7 197480
1057 34 180928 6 181628
1058 47 242755 6 243473
1059 24 71374 5 71950
1060 34 137884 6 138534
1061 16 242386 8 242528
1062 69 234078 6 234861
1063 42 134157 6 134943
1064 29 91092 7 91272
1065 59 59838 7 59999
1066 16 72985 6 73889
1067 29 11400 6 11897
1068 21 218872 6 219409
1069 80 236367 7 236694
1070 47 106677 5 107156
1071 22 174094 5 175093
1072 34 209956 7 210686
1073 69 228637 6 229561
1074 80 226556 7 227493
1075 59 5465 7 6309
1076 22 150521 8 150825
1077 29 185795 7 186557
1078 47 190976 6 191287
1079 24 157930 5 158225
1080 36 41513 5 42040
1081 80 63914 5 64653
1082 24 109090 5 109762
1083 21 220291 6 220682
1084 16 178356 6 179156
1085 72 164181 6 164678
1086 42 100647 6 100985
1087 42 158768 6 159397
1088 24 142827 7 143291
1089 16 230135 7 230484
1090 71 85821 7 86609
1091 24 220409 7 220741
1092 34 57906 6 58428
1093 22 125416 4 126229
1094 80 74817 6 74970
1095 59 121577 6 121732
1096 7 86317 5 87268
1097 21 2165 5 2772
1098 34 144104 6 144433
1099 7 92539 6 92701
1100 16 68298 7 68828
1101 43 23056 8 23636
1102 47 50430 5 51386
1103 34 56431 7 57132
1104 36 103222 6 103534
1105 47 52439 7 53161
1106 72 204902 7 205915
1107 47 151182 6 151921
1108 16 145678 6 146332
1109 7 200504 5 200663
1110 24 228939 5 229852
1111 28 64660 6 65607
1112 69 197522 5 197863
1113 34 76368 7 77309
1114 7 206445 5 206725
1115 36 10782 5 11610
1116 72 28017 5 28717
1117 80 74970 7 75377
1118 16 169169 7 169954
1119 22 184559 5 185242
1120 16 61752 7 62003
1121 19 135460 6 135667
1122 24 106497 7 107202
1123 21 47957 8 48620
1124 71 23069 7 23790
1125 22 100197 7 100792
1126 36 112840 6 113003
1127 47 162609 6 163194
1128 80 115809 7 116056
1129 21 209988 5 210645
1130 42 10745 6 11626
1131 22 158769 7 159545
1132 16 200603 7 201266
1133 47 79175 6 79880
1134 69 30493 5 31063
1135 19 53757 7 54447
1136 16 162609 8 163379
1137 80 153181 5 153625
1138 69 143390 6 144339
1139 72 29908 5 30050
1140 71 137483 7 137664
1141 19 164932 6 165249
1142 59 227986 6 228736
1143 43 123906 8 124089
1144 7 115060 6 115619
1145 69 135460 4 136234
1146 71 227986 7 228977
1147 16 240965 7 241657
1148 29 226910 7 227839
1149 80 99209 6 99559
1150 43 243739 8 244158
1151 34 12334 5 12543
1152 34 41598 7 42021
1153 16 189087 8 189362
1154 69 179156 6 179513
1155 72 46774 6 47172
1156 80 113602 5 114080
1157 39 105687 7 106482
1158 39 92117 6 92442
1159 19 237697 6 237884
1160 72 166304 4 166791
1161 19 163194 6 164207
1162 80 179156 5 179692
1163 72 117116 5 118166
1164 24 155140 7 156104
1165 43 96630 8 97146
1166 21 151666 8 152522
1167 47 35983 7 36869
1168 22 157930 6 158769
1169 16 61419 8 61752
1170 22 134157 7 134981
1171 43 566 8 1347
1172 28 211931 5 212277
1173 21 100197 7 100709
1174 24 7387 6 8130
1175 34 170123 7 170260
1176 69 164376 6 164529
1177 24 100522 4 101456
1178 24 108242 6 109045
1179 43 31954 6 32450
1180 69 63384 6 64282
1181 72 33155 5 34100
1182 47 29150 7 30060
1183 80 134157 6 135142
1184 24 12455 6 13043
1185 7 227986 5 228891
1186 16 182898 7 183127
1187 24 135460 5 135668
1188 34 105687 5 105812
1189 72 47799 7 48079
1190 24 232435 5 233320
1191 59 49628 7 50245
1192 19 62668 7 63361
1193 80 92442 6 92845
1194 34 150362 6 151305
1195 36 66738 6 66864
1196 36 28243 5 29074
1197 43 185795 8 186498
1198 71 80131 6 80621
1199 16 7015 7 7387
1200 47 134408 6 134669
1201 21 227986 7 228212
1202 42 138534 6 138890
1203 21 126679 7 127534
1204 19 174094 5 175060
1205 42 90952 6 91190
1206 69 236818 6 237752
1207 43 41824 8 42158
1208 47 66088 5 66832
1209 59 32502 6 33383
1210 47 160030 7 160503
1211 39 28110 6 28854
1212 34 74288 7 74494
1213 21 158431 7 159188
1214 24 137843 7 138009
1215 59 52372 7 52674
1216 69 235696 6 236198
1217 16 130699 6 131244
1218 71 45924 7 46801
1219 59 176583 6 176921
1220 69 1356 6 2102
1221 16 216435 7 217162
1222 72 163590 7 164009
1223 72 238677 6 238883
1224 29 43912 7 44416
1225 72 64441 6 65187
1226 72 88487 7 88757
1227 21 170933 8 171323
1228 39 61356 7 61964
1229 69 94773 5 95127
1230 16 184388 8 184853
1231 36 221726 6 222528
1232 72 204080 5 204823
1233 69 2165 6 2785
1234 21 12466 5 13081
1235 43 116129 8 116950
1236 72 157930 7 158821
1237 43 197522 8 198406
1238 59 114080 6 114645
1239 59 18085 6 18277
1240 29 166177 5 166487
1241 43 112840 8 113540
1242 71 175119 7 175848
1243 24 76368 7 77020
1244 80 70444 6 71218
1245 24 125022 7 125938
1246 47 205743 4 206516
1247 29 98923 7 99731
1248 16 146636 8 147602
1249 19 93691 7 94572
1250 19 154428 7 154668
1251 39 159188 7 160030
1252 71 192756 7 193058
1253 72 4767 5 5539
1254 24 116945 7 117839
1255 24 152023 5 152852
1256 34 167741 7 168392
1257 21 9504 8 9971
1258 16 160826 7 161759
1259 47 19343 6 20087
1260 43 7885 7 8724
1261 34 182898 7 183372
1262 21 106687 8 107217
1263 29 247105 7 248022
1264 80 150362 5 151291
1265 19 34447 8 34655
1266 43 68125 7 68448
1267 43 118166 6 118857
1268 7 20862 6 21407
1269 21 248497 6 248671
1270 72 190878 6 191235
1271 71 146513 7 147296
1272 69 196305 6 197087
1273 34 98113 6 98349
1274 34 225713 6 226519
1275 19 128643 6 129444
1276 71 217918 6 218202
1277 43 133022 8 133303
1278 24 88948 5 89398
1279 19 161430 7 162227
1280 22 118395 6 118736
1281 59 93421 7 93797
1282 36 110745 6 111730
1283 24 10660 5 11365
1284 7 109524 6 109884
1285 7 17708 6 18683
1286 47 193213 7 193555
1287 7 23735 5 24600
1288 24 20115 6 21095
1289 43 210645 6 211379
1290 36 14151 5 15102
1291 59 200813 6 201411
1292 42 86571 5 86811
1293 69 160030 5 160283
1294 22 20964 8 21672
1295 19 27500 6 27740
1296 80 62668 6 63476
1297 21 186461 7 186838
1298 19 23562 7 24404
1299 34 39087 6 39210
1300 21 86317 7 86475
1301 28 79635 6 80355
1302 72 83527 6 84276
1303 34 239136 7 240012
1304 69 79962 6 80332
1305 72 17125 7 17759
1306 43 218200 6 219084
1307 21 175952 7 176705
1308 80 210669 7 211066
1309 19 16872 5 17429
1310 16 40668 6 41472
1311 29 23063 7 23759
1312 80 248626 7 249483
1313 24 78136 7 78843
1314 21 102997 6 103454
1315 16 106497 7 107342
1316 72 247666 7 248474
1317 72 245859 7 246047
1318 21 166895 6 167665
1319 59 194998 6 195639
1320 28 43913 6 44543
1321 47 204902 5 205743
1322 16 229275 5 230135
1323 71 100647 7 101600
1324 80 218443 8 218788
1325 16 111038 5 111294
1326 24 186623 5 186951
1327 7 221110 5 221394
1328 72 135460 6 136258
1329 19 123906 8 124496
1330 59 20277 7 20811
1331 69 41824 6 42262
1332 59 89354 7 89997
1333 22 34447 6 35416
1334 16 95946 8 96927
1335 47 82619 6 83067
1336 36 216580 6 217557
1337 21 226237 6 226910
1338 21 1475 7 1706
1339 28 209976 5 210438
1340 16 189977 6 190203
1341 34 241811 7 242616
1342 72 60534 6 61533
1343 34 58819 6 59837
1344 16 59285 5 59695
1345 28 28243 6 29035
1346 16 95098 8 95946
1347 80 212930 7 213364
1348 71 166177 7 166543
1349 29 210587 7 211573
1350 72 238883 6 239789
1351 59 179156 7 179911
1352 19 27763 6 28244
1353 34 174146 7 174408
1354 19 51592 8 52279
1355 29 92845 6 93595
1356 24 158431 7 159224
1357 59 65339 6 65491
1358 7 169169 6 169466
1359 21 30342 7 30735
1360 80 244261 5 244560
1361 80 162648 7 163168
1362 69 119760 4 120942
1363 69 72782 5 73596
1364 22 79147 8 79855
1365 19 64777 6 65564
1366 29 115054 7 115854
1367 72 199943 7 200187
1368 80 8053 6 8947
1369 47 91643 6 92680
1370 28 175060 6 175246
1371 19 63384 7 63905
1372 34 8147 6 9080
1373 69 48513 5 49108
1374 34 0 6 424
1375 69 179958 6 180841
1376 7 228939 6 229502
1377 69 227986 5 228200
1378 19 221110 8 221924
1379 24 40673 6 41495
1380 43 87350 8 87817
1381 47 112840 5 113597
1382 69 14907 5 15690
1383 42 213970 6 214714
1384 19 160724 6 161254
1385 72 45282 7 45772
1386 16 116780 5 117516
1387 29 151666 7 152044
1388 72 165761 6 166304
1389 39 213388 6 213569
1390 80 0 8 566
1391 72 18626 7 19058
1392 72 154048 5 154176
1393 22 189977 6 190297
1394 16 23562 6 24355
1395 19 69560 6 70486
1396 19 144229 5 145214
1397 72 145069 4 145574
1398 19 185030 8 185252
1399 43 9943 8 10716
1400 80 149400 7 149832
1401 47 116056 5 116481
1402 21 131401 6 132394
1403 21 77745 8 78133
1404 22 192756 6 193601
1405 39 85821 7 86599
1406 29 209956 7 210182
1407 47 228393 7 229291
1408 34 232881 7 233728
1409 22 240487 7 241254
1410 7 233217 6 233930
1411 59 94417 6 95233
1412 24 18414 5 18689
1413 69 211931 6 212474
1414 21 240487 5 241275
1415 22 14846 7 15589
1416 71 27500 7 27642
1417 19 46432 5 47041
1418 71 194229 7 194688
1419 29 100197 7 101129
1420 22 225222 7 225974
1421 22 109090 7 109320
1422 24 179958 6 180621
1423 24 4984 6 5760
1424 21 79164 8 80131
1425 16 79252 8 79601
1426 29 217918 5 218790
1427 7 52723 5 53046
1428 34 183907 7 184124
1429 24 52372 6 52756
1430 43 14151 7 14293
1431 21 2772 6 3666
1432 22 62668 7 63382
1433 16 166178 5 166905
1434 43 179156 8 179949
1435 34 31644 7 32274
1436 7 58027 5 58792
1437 34 17906 7 18455
1438 7 170509 6 171225
1439 16 35884 7 36685
1440 34 127552 6 127919
1441 59 79724 7 80508
1442 21 175119 5 175952
1443 39 172197 6 173060
1444 22 19373 5 20256
1445 69 220291 6 220536
1446 24 227986 6 228926
1447 72 19343 5 20194
1448 16 64613 7 64766
1449 22 33626 7 34294
1450 19 188141 6 188350
1451 22 129726 7 130560
1452 21 40702 7 41690
1453 24 213970 5 214360
1454 72 242944 5 243490
1455 80 127565 6 128173
1456 80 52372 8 52665
1457 7 178356 6 178899
1458 21 189986 7 190728
1459 43 163819 8 164344
1460 47 223948 5 224121
1461 69 49926 5 50745
1462 16 38805 6 39087
1463 39 138529 6 139430
1464 47 139353 7 139926
1465 21 18626 8 18979
1466 34 90460 7 91453
1467 47 149400 7 150033
1468 72 123117 7 123378
1469 42 112840 6 113540
1470 7 127033 6 127199
1471 16 139010 7 139649
1472 16 70962 7 71374
1473 19 9971 6 10752
1474 21 89354 8 90175
1475 16 231589 7 232355
1476 47 78437 7 79175
1477 21 182039 7 182228
1478 80 40697 8 41598
1479 29 163339 7 163639
1480 21 140867 6 141688
1481 39 95946 7 96870
1482 22 148583 6 148839
1483 21 41816 6 42034
1484 80 224316 8 224724
1485 21 145851 7 146243
1486 16 12114 8 12705
1487 72 68125 6 68963
1488 59 2312 7 3066
1489 22 237697 6 237942
1490 47 132268 6 133054
1491 59 165005 7 165273
1492 22 83076 6 83835
1493 47 48159 5 48580
1494 16 213578 8 214426
1495 72 134157 6 134631
1496 72 12068 6 12195
1497 16 195019 7 195785
1498 34 221519 7 222329
1499 16 63384 8 64106
1500 19 122954 6 123599
1501 80 149832 5 150362
1502 29 58363 7 58560
1503 47 242528 5 242714
1504 19 63905 8 64076
1505 71 163194 7 164013
1506 21 91809 8 92549
1507 24 87985 6 88948
1508 34 243739 6 244550
1509 29 17254 7 18032
1510 72 246562 7 246740
1511 71 209712 7 210645
1512 47 99913 6 100770
1513 69 209084 6 210004
1514 71 96450 7 97133
1515 22 218811 7 219485
1516 16 237243 7 238073
1517 21 188324 8 189311
1518 28 108242 6 108798
1519 7 59096 6 59684
1520 16 160381 6 160826
1521 36 39406 6 39987
1522 72 147739 6 148455
1523 59 103222 6 103743
1524 59 26234 6 27214
1525 24 170642 5 170864
1526 47 183907 6 184615
1527 22 64309 8 64486
1528 71 211931 7 212653
1529 47 13514 6 14514
1530 24 242428 5 243216
1531 59 154048 5 154364
1532 21 98146 7 98439
1533 69 88487 6 89238
1534 16 210946 6 211931
1535 16 202588 6 203420
1536 21 110399 7 111195
1537 29 13043 7 13906
1538 24 153181 4 153560
1539 47 172112 7 172695
1540 71 89354 7 90259
1541 29 14466 7 15060
1542 21 163194 7 163819
1543 59 129726 7 130221
1544 47 164124 6 164893
1545 47 209084 5 210198
1546 43 142585 5 142886
1547 19 91765 6 92535
1548 47 187135 6 188123
1549 72 223327 7 224097
1550 22 102181 6 102965
1551 80 210178 6 210667
1552 29 113935 7 114423
1553 7 130320 6 130969
1554 16 16428 6 16872
1555 22 131993 8 132130
1556 19 182898 7 183787
1557 59 35243 6 35966
1558 72 126383 6 127278
1559 19 221924 7 222770
1560 43 194483 8 195363
1561 28 210669 5 211015
1562 16 27763 6 28243
1563 80 246618 5 247453
1564 59 84276 6 84978
1565 24 146036 5 146314
1566 28 89767 5 90224
1567 19 12174 7 12302
1568 21 28265 7 29150
1569 24 131622 7 132416
1570 19 205950 6 206665
1571 29 244603 7 245072
1572 21 245053 6 245478
1573 80 221416 6 222189
1574 71 134157 7 134398
1575 19 133308 7 134141
1576 34 26401 7 27167
1577 19 53161 5 53389
1578 21 97243 6 98146
1579 7 190976 6 191866
1580 29 231334 7 231855
1581 71 147739 7 148439
1582 80 136258 7 136803
1583 72 191235 6 191390
1584 34 4326 5 4827
1585 69 136258 6 137265
1586 22 183907 5 184183
1587 43 200806 7 201255
1588 22 161759 7 162610
1589 80 121301 6 122161
1590 59 25386 7 25940
1591 43 20608 8 20929
1592 34 77745 7 78724
1593 72 14151 6 15128
1594 19 82973 6 83744
1595 47 23063 7 23771
1596 19 242755 6 243722
1597 69 77745 6 78536
1598 19 210462 7 210598
1599 21 248019 5 248497
1600 16 87985 8 88487
1601 29 49926 7 50481
1602 43 247820 8 248092
1603 80 15502 7 16335
1604 80 2951 7 3848
1605 21 86475 6 86611
1606 16 181454 6 182052
1607 71 106823 7 107354
1608 47 20625 6 20992
1609 21 31644 5 32640
1610 69 146332 5 146482
1611 43 229864 8 230621
1612 24 190238 6 191278
1613 80 82619 8 83602
1614 71 221519 7 222195
1615 80 125662 7 126172
1616 21 127534 5 128377
1617 69 115991 5 116741
1618 16 125555 8 126278
1619 19 240965 7 241784
1620 19 140867 6 141259
1621 7 67597 6 68177
1622 16 222392 8 223327
1623 16 93121 7 93421
1624 71 17125 7 17821
1625 22 72191 8 73029
1626 7 203420 5 204231
1627 42 221340 6 222170
1628 39 131622 7 132077
1629 19 180928 6 181691
1630 16 131890 7 132061
1631 22 58872 7 59341
1632 47 1562 7 1904
1633 24 231242 5 231710
1634 24 38082 6 39028
1635 47 30342 5 30518
1636 80 12393 6 12674
1637 19 58363 6 59194
1638 19 162609 7 162918
1639 80 97175 6 98092
1640 59 143390 7 144108
1641 16 42868 8 43709
1642 28 240098 6 240614
1643 24 8147 4 9223
1644 7 174094 6 174980
1645 47 234078 5 234864
1646 59 198276 6 198775
1647 72 194271 6 195215
1648 80 218788 6 219660
1649 47 43964 7 44629
1650 7 64309 6 64997
1651 59 127420 6 127954
1652 80 212598 5 212930
1653 59 57906 6 58648
1654 36 86611 6 86900
1655 16 193527 6 193773
1656 47 141644 7 142555
1657 72 22473 7 23341
1658 7 239763 5 240859
1659 19 238391 5 238567
1660 19 96172 5 96480
1661 34 79164 5 79724
1662 19 226467 6 226835
1663 43 59155 8 59319
1664 71 129301 7 129618
1665 42 108242 6 109161
1666 29 136297 7 136802
1667 43 22315 8 22640
1668 36 45282 6 45642
1669 69 91388 6 92203
1670 22 12174 6 13080
1671 29 29908 7 30036
1672 69 242726 5 243092
1673 47 182372 7 183125
1674 29 240487 7 241310
1675 36 234153 6 234635
1676 36 205794 6 206213
1677 16 159482 6 160381
1678 36 85821 6 86406
1679 19 209084 6 209712
1680 24 206476 7 207131
1681 71 14654 7 15369
1682 21 90516 6 90766
1683 72 44044 4 44745
1684 72 91578 6 92555
1685 43 82619 7 83028
1686 80 138307 6 138766
1687 29 80131 6 80664
1688 36 60543 6 61274
1689 29 232287 7 232922
1690 80 78437 7 79417
1691 7 112840 5 113815
1692 72 86609 4 87443
1693 7 59695 6 60374
1694 21 53757 7 54750
1695 43 170933 8 171163
1696 22 230630 6 231584
1697 28 77085 6 77801
1698 29 212817 7 213464
1699 21 234408 6 234873
1700 34 157930 5 158869
1701 59 210462 7 211073
1702 42 210833 6 211443
1703 21 161759 5 162676
1704 69 116780 6 117533
1705 43 121301 8 121575
1706 16 80786 8 81772
1707 69 114970 6 115179
1708 29 93691 7 94446
1709 16 140678 7 141644
1710 22 152023 8 152684
1711 21 183190 6 184163
1712 42 143390 6 144071
1713 59 8147 7 9080
1714 19 50172 6 50836
1715 59 160743 7 161524
1716 47 185524 5 185801
1717 7 50791 6 51372
1718 39 25472 7 26207
1719 69 84276 6 84940
1720 80 189076 5 190049
1721 16 111294 6 112197
1722 69 205486 5 205794
1723 42 29908 5 30143
1724 72 249190 7 249792
1725 43 63701 7 64441
1726 59 224935 6 225103
1727 80 237697 7 238527
1728 34 220391 6 220544
1729 59 67597 6 68547
1730 7 248019 5 248816
1731 16 203420 6 204080
1732 47 101329 6 101846
1733 42 99913 6 100593
1734 42 205794 6 206648
1735 47 161252 5 161538
1736 71 4291 6 4756
1737 42 21366 6 22147
1738 69 79182 5 79443
1739 16 167741 6 168409
1740 72 93907 6 94773
1741 21 172112 6 173112
1742 72 3847 5 3999
1743 28 137044 6 137527
1744 24 107342 7 107938
1745 34 132268 5 133182
1746 28 63476 5 64406
1747 16 129726 8 130699
1748 69 66495 6 67090
1749 29 140167 5 140440
1750 42 24951 6 25231
1751 47 95946 6 96301
1752 39 245859 7 246518
1753 29 189528 6 190212
1754 72 98076 5 98989
1755 29 47030 7 47954
1756 7 202140 5 202350
1757 22 122150 4 123233
1758 42 228393 6 229356
1759 59 241977 7 242306
1760 16 217299 7 217918
1761 21 59155 7 59957
1762 36 79182 6 80118
1763 22 203420 7 204149
1764 59 99053 7 99503
1765 80 181781 6 182288
1766 47 219999 7 220360
1767 43 50326 8 50831
1768 47 6216 6 7093
1769 29 143390 7 144056
1770 22 123906 6 124747
1771 22 1321 6 2291
1772 24 45282 7 46207
1773 42 106497 6 107131
1774 69 137265 5 138088
1775 71 193085 7 194006
1776 22 84850 6 85442
1777 16 180151 6 180497
1778 34 29798 7 30503
1779 47 89354 7 89909
1780 72 2165 5 2798
1781 24 139353 7 139727
1782 24 200504 7 201369
1783 80 30674 7 31541
1784 43 76759 6 76925
1785 7 9504 6 10177
1786 43 114203 8 115029
1787 19 72191 7 72451
1788 42 238448 6 238742
1789 80 46606 6 47437
1790 16 43912 7 44363
1791 16 11364 7 12114
1792 22 41513 7 41816
1793 24 148583 7 148756
1794 34 190101 6 190847
1795 36 239300 6 239914
1796 69 198241 5 198843
1797 28 80786 6 81023
1798 28 160503 6 161346
1799 16 129301 7 129726
1800 80 34509 5 34907
1801 16 201856 5 202588
1802 59 27500 7 27706
1803 28 78437 5 79071
1804 29 62668 7 63029
1805 47 159482 5 159887
1806 43 140867 6 141669
1807 19 211135 5 212012
1808 34 149400 7 149526
1809 16 243358 8 243869
1810 29 154905 7 155749
1811 34 43709 7 44049
1812 36 98439 6 99050
1813 29 20277 6 21056
1814 42 15502 6 16382
1815 69 44519 4 45286
1816 21 166177 7 166895
1817 34 136258 7 137130
1818 34 174408 7 175262
1819 29 196305 6 197054
1820 69 115179 5 115436
1821 19 105093 5 105814
1822 47 72719 6 73276
1823 80 35989 7 36961
1824 24 64729 6 65250
1825 69 73889 6 74785
1826 21 103454 8 103698
1827 42 188450 6 189288
1828 21 12334 6 12466
1829 59 11491 7 12148
1830 42 240098 6 240809
1831 7 77767 6 78157
1832 42 125662 6 125825
1833 24 77020 4 77483
1834 7 200806 6 201175
1835 34 52372 7 52723
1836 19 90259 6 90548
1837 36 113020 6 113984
1838 16 39406 6 39926
1839 80 48188 6 49046
1840 19 106052 8 106896
1841 42 0 6 725
1842 72 131648 7 132113
1843 72 90089 5 90941
1844 34 72191 7 72655
1845 42 93691 6 94074
1846 71 92539 7 92774
1847 47 9239 6 9534
1848 7 226556 6 227367
1849 42 153181 5 153947
1850 34 210686 7 211251
1851 16 87284 6 87985
1852 71 204080 7 204534
1853 47 215178 6 215380
1854 42 63701 6 64437
1855 34 27853 6 28469
1856 22 170933 6 171187
1857 21 221726 6 222628
1858 21 174890 6 175119
1859 21 229894 5 230443
1860 71 103776 5 104372
1861 43 174315 8 174910
1862 21 154048 7 154905
1863 24 234078 7 234900
1864 19 183907 5 184720
1865 39 114381 7 114676
1866 39 78136 6 78451
1867 19 121301 6 121820
1868 80 229498 7 230282
1869 16 219550 7 220291
1870 69 147602 6 147780
1871 72 230135 7 230884
1872 72 38082 7 38219
1873 42 49628 6 50427
1874 28 224912 6 225554
1875 7 209084 6 209471
1876 34 155930 7 156085
1877 42 73889 6 74781
1878 80 56431 8 57186
1879 22 181547 6 181704
1880 29 209212 7 209810
1881 22 18821 5 19373
1882 16 115054 5 115536
1883 7 16450 5 16897
1884 47 80131 5 80798
1885 21 164932 8 165155
1886 24 115991 7 116337
1887 21 0 6 667
1888 24 91047 4 91834
1889 72 132268 5 133108
1890 69 139353 6 140189
1891 69 144350 5 145417
1892 47 110082 6 110745
1893 29 175119 7 175361
1894 47 18626 6 19024
1895 43 184388 8 185155
1896 80 230413 7 230604
1897 16 23056 7 23562
1898 22 165005 8 165793
1899 72 137884 7 138653
1900 47 220632 6 221651
1901 80 211931 7 212598
1902 69 169169 6 169757
1903 7 101428 6 102190
1904 80 41598 6 42303
1905 34 245440 7 245954
1906 21 85821 8 86317
1907 47 0 6 448
1908 21 16404 5 16626
1909 80 184673 8 185524
1910 43 54523 8 54961
1911 69 24355 6 25059
1912 7 44519 5 45317
1913 36 12543 6 13313
1914 47 22211 6 22694
1915 19 109571 7 109909
1916 47 196305 7 197182
1917 7 93845 5 94736
1918 69 174625 6 175143
1919 43 29125 8 30062
1920 19 215178 8 215905
1921 47 127437 5 127765
1922 22 93421 7 94115
1923 80 217583 6 218443
1924 28 202031 6 202732
1925 19 119760 8 120564
1926 16 143534 7 144104
1927 47 244603 6 244842
1928 7 14466 4 14906
1929 29 77745 7 78708
1930 69 87350 6 88176
1931 47 110745 7 111175
1932 34 115217 6 116101
1933 16 14436 6 15063
1934 24 222156 7 222742
1935 71 58363 7 59242
1936 69 122954 6 123658
1937 72 125755 6 126383
1938 39 4672 7 5293
1939 19 7015 7 7403
1940 72 137044 5 137772
1941 19 80131 7 80890
1942 7 31644 6 32382
1943 24 159224 7 159828
1944 16 64766 7 65613
1945 7 114080 4 114844
1946 22 196752 5 196896
1947 72 195811 7 196624
1948 36 204902 6 205260
1949 43 205667 8 205873
1950 16 26401 5 27226
1951 19 111013 5 111721
1952 47 223327 7 223673
1953 71 224912 6 225225
1954 21 63384 7 63964
1955 59 175060 6 175297
1956 22 139649 6 139875
1957 69 15852 6 16332
1958 59 74288 6 75089
1959 34 231045 6 231512
1960 19 37789 8 38708
1961 80 220487 6 221003
1962 29 121577 7 121868
1963 16 220291 7 220619
1964 19 59418 7 59780
1965 22 89250 8 90089
1966 19 203420 7 204154
1967 69 182898 5 183799
1968 16 155140 6 155930
1969 28 64406 6 64660
1970 29 85821 7 86133
1971 7 129301 6 129598
1972 7 243869 6 244518
1973 21 86611 6 87350
1974 80 35243 6 35989
1975 7 97146 6 97924
1976 59 12393 6 12750
1977 7 103660 5 103878
1978 71 34720 7 35276
1979 21 66088 5 67092
1980 71 11364 6 11612
1981 43 60543 7 61511
1982 16 170509 5 171304
1983 42 146332 6 146824
1984 22 47957 5 48292
1985 16 144104 6 144379
1986 47 130320 5 131043
1987 36 89354 6 90273
1988 21 241677 8 242253
1989 80 200650 7 200806
1990 24 209471 6 209976
1991 21 88856 6 89354
1992 24 201369 6 202186
1993 43 205950 8 206826
1994 59 235463 7 236173
1995 36 240965 6 241477
1996 43 147739 7 148564
1997 28 126943 5 127613
1998 29 39087 7 39885
1999 24 116353 7 116577
2000 21 201290 6 202140
2001 29 164397 7 164605
2002 47 123843 5 124868
2003 7 124022 6 124723
2004 28 200813 6 201656
2005 22 105380 6 106164
2006 80 21949 7 22666
2007 47 4672 6 5294
2008 43 117909 8 118134
2009 43 139353 8 140249
2010 59 240538 6 241165
2011 21 228212 5 228801
2012 47 204080 7 204897
2013 59 249483 6 250014
2014 59 163590 5 164100
2015 72 172112 5 172309
2016 16 246562 6 247007
2017 72 160719 7 161610
2018 80 92845 6 93413
2019 80 151291 7 152018
2020 59 242528 6 243239
2021 7 71218 5 72030
2022 24 94325 5 94938
2023 19 245859 7 246712
2024 42 219550 6 219708
2025 71 235696 6 236592
2026 39 0 6 452
2027 7 166177 6 167124
2028 80 32505 5 33389
2029 69 148583 6 149133
2030 69 145678 6 146265
2031 7 217299 5 218009
2032 34 112840 5 113434
2033 43 191390 8 192056
2034 59 140867 6 141670
2035 7 223327 6 224303
2036 24 58819 7 58986
2037 16 62668 7 62924
2038 59 238527 6 239278
2039 22 166983 7 167916
2040 43 80131 6 80900
2041 16 77085 6 77745
2042 72 59713 7 60515
2043 24 50308 6 50653
2044 28 41513 6 42230
2045 72 116658 7 117116
2046 47 243473 7 244363
2047 21 179156 8 179506
2048 22 117684 8 118274
2049 80 91388 7 92120
2050 16 204902 7 205667
2051 24 204368 7 205080
2052 47 3559 6 4503
2053 69 113172 6 113676
2054 21 49202 8 49628
2055 47 50245 5 50430
2056 39 92442 6 93246
2057 24 46873 6 47603
2058 16 223327 6 223647
2059 42 223327 5 223892
2060 21 142812 7 143214
2061 69 18078 6 18596
2062 22 166307 6 166983
2063 69 8147 6 9086
2064 7 199269 5 199475
2065 42 98383 6 99372
2066 34 52723 7 52976
2067 59 221615 6 222573
2068 19 76368 6 77213
2069 39 111038 6 111980
2070 39 198299 7 199137
2071 42 212930 5 213894
2072 59 228939 5 229730
2073 69 212817 6 213588
2074 39 90089 6 90460
2075 43 89767 8 90722
2076 34 209084 6 209785
2077 34 89354 7 90058
2078 19 68125 8 68385
2079 71 234900 6 235541
2080 71 151182 7 152091
2081 16 156202 6 157113
2082 34 205486 5 206290
2083 28 112840 6 113645
2084 21 236818 6 237567
2085 24 151182 6 151986
2086 39 175119 6 176051
2087 22 193773 7 194686
2088 21 9971 6 10745
2089 39 100522 7 101280
2090 59 48159 5 48608
2091 16 191812 7 192756
2092 80 53757 8 54523
2093 47 236818 6 237697
2094 29 221726 6 222512
2095 19 173261 8 173892
2096 28 92847 6 93650
2097 80 136803 5 137483
2098 59 139649 7 140634
2099 71 4756 7 5514
2100 80 50080 7 50659
2101 71 158768 7 159197
2102 72 179156 7 179587
2103 24 130320 7 130824
2104 16 198241 6 198387
2105 16 176583 6 177332
2106 21 130699 7 131401
2107 72 193527 6 194231
2108 59 187343 7 187974
2109 71 189528 7 190075
2110 59 132061 5 132668
2111 34 200091 5 200809
2112 72 229015 6 229865
2113 24 244158 7 244537
2114 16 215178 5 216057
2115 29 122149 7 122407
2116 28 242755 6 243710
2117 59 148583 7 148715
2118 7 247187 5 247927
2119 80 20277 8 20766
2120 16 115536 6 115991
2121 7 87508 6 88530
2122 43 154176 8 155127
2123 21 96769 6 97243
2124 69 12705 5 13532
2125 39 233201 7 234117
2126 80 228585 6 229498
2127 69 7387 6 8084
2128 16 176054 7 176583
2129 80 47622 8 48188
2130 22 24080 6 25072
2131 39 152068 6 152924
2132 69 126579 6 126873
2133 24 85821 7 86611
2134 69 248457 6 248664
2135 22 234864 5 235595
2136 19 16404 4 16731
2137 34 116858 5 117731
2138 19 132428 8 133112
2139 43 108850 8 109077
2140 21 26341 6 26752
2141 80 45938 7 46606
2142 24 2076 6 2671
2143 80 180928 7 181781
2144 34 12543 6 13295
2145 71 714 7 1628
2146 47 116504 7 117145
2147 71 77767 7 78489
2148 19 0 6 228
2149 72 160030 7 160190
2150 21 108694 8 109524
2151 7 216580 6 216884
2152 47 7387 5 7887
2153 22 17134 8 17845
2154 34 140867 6 141612
2155 39 9504 7 10173
2156 19 77745 6 78624
2157 24 51367 7 52027
2158 69 76368 6 77093
2159 19 84276 7 84563
2160 21 221110 7 221726
2161 16 55408 6 56171
2162 19 130320 7 130582
2163 47 156466 5 156616
2164 36 240098 6 240766
2165 47 30674 6 31558
2166 22 221110 8 222089
2167 19 95946 6 96172
2168 59 1356 7 2305
2169 16 51000 6 51707
2170 34 1802 5 2324
2171 21 216985 6 217897
2172 24 221340 6 222089
2173 24 224912 6 225815
2174 24 11365 6 12174
2175 69 5444 5 6266
2176 47 153181 6 153952
2177 71 60599 7 61359
2178 59 138529 5 138827
2179 43 28265 6 29125
2180 24 101456 6 102282
2181 71 198276 7 199011
2182 34 18626 5 19026
2183 43 48341 8 49206
2184 47 102181 7 102930
2185 16 77745 5 78141
2186 21 128416 8 129049
2187 80 4751 7 5402
2188 43 22721 6 22906
2189 34 94518 5 95475
2190 80 171014 8 171487
2191 16 92117 7 93121
2192 28 182372 6 182765
2193 47 179684 6 179887
2194 72 40673 6 41538
2195 29 117990 7 118588
2196 72 226835 7 227504
2197 21 4291 8 4771
2198 72 246097 6 246257
2199 59 174315 5 175033
2200 19 115927 7 116071
2201 59 162609 6 163420
2202 29 202337 7 203238
2203 16 248626 6 249337
2204 80 4291 8 4751
2205 47 180928 5 181870
2206 80 102181 5 102637
2207 72 197522 7 198299
2208 39 150362 5 150725
2209 22 88456 7 89165
2210 19 39087 8 39242
2211 24 240098 6 240494
2212 22 109524 6 109791
2213 47 179156 6 179684
2214 22 239136 5 239437
2215 80 202031 6 202840
2216 24 191278 5 191782
2217 80 154400 6 155276
2218 71 67597 7 68036
2219 80 201125 6 202031
2220 29 116475 7 116776
2221 21 206238 5 207127
2222 72 27101 6 28017
2223 24 205722 7 206476
2224 80 241410 6 242169
2225 24 218590 6 219381
2226 69 194194 6 194965
2227 16 101329 6 102181
2228 24 66088 7 66270
2229 29 165141 7 165563
2230 47 190203 7 190426
2231 69 65339 6 66162
2232 47 233162 6 234078
2233 80 90565 7 91047
2234 80 222189 6 222835
2235 72 92847 7 93165
2236 22 116825 5 117684
2237 59 209084 7 209927
2238 80 106677 7 106823
2239 34 40673 6 41543
2240 34 60691 7 61358
2241 19 223327 6 223683
2242 16 244603 7 245053
2243 22 238205 5 238918
2244 42 122954 6 123782
2245 34 227986 7 228822
2246 39 130699 6 131622
2247 43 183190 8 183596
2248 16 34447 5 35243
2249 72 20608 7 20923
2250 16 180497 8 180928
2251 59 30519 6 31178
2252 34 102181 6 102844
2253 43 54961 8 55792
2254 34 39242 7 39567
2255 80 9829 8 10566
2256 47 192756 7 193213
2257 59 147739 7 148365
2258 28 209084 5 209519
2259 16 175731 8 176054
2260 24 39087 7 39275
2261 24 122954 7 123781
2262 34 105812 7 106605
2263 7 210587 6 211395
2264 34 117909 7 118167
2265 22 87508 6 88370
2266 16 36685 6 37789
2267 28 221726 6 222671
2268 22 217162 8 218155
2269 7 72191 6 72719
2270 21 39087 8 39575
2271 16 193983 7 194194
2272 47 127870 7 128679
2273 69 172112 6 172612
2274 59 183907 7 184485
2275 7 116595 6 117508
2276 59 192756 6 193537
2277 19 3559 5 4697
2278 47 94272 5 95065
2279 22 182898 7 183437
2280 7 243568 6 243702
2281 47 53161 6 53640
2282 71 139353 7 139822
2283 19 52723 7 53116
2284 21 217897 7 218872
2285 16 102181 7 102331
2286 71 242902 6 243739
2287 39 234864 7 235682
2288 72 219114 6 220102
2289 21 153181 6 154048
2290 22 47032 7 47799
2291 16 71374 8 72191
2292 34 164567 5 165369
2293 19 54462 6 55254
2294 19 239763 7 240611
2295 19 238567 5 239300
2296 42 117909 5 118741
2297 47 240098 7 240811
2298 72 81772 7 82502
2299 19 134157 7 134503
2300 16 13514 6 14436
2301 22 76585 6 77312
2302 24 241657 5 242428
2303 34 69560 5 70321
2304 69 89568 5 90212
2305 21 140120 8 140821
2306 72 145851 6 146561
2307 24 160719 6 161430
2308 28 106823 6 107533
2309 34 78843 6 79135
2310 43 98439 8 98860
2311 47 249483 6 249781
2312 24 56431 7 57169
2313 24 205486 6 205722
2314 19 13514 6 14112
2315 34 207417 7 208044
2316 59 226519 5 227323
2317 47 46167 7 46521
2318 19 92539 6 93477
2319 43 117204 8 117909
2320 69 126874 6 127130
2321 24 13043 4 13881
2322 59 23056 6 23676
2323 29 68125 7 68960
2324 29 242528 7 242948
2325 80 21366 8 21949
2326 28 49348 6 50165
2327 42 156881 6 157420
2328 29 40702 7 41696
2329 36 101656 6 101856
2330 69 181691 6 181996
2331 80 179894 7 180643
2332 34 72719 7 72875
2333 72 48645 6 49623
2334 72 185795 6 186284
2335 71 214360 7 214858
2336 71 25472 6 26147
2337 16 221110 6 221615
2338 28 125990 6 126696
2339 24 41495 7 41845
2340 28 25386 5 25899
2341 59 205743 6 206519
2342 16 54462 8 54672
2343 29 145322 7 145492
2344 28 194483 6 195186
2345 39 146513 7 147253
2346 7 146561 6 146993
2347 59 153181 7 153680
2348 19 122149 7 122306
2349 72 99053 6 99624
2350 16 1802 6 2295
2351 34 27500 6 27853
2352 28 234135 6 234265
2353 47 15502 5 16337
2354 69 146958 5 147509
2355 36 223327 6 224246
2356 19 224312 8 225072
2357 16 7885 6 8712
2358 19 149400 8 149910
2359 24 174094 7 175028
2360 29 59957 7 60439
2361 24 202186 6 202512
2362 21 105496 7 105687
2363 72 170642 6 171286
2364 7 157930 6 158957
2365 24 79164 7 79635
2366 43 2076 8 2605
2367 16 241657 8 242386
2368 19 32502 8 33262
2369 29 246097 6 246945
2370 80 199890 7 200650
2371 72 69560 6 70551
2372 80 103401 7 104277
2373 42 115991 5 116536
2374 39 714 7 1630
2375 59 41711 6 42185
2376 39 67645 7 68210
2377 43 59418 7 60055
2378 24 89471 7 90267
2379 43 245440 8 245943
2380 80 243568 6 244261
2381 69 219999 6 220256
2382 24 223327 7 224312
2383 22 63770 7 64309
2384 47 25703 6 26507
2385 42 222170 6 222978
2386 47 143390 6 143868
2387 19 201473 8 201902
2388 7 229864 5 230814
2389 21 34447 8 34720
2390 34 195128 6 196048
2391 28 24912 6 25103
2392 16 3980 7 4291
2393 24 162244 6 163094
2394 19 192756 6 193682
2395 72 6073 5 7033
2396 43 213527 6 214479
2397 34 223327 5 224364
2398 21 667 8 1475
2399 69 97265 6 98066
2400 29 154 7 896
2401 39 84276 7 84574
2402 39 125990 6 126448
2403 36 48513 5 49228
2404 22 48341 7 48637
2405 19 227986 7 228813
2406 7 231334 5 231961
2407 21 122149 8 123088
2408 47 111175 7 111657
2409 22 130560 7 130744
2410 24 134157 6 135011
2411 22 139024 5 139561
2412 80 108242 8 108968
2413 59 116353 6 117157
2414 24 146958 7 147346
2415 16 216057 6 216435
2416 80 76900 8 77767
2417 43 222156 8 222361
2418 80 231442 6 232003
2419 24 210233 6 211045
2420 16 124022 6 125133
2421 59 245859 6 246049
2422 80 64660 6 64865
2423 22 77745 8 78359
2424 19 188450 5 188617
2425 69 566 6 1356
2426 47 76368 6 77274
2427 71 202074 7 202928
2428 69 60374 6 61180
2429 21 112840 8 113529
2430 80 236818 8 236967
2431 59 29798 6 30416
2432 34 236818 7 237825
2433 28 566 5 1361
2434 16 210669 6 210946
2435 69 164124 6 164363
2436 69 202140 5 202769
2437 16 116222 8 116780
2438 47 202031 7 202852
2439 29 227994 7 228544
2440 7 123117 5 124010
2441 47 60374 6 61092
2442 34 72985 6 73619
2443 80 166895 6 167623
2444 19 43964 6 44613
2445 24 139926 6 140764
2446 80 114080 7 114783
2447 7 15852 5 16194
2448 80 193181 5 193489
2449 22 90089 8 90952
2450 24 109762 7 110738
2451 28 130824 6 131490
2452 29 122954 7 123815
2453 59 146513 7 146906
2454 22 84276 6 84599
2455 80 128173 7 129012
2456 21 116119 7 116961
2457 71 243739 6 244581
2458 22 115837 8 116483
2459 42 32502 6 33284
2460 24 185795 5 186623
2461 19 94773 7 94926
2462 69 138088 6 138655
2463 69 212499 5 212706
2464 16 189362 7 189977
2465 7 20277 5 20440
2466 69 149644 5 150021
2467 29 1596 7 2015
2468 36 63880 6 64615
2469 24 231045 7 231242
2470 80 126778 7 127565
2471 16 221615 6 222392
2472 47 239159 6 239866
2473 24 182372 5 183313
2474 34 248457 7 248579
2475 21 171323 8 172112
2476 19 202140 4 203277
2477 21 243607 5 244552
2478 69 240098 6 240877
2479 22 26234 6 27227
2480 47 214096 7 214630
2481 19 99209 7 99906
2482 72 118166 5 118841
2483 16 171304 8 172197
2484 47 125990 6 126809
2485 36 232052 6 232873
2486 43 17125 8 17791
2487 59 137884 7 138442
2488 7 143390 5 144147
2489 21 223948 7 224912
2490 80 140867 6 141114
2491 69 25891 6 26733
2492 72 100732 5 101593
2493 34 25093 7 25472
2494 72 188343 7 189205
2495 47 186623 7 186962
2496 7 105700 5 106157
2497 16 226467 7 226936
2498 24 141644 7 142041
2499 34 125555 6 125762
2500 7 0 5 495
2501 47 201266 7 202010
2502 21 196752 5 197171
2503 39 22921 6 23301
2504 47 105330 7 106116
2505 36 242944 5 243661
2506 28 26234 6 27185
2507 29 64228 7 65213
2508 19 186461 6 187261
2509 16 109090 7 110082
2510 24 197522 7 197658
2511 7 171371 5 172132
2512 69 193773 5 194061
2513 39 14151 6 14755
2514 21 68370 8 69101
2515 72 213970 6 214497
2516 34 155425 6 155686
2517 21 115856 8 116119
2518 80 240098 6 240598
2519 22 188343 7 189191
2520 28 57906 6 58904
2521 39 79635 5 80487
2522 42 18078 6 19003
2523 22 190878 7 191680
2524 42 218590 6 219494
2525 42 224461 5 225211
2526 7 45885 6 46881
2527 43 242528 8 243124
2528 22 104547 6 105380
2529 22 128068 6 128886
2530 21 101451 7 102246
2531 19 172112 8 172934
2532 22 110082 6 110820
2533 36 140167 6 140912
2534 80 7387 8 8053
2535 47 199790 6 200059
2536 43 241657 8 242465
2537 16 135460 7 136297
2538 72 63476 7 63880
2539 69 222156 6 223097
2540 21 29150 6 30164
2541 16 125133 5 125555
2542 80 169938 6 171014
2543 80 112366 8 112971
2544 34 146332 7 146456
2545 80 132268 6 133022
2546 72 0 6 512
2547 16 118354 5 119053
2548 39 39406 7 39961
2549 71 9971 7 10786
2550 69 85821 6 86473
2551 21 94222 6 94981
2552 21 109524 8 110399
2553 24 169853 6 170642
2554 24 67597 6 68363
2555 24 41845 6 42701
2556 69 17254 5 18078
2557 29 24912 7 25109
2558 80 139010 8 139361
2559 72 9829 6 10591
2560 19 243739 6 244462
2561 19 179785 6 180448
2562 47 181870 5 182313
2563 59 56171 6 56980
2564 7 160030 5 160925
2565 16 76368 6 77085
2566 19 35243 8 35970
2567 39 46873 6 47125
2568 36 92539 6 92939
2569 24 226467 7 227404
2570 22 78437 8 79147
2571 16 235463 6 236019
2572 43 102331 7 102952
2573 47 194194 7 194996
2574 69 154048 5 154218
2575 59 201473 6 201630
2576 16 146332 6 146636
2577 21 9185 7 9400
2578 43 24634 8 24783
2579 21 233693 6 234408
2580 47 77745 6 78353
2581 72 162609 6 163590
2582 59 150362 7 151077
2583 34 63476 7 64317
2584 16 238073 8 238391
2585 71 187094 7 187856
2586 16 33626 5 34447
2587 43 25472 7 26186
2588 42 160319 6 161136
2589 21 155671 7 155840
2590 16 50017 5 50404
2591 47 129755 5 129938
2592 42 60543 6 61250
2593 34 87350 7 88066
2594 21 199097 8 200091
2595 7 7387 6 8124
2596 21 179506 6 179954
2597 71 14151 7 14654
2598 69 189977 6 190403
2599 7 149400 5 150451
2600 16 207209 8 207457
2601 22 50923 5 51675
2602 43 74288 8 75111
2603 29 180497 7 181413
2604 16 105093 6 105903
2605 39 117990 7 118395
2606 39 115856 7 116721
2607 22 116483 5 116825
2608 22 59418 7 59671
2609 34 217162 6 218262
2610 39 190203 6 190560
2611 24 188930 6 189456
2612 71 115837 6 116706
2613 22 172112 5 172794
2614 22 155140 6 155987
2615 16 107342 6 108242
2616 7 19343 6 20192
2617 39 149644 6 150125
2618 69 198955 6 199898
2619 21 24634 8 24823
2620 16 25608 7 26401
2621 24 184092 7 184923
2622 21 93421 8 94222
2623 71 22211 7 23069
2624 19 181691 7 182373
2625 7 89471 5 90251
2626 24 5760 7 6667
2627 34 109090 5 110062
2628 72 231334 7 231831
2629 80 61711 5 62599
2630 34 7387 5 8055
2631 43 129301 7 130276
2632 72 106497 7 107400
2633 43 14436 8 14713
2634 69 43912 6 44429
2635 34 160319 5 161122
2636 59 233320 5 234093
2637 47 8779 5 9239
2638 24 194703 6 195591
2639 47 26507 6 27263
2640 42 39406 6 39953
2641 43 70444 7 71150
2642 19 235277 8 236081
2643 24 238391 6 239136
2644 69 224312 6 225085
2645 19 175060 6 175928
2646 59 179958 7 180656
2647 34 179156 6 179416
2648 42 55792 6 56435
2649 39 139649 6 140501
2650 22 242902 5 243772
2651 72 72191 7 72900
2652 43 162609 8 163455
2653 29 131648 7 131949
2654 19 151182 6 151671
2655 69 101656 6 101802
2656 71 76368 5 76694
2657 16 157930 5 158173
2658 21 144350 7 145149
2659 36 96694 6 97604
2660 16 68828 6 69560
2661 69 185526 6 185711
2662 69 247722 6 248186
2663 21 209212 7 209988
2664 69 225525 6 225740
2665 21 245478 7 246155
2666 72 174094 7 174523
2667 47 12174 6 12734
2668 72 50786 4 51739
2669 47 566 7 1359
2670 34 62068 7 62957
2671 80 245440 7 245838
2672 69 155140 6 156129
2673 59 69707 7 70536
2674 80 59544 7 59838
2675 29 160030 7 160384
2676 16 242528 8 243358
2677 43 233162 7 233665
2678 7 152023 6 152604
2679 80 232355 7 232922
2680 29 21672 5 22123
2681 19 116071 7 116468
2682 16 64106 5 64613
2683 22 176583 8 177413
2684 24 72719 7 73003
2685 80 179692 6 179894
2686 24 136936 7 137843
2687 59 23735 6 24165
2688 24 157113 7 157275
2689 21 88244 7 88856
2690 7 68370 6 68631
2691 34 100510 7 101340
2692 16 19949 7 20862
2693 22 98076 5 98700
2694 34 566 6 1357
2695 47 22721 5 23029
2696 43 15693 7 16653
2697 19 244603 6 245603
2698 24 166177 6 166690
2699 16 157113 8 157930
2700 43 249483 8 250152
2701 16 12705 7 13514
2702 21 147602 7 148466
2703 34 96325 5 96694
2704 72 200813 4 201669
2705 80 178356 8 178812
2706 42 157930 6 158324
2707 72 184388 6 184573
2708 43 72782 8 73121
2709 39 68300 6 68959
2710 69 204368 6 205167
2711 19 6448 6 6755
2712 22 165793 6 166307
2713 72 1562 7 1945
2714 22 27500 8 27651
2715 21 188141 7 188324
2716 16 29022 6 29908
2717 24 123781 7 124081
2718 43 14907 7 15693
2719 22 7396 6 8160
2720 28 111013 6 111315
2721 24 50653 7 51367
2722 69 232922 6 233308
2723 69 162609 6 163386
2724 42 92442 6 92963
2725 34 186461 5 186783
2726 43 12705 8 13517
2727 36 106823 5 107335
2728 59 149644 6 149837
2729 7 194998 6 195823
2730 21 186838 7 187644
2731 42 172197 6 173131
2732 69 140867 6 141200
2733 7 5760 6 6698
2734 7 193489 4 194001
2735 36 201856 6 202655
2736 43 101329 8 102160
2737 34 84850 5 85859
2738 22 243869 6 244538
2739 71 216629 7 216848
2740 7 236818 6 237586
2741 7 183907 5 184670
2742 36 31644 5 32476
2743 69 166895 6 167556
2744 22 247974 7 248792
2745 7 141644 6 142473
2746 47 2671 5 3559
2747 22 198744 7 199134
2748 72 15685 4 16734
2749 21 224912 8 225713
2750 19 134503 8 135030
2751 16 19343 6 19949
2752 39 54462 6 55145
2753 16 140359 5 140678
2754 34 66495 6 67003
2755 21 184163 6 184440
2756 59 21011 6 21823
2757 24 110738 7 111675
2758 22 15685 7 16618
2759 69 99913 5 100668
2760 39 48620 7 49394
2761 22 61255 7 61702
2762 19 156775 6 157555
2763 59 133309 6 133803
2764 28 54462 6 54630
2765 39 60747 7 61166
2766 59 159568 6 160279
2767 80 221110 5 221416
2768 59 155276 7 156068
2769 59 3559 7 4517
2770 16 133309 7 134157
2771 19 218745 5 219467
2772 7 105093 6 105700
2773 47 161759 6 162583
2774 72 99703 5 99875
2775 7 79164 5 80184
2776 36 80786 6 81070
2777 43 77745 8 78729
2778 39 41513 7 41712
2779 19 155840 6 156772
2780 28 226519 6 227282
2781 39 39087 6 39288
2782 80 144104 8 145069
2783 22 66310 7 66442
2784 59 58819 6 59282
2785 28 98923 6 99748
2786 80 95946 7 96389
2787 59 108589 6 109017
2788 59 117204 7 118069
2789 22 136943 5 137573
2790 7 53757 6 54470
2791 7 76368 6 77316
2792 47 63701 6 64183
2793 22 147602 7 148374
2794 34 23056 7 23639
2795 34 121461 6 122130
2796 34 103776 6 104165
2797 47 99053 7 99857
2798 72 30674 7 31576
2799 42 90663 5 90841
2800 19 236818 6 237532
2801 29 124022 7 124585
2802 42 14436 6 14695
2803 59 107342 6 108152
2804 24 146332 7 146958
2805 72 62668 6 63404
2806 16 150219 8 151182
2807 69 4751 6 5444
2808 16 53757 6 54462
2809 80 160945 6 161252
2810 7 220393 6 220934
2811 24 178356 7 179267
2812 80 175132 7 175348
2813 69 156202 5 156914
2814 47 131244 5 131923
2815 80 117362 6 117831
2816 72 141644 5 142367
2817 42 182898 5 183689
2818 22 86317 7 86688
2819 24 21366 7 22289
2820 16 100510 8 101329
2821 47 90823 7 91643
2822 28 234508 6 235259
2823 21 105093 8 105252
2824 42 110193 6 110396
2825 34 151666 6 152605
2826 7 3559 6 4466
2827 24 245859 7 246229
2828 34 122149 6 122996
2829 34 194194 7 195128
2830 39 201369 7 202004
2831 47 93421 6 93744
2832 80 85821 8 85996
2833 42 66738 6 67699
2834 47 197522 6 198276
2835 69 33155 6 34079
2836 7 145069 6 145930
2837 19 212843 6 213795
2838 80 76368 6 76900
2839 19 249291 8 250134
2840 7 48513 6 48942
2841 19 145322 6 146282
2842 19 45924 7 46283
2843 69 39242 6 39598
2844 80 86780 7 87508
2845 42 127565 6 127926
2846 34 244603 7 245215
2847 24 126189 6 126874
2848 36 714 5 1606
2849 7 198241 4 198648
2850 69 164529 6 165359
2851 21 54750 8 55693
2852 19 225072 7 225417
2853 21 239323 6 239850
2854 21 237697 7 238448
2855 80 106823 7 107322
2856 71 45082 6 45924
2857 7 225713 6 226521
2858 43 45885 7 46722
2859 59 22211 5 22931
2860 24 35970 6 36799
2861 24 32523 6 33223
2862 34 154501 6 155425
2863 16 209653 5 209956
2864 19 130699 8 131309
2865 47 193773 6 194158
2866 21 198241 8 199097
2867 59 193773 7 194768
2868 7 219550 5 219956
2869 29 102997 5 103337
2870 47 148583 6 149389
2871 24 247105 6 248078
2872 39 217162 6 217898
2873 21 48620 8 48880
2874 29 188141 7 188746
2875 43 2605 8 3400
2876 39 129301 7 130221
2877 7 74288 6 74695
2878 72 235747 7 236709
2879 19 166177 7 166691
2880 72 108242 7 108890
2881 47 40673 7 41504
2882 34 185524 7 186285
2883 72 136258 6 137044
2884 47 136258 6 136596
2885 72 8712 7 8970
2886 21 190728 6 191554
2887 7 99703 6 100549
2888 24 113591 5 114558
2889 80 54862 8 55460
2890 72 32361 6 33155
2891 21 50756 7 51452
2892 43 51452 7 51596
2893 69 28243 5 29041
2894 16 217162 7 217299
2895 39 126448 7 127214
2896 69 18626 6 19023
2897 19 7403 6 8205
2898 69 131401 6 132561
2899 16 245859 7 246562
2900 47 174315 6 175201
2901 7 17125 6 17708
2902 22 175093 4 175605
2903 19 231758 7 232435
2904 59 230596 7 231425
2905 21 87350 8 88244
2906 72 227986 7 228625
2907 36 116353 5 116726
2908 19 2312 7 3055
2909 16 238391 5 238881
2910 80 14762 8 15502
2911 71 156202 6 156747
2912 43 166177 7 167176
2913 47 136803 5 137577
2914 80 59838 8 60599
2915 22 21672 6 22566
2916 72 75589 6 76352
2917 80 164535 8 165058
2918 16 105903 5 106286
2919 19 100372 7 101271
2920 80 131648 6 131998
2921 21 238448 6 239323
2922 29 175802 7 176611
2923 34 106687 5 107340
2924 21 125022 7 125755
2925 80 193489 6 194271
2926 42 140120 6 140442
2927 24 17125 7 17817
2928 42 189362 6 190092
2929 16 108242 6 109090
2930 42 27500 5 27878
2931 29 186783 7 187727
2932 69 22722 6 23084
2933 80 85996 7 86780
2934 42 46432 5 46815
2935 72 248474 6 249190
2936 16 217918 8 218200
2937 72 56171 7 57074
2938 47 152023 7 152980
2939 71 84276 7 84668
2940 69 233320 5 234001
2941 7 108242 6 108589
2942 22 106286 7 106652
2943 47 102952 6 103677
2944 29 219114 7 219442
2945 19 95098 6 95936
2946 39 17708 7 18550
2947 24 234900 6 235793
2948 69 122149 5 122630
2949 16 9504 6 9829
2950 80 174315 6 175132
2951 72 151182 7 151308
2952 22 232292 6 233122
2953 72 99913 6 100732
2954 21 207127 8 207382
2955 24 105597 7 106236
2956 28 96389 6 96603
2957 21 149400 8 149644
2958 80 116056 7 116475
2959 47 104547 7 105284
2960 19 99913 5 100124
2961 80 77767 6 78437
2962 19 99053 5 99194
2963 59 51592 6 52302
2964 80 79417 5 79579
2965 80 133022 8 133739
2966 34 214232 5 214747
2967 47 115060 7 115869
2968 29 9971 5 10782
2969 22 149400 6 150400
2970 47 245053 6 245825
2971 29 96389 7 97142
2972 16 98923 6 99703
2973 7 242528 6 243153
2974 43 216629 7 217161
2975 24 48188 5 48339
2976 80 163194 8 163339
2977 16 79962 4 80786
2978 21 195811 8 196643
2979 16 204080 7 204902
2980 80 160030 8 160743
2981 16 174976 7 175731
2982 19 199269 4 199749
2983 22 177970 7 178917
2984 72 224912 5 225327
2985 16 70650 5 70962
2986 28 10745 6 10880
2987 19 47957 7 49072
2988 59 236818 5 237482
2989 21 47030 7 47957
2990 36 16103 6 16303
2991 7 179156 5 180008
2992 16 90663 8 91486
2993 43 55792 8 56593
2994 59 189311 7 190012
2995 47 62068 6 62575
2996 39 160030 6 160322
2997 47 235747 7 236332
2998 16 18347 7 18526
2999 22 249190 5 250030
3000 80 566 6 1321
3001 7 241657 5 241977
3002 24 86611 6 87496
3003 24 102282 7 103222
3004 59 17125 7 17777
3005 43 206826 8 207793
3006 24 82989 6 83993
3007 71 102331 5 102489
3008 34 9185 6 9430
3009 24 209976 7 210233
3010 16 102331 5 102840
3011 59 223327 7 224065
3012 42 30961 5 31915
3013 71 238391 7 238977
3014 22 121577 8 122150
3015 16 209212 6 209653
3016 7 24634 5 25537
3017 19 107342 5 108130
3018 7 110082 6 111159
3019 34 148583 7 148931
3020 29 229894 7 230657
3021 47 150362 7 150784
3022 80 69560 8 70279
3023 69 46873 6 47599
3024 22 62003 7 62463
3025 24 136258 7 136563
3026 71 150362 5 150683
3027 19 60602 6 61466
3028 16 223647 7 224461
3029 80 91047 8 91388
3030 59 77085 6 77261
3031 19 61466 6 62341
3032 7 164124 6 164705
3033 42 87508 6 87898
3034 7 80786 6 80960
3035 16 44363 8 45082
3036 19 39463 5 40061
3037 19 143390 8 144229
3038 22 227994 4 228900
3039 29 91377 7 92105
3040 7 210233 6 210587
3041 80 64865 7 65664
3042 21 111985 8 112840
3043 21 202140 5 203106
3044 34 124022 6 124960
3045 16 121301 7 122149
3046 36 242528 6 242696
3047 22 39087 6 39904
3048 29 4326 7 4850
3049 22 69560 7 69985
3050 24 121760 7 122478
3051 29 233162 7 233409
3052 71 231710 7 232133
3053 34 202449 7 203492
3054 19 40673 7 41515
3055 21 51452 5 52439
3056 29 147739 7 148475
3057 16 196752 8 197522
3058 47 248019 5 248747
3059 42 20115 6 20868
3060 16 181268 6 181454
3061 34 127919 5 128651
3062 39 59155 7 59431
3063 59 237697 7 238426
3064 22 47799 8 47928
3065 69 20277 6 20985
3066 24 249291 6 249502
3067 69 11364 6 12247
3068 39 11364 6 12110
3069 22 59695 7 60543
3070 80 207417 8 207680
3071 71 116780 6 117108
3072 80 93421 7 93555
3073 34 131622 6 132181
3074 59 188537 7 189090
3075 72 188141 7 188343
3076 16 136936 5 137776
3077 34 25472 6 26077
3078 34 119760 6 120107
3079 34 204902 6 205156
3080 69 90460 5 91315
3081 19 31644 5 32099
3082 34 201840 6 202449
3083 80 158173 7 159087
3084 29 28017 7 28728
3085 22 235696 6 236424
3086 47 224461 6 225245
3087 19 21366 8 22315
3088 24 217583 6 218563
3089 22 10528 5 11650
3090 59 39087 6 39983
3091 42 23804 6 24487
3092 59 134157 7 135106
3093 34 219550 6 220391
3094 16 173261 7 174094
3095 22 146513 7 147266
3096 42 89354 5 90192
3097 16 94417 5 95098
3098 42 17125 6 17835
3099 72 169169 6 169997
3100 16 158173 6 158768
3101 16 112197 7 113143
3102 72 4291 7 4767
3103 69 68125 4 69062
3104 29 60543 7 61131
3105 42 35259 6 36045
3106 29 201266 7 202064
3107 72 231045 5 231321
3108 72 667 6 1482
3109 16 153394 5 153665
3110 36 123117 6 123916
3111 80 227986 8 228585
3112 22 111013 7 111937
3113 19 67982 7 68125
3114 69 159087 5 160025
3115 34 47421 7 48235
3116 29 114423 7 114691
3117 16 207457 7 207989
3118 47 27827 7 28393
3119 36 195785 6 196499
3120 47 2076 7 2657
3121 69 47622 6 47911
3122 24 35243 6 35963
3123 7 156223 6 156881
3124 80 176053 6 176597
3125 69 173261 5 173995
3126 21 57906 8 58283
3127 24 23735 5 24405
3128 80 137483 5 138307
3129 24 248524 7 248911
3130 43 102952 8 103664
3131 7 12705 4 13525
3132 43 189528 7 190514
3133 24 99053 7 99913
3134 39 211135 6 211787
3135 16 198604 6 199348
3136 7 234078 6 234608
3137 36 99913 6 100148
3138 71 98923 7 99639
3139 22 23804 6 24080
3140 22 194703 6 195325
3141 29 92117 7 92558
3142 39 165793 7 166575
3143 47 5402 6 6216
3144 22 181070 6 181547
3145 19 176821 8 177597
3146 24 27895 6 28570
3147 7 57906 6 58027
3148 43 146513 7 147318
3149 69 134157 6 134967
3150 29 196174 5 196305
3151 24 138009 7 138898
3152 19 146332 6 146664
3153 69 117724 6 118448
3154 22 195811 7 196645
3155 7 47799 5 48299
3156 22 187094 8 187276
3157 39 227221 7 228081
3158 36 26674 6 27242
3159 80 72191 8 72855
3160 16 52920 6 53757
3161 69 106497 6 106865
3162 24 204080 6 204368
3163 24 176100 6 176815
3164 21 21614 5 22397
3165 80 110193 5 111013
3166 16 79601 6 79962
3167 43 190976 7 191327
3168 22 160719 8 161575
3169 80 79579 6 80171
3170 7 205667 6 206295
3171 43 12334 8 12555
3172 28 216629 5 217425
3173 34 147602 7 148331
3174 7 185524 4 186567
3175 47 170981 5 171332
3176 19 125022 7 125454
3177 69 150362 5 150688
3178 29 89835 6 90597
3179 39 202140 7 202686
3180 43 26752 8 27551
3181 34 175731 6 176624
3182 16 193085 6 193527
3183 7 218050 6 218370
3184 7 182898 6 183355
3185 29 158768 7 159734
3186 7 165155 6 165352
3187 21 136258 8 136965
3188 34 2605 6 3414
3189 19 170981 7 171371
3190 29 47957 7 48345
3191 80 105093 5 106073
3192 80 58819 8 59544
3193 22 66495 7 66925
3194 16 188141 8 189087
3195 80 146044 7 146827
3196 72 127420 4 127735
3197 16 192756 6 193085
3198 69 62668 6 63301
3199 24 2671 7 3486
3200 80 16335 7 17254
3201 19 117990 7 118470
3202 34 226519 7 226938
3203 19 158431 6 159336
3204 71 109090 6 110020
3205 59 136297 6 137221
3206 16 233162 6 233363
3207 22 103882 8 104089
3208 28 50836 6 51231
3209 72 87508 6 88270
3210 43 6448 8 6745
3211 24 25982 5 26825
3212 19 247917 5 248457
3213 42 245440 6 246194
3214 34 44363 7 45090
3215 47 147602 7 148302
3216 71 200504 7 200941
3217 16 35243 8 35884
3218 21 193773 4 194229
3219 28 183190 6 183948
3220 43 41504 8 41684
3221 72 101593 6 102488
3222 16 39926 8 40668
3223 7 29150 6 30119
3224 16 4672 8 5266
3225 47 122206 6 123242
3226 34 20277 7 21011
3227 72 191390 6 191953
3228 7 56431 6 57260
3229 34 142812 7 143763
3230 24 215178 5 216054
3231 80 242169 8 242836
3232 72 50181 4 50439
3233 28 58986 6 59251
3234 47 39567 6 40207
3235 22 119053 7 119824
3236 36 62668 6 63466
3237 71 24951 6 25264
3238 28 219923 6 220861
3239 43 96389 8 96630
3240 43 46774 8 47421
3241 22 71098 6 71595
3242 72 246740 5 247666
3243 36 135460 6 135789
3244 29 90766 7 91092
3245 16 4291 5 4672
3246 39 190878 7 191453
3247 16 47622 6 48513
3248 7 194001 6 194875
3249 39 155276 7 156039
3250 59 175605 6 176285
3251 72 199269 7 199943
3252 34 126778 7 127552
3253 39 133022 7 133814
3254 34 74600 6 75261
3255 22 4751 6 5451
3256 16 230484 8 231045
3257 7 63476 6 63790
3258 29 41711 5 42250
3259 24 153560 7 154396
3260 24 181671 7 182193
3261 36 224912 6 225421
3262 72 196752 7 197501
3263 72 114203 6 114390
3264 22 239437 5 240319
3265 80 93691 7 94528
3266 21 16626 6 17125
3267 72 122149 7 122961
3268 7 175731 6 176566
3269 59 169169 6 169688
3270 43 236926 8 237209
3271 19 14673 7 15404
3272 22 142555 6 143488
3273 21 45187 7 46061
3274 28 102246 6 102992
3275 29 200603 7 201124
3276 43 68448 5 69010
3277 47 139926 5 140167
3278 34 98383 7 99362
3279 34 59957 6 60691
3280 47 232052 6 232287
3281 43 52439 8 53246
3282 72 112840 6 113802
3283 16 149400 7 150219
3284 39 99559 6 100057
3285 24 188141 7 188930
3286 24 154396 7 154917
3287 24 224312 7 224894
3288 21 14613 8 15292
3289 28 243739 6 244429
3290 16 89767 6 90663
3291 80 54523 8 54862
3292 29 140867 7 141605
3293 16 17412 5 18347
3294 42 184559 6 185357
3295 7 231045 6 231295
3296 16 227986 8 228637
3297 80 29125 8 30116
3298 72 77745 7 78073
3299 71 145322 7 146299
3300 80 234495 8 235277
3301 28 184388 5 185063
3302 16 10524 7 11364
3303 71 111013 7 111786
3304 69 41504 6 41824
3305 69 49108 4 49889
3306 22 66925 6 67645
3307 16 218200 7 218590
3308 71 72782 7 73518
3309 24 236926 7 237832
3310 71 176624 7 177569
3311 80 204080 8 204825
3312 72 102488 7 103077
3313 22 66088 6 66310
3314 72 220600 7 221711
3315 21 179954 8 180656
3316 16 136297 6 136936
3317 29 84276 7 84996
3318 43 78729 8 79559
3319 19 25419 5 26021
3320 72 144156 7 144861
3321 22 133308 6 133829
3322 16 18526 8 18821
3323 72 214497 5 215439
3324 16 74787 8 75589
3325 7 144156 6 144875
3326 59 139010 6 139496
3327 69 70444 5 71032
3328 22 57906 7 58872
3329 7 84276 6 84661
3330 28 129301 5 130079
3331 16 70444 7 70650
3332 39 210462 6 211135
3333 47 189593 7 190184
3334 69 243568 6 244144
3335 29 126778 7 127106
3336 24 129301 6 130320
3337 24 233589 7 234042
3338 22 54462 7 55427
3339 29 139436 6 139891
3340 72 103222 7 103576
3341 59 14466 7 14933
3342 80 194271 8 194985
3343 34 79724 6 80454
3344 47 117724 6 118171
3345 72 174523 7 175485
3346 19 29150 6 30124
3347 39 20277 7 20987
3348 47 133054 6 133991
3349 28 66738 6 66922
3350 47 125662 5 125963
3351 22 236818 4 237459
3352 43 217162 8 218060
3353 24 248078 4 248524
3354 69 106865 5 107536
3355 24 58363 7 58635
3356 71 172197 7 172622
3357 71 93691 7 94569
3358 34 193773 7 193899
3359 47 194998 7 195808
3360 43 111175 8 111669
3361 42 216710 6 217585
3362 16 218590 6 219550
3363 22 173261 5 174094
3364 34 113529 5 114341
3365 21 180928 6 182039
3366 19 79608 7 80128
3367 72 212378 7 213078
3368 34 21814 5 22503
3369 22 51707 7 52513
3370 69 184853 6 185526
3371 34 16676 4 17190
3372 24 111675 5 112631
3373 69 130560 6 131030
3374 80 14455 8 14762
3375 43 238448 8 238627
3376 47 88856 6 89323
3377 7 137044 6 137917
3378 21 7387 7 8147
3379 42 247722 6 248406
3380 29 176815 7 177422
3381 69 139010 6 139284
3382 34 248671 6 249334
3383 21 16103 6 16404
3384 21 48880 6 49202
3385 43 86475 6 86823
3386 71 117362 7 117875
3387 69 108694 6 109625
3388 24 195811 6 196815
3389 19 199790 5 200604
3390 80 45082 8 45938
3391 42 198276 6 198645
3392 59 105093 7 105801
3393 16 206544 7 207209
3394 80 106073 8 106677
3395 22 138644 8 139024
3396 29 54523 7 54998
3397 80 219660 8 220487
3398 39 78451 6 78601
3399 24 69560 5 70544
3400 19 190878 7 191598
3401 19 39242 8 39463
3402 21 32640 6 33464
3403 7 95946 6 96298
3404 19 166895 8 167844
3405 16 52372 8 52920
3406 72 39087 7 39887
3407 21 212817 5 213042
3408 47 90460 7 90823
3409 22 228939 8 229609
3410 43 11491 7 12026
3411 80 190878 6 191869
3412 7 27500 6 27698
3413 19 176583 7 176821
3414 7 154553 5 155552
3415 29 129301 7 129521
3416 71 28110 7 28872
3417 34 111013 6 111877
3418 59 164207 6 164532
3419 71 241453 5 242311
3420 59 0 7 272
3421 21 80786 6 80951
3422 36 179587 5 180146
3423 16 145284 8 145678
3424 80 87508 8 88238
3425 7 159087 5 159868
3426 7 234608 5 235207
3427 72 41598 7 42294
3428 36 203420 5 204217
3429 80 223327 6 224316
3430 21 123117 5 123906
3431 72 9205 7 9460
3432 34 49202 7 50065
3433 47 167252 5 168267
3434 24 19343 6 20115
3435 7 21407 6 22174
3436 22 145322 7 145527
3437 16 183907 5 184388
3438 16 172517 8 173261
3439 80 89841 5 90565
3440 80 200806 8 201125
3441 72 217299 6 217869
3442 80 196015 7 196462
3443 72 109762 7 110193
3444 39 218200 6 218489
3445 72 239850 7 240604
3446 7 155840 5 156223
3447 16 43709 6 43912
3448 42 41504 6 42189
3449 34 138534 5 139485
3450 80 39926 7 40697
3451 47 175348 7 175777
3452 39 10550 7 11278
3453 16 38082 7 38805
3454 22 56993 6 57819
3455 47 230135 5 231056
3456 43 145069 8 145789
3457 80 232052 7 232330
3458 24 79635 5 80379
3459 7 100647 6 101428
3460 16 7387 6 7885
3461 16 54672 6 54989
3462 24 29908 5 30662
3463 39 242902 6 243831
3464 7 239136 6 239642
3465 43 156202 7 157138
3466 71 95946 7 96450
3467 59 172112 7 173028
3468 28 39242 5 39648
3469 59 92117 6 92932
3470 7 215178 6 216126
3471 69 115856 6 115982
3472 59 131244 7 132021
3473 16 82207 7 82619
3474 72 35259 6 36007
3475 34 153625 6 154438
3476 21 137044 7 137884
3477 21 78133 5 78573
3478 34 163590 7 164397
3479 80 80786 7 81773
3480 39 181691 7 182015
3481 80 247453 5 248565
3482 21 146513 8 147168
3483 21 80131 7 80749
3484 24 98798 7 99053
3485 16 66738 6 67597
3486 80 71218 7 71816
3487 59 83527 6 83710
3488 69 178356 6 179118
3489 29 234078 7 234776
3490 34 135460 7 136182
3491 21 184440 4 185615
3492 22 67645 7 68559
3493 22 7015 5 7396
3494 24 216629 6 217204
3495 7 180928 5 181223
3496 16 144379 7 144537
3497 72 20277 7 20575
3498 7 106497 6 107439
3499 24 165363 6 166125
3500 22 8712 5 9531
3501 69 188141 5 189086
3502 43 13540 8 13723
3503 47 219114 6 219249
3504 19 35970 8 36786
3505 69 246562 6 247359
3506 22 224312 6 225222
3507 47 219550 6 219760
3508 59 239703 6 240415
3509 24 80786 7 81628
3510 59 195811 7 196646
3511 36 93691 6 94289
3512 28 42868 6 43777
3513 7 116056 6 116595
3514 80 165761 7 166491
3515 43 4458 7 4988
3516 19 175952 7 176283
3517 21 149875 7 150817
3518 34 159482 5 160319
3519 21 13514 6 14366
3520 28 214360 6 214995
3521 22 143534 7 144249
3522 7 224461 5 225044
3523 69 14151 6 14884
3524 47 188141 7 188788
3525 80 216057 8 216580
3526 34 179688 6 180461
3527 69 175143 6 176189
3528 36 29908 6 30752
3529 29 74695 7 75324
3530 72 10716 6 11381
3531 16 6073 7 7015
3532 16 127242 7 127420
3533 47 9829 7 10550
3534 22 189311 6 189794
3535 24 116595 6 116945
3536 36 118166 6 118418
3537 47 48620 7 49208
3538 47 83527 5 84303
3539 7 82619 6 83734
3540 19 19343 5 20198
3541 34 240098 7 240985
3542 24 192756 7 193530
3543 59 166895 7 167666
3544 16 177970 6 178356
3545 21 9048 5 9185
3546 7 12334 6 12559
3547 21 139353 7 140120
3548 69 170933 6 171796
3549 22 43709 7 43913
3550 7 180151 6 180408
3551 80 198442 8 199269
3552 7 102246 5 103330
3553 21 216739 6 216985
3554 29 15685 6 16653
3555 47 220391 6 220632
3556 47 14514 6 15188
3557 29 125133 7 125968
3558 43 125990 8 126801
3559 42 217918 6 218210
3560 34 216057 7 216346
3561 19 20277 7 21027
3562 42 239159 6 239941
3563 80 160743 6 160945
3564 69 54462 6 55228
3565 72 143644 5 144156
3566 36 131648 6 132128
3567 29 31954 7 32296
3568 29 245478 7 246097
3569 71 230820 6 231630
3570 19 226835 8 227370
3571 71 160719 6 161650
3572 39 22721 5 22904
3573 21 44458 5 45187
3574 22 96088 7 96447
3575 36 139024 6 139655
3576 80 155276 6 155923
3577 24 179267 4 179958
3578 29 86475 7 86931
3579 80 99559 6 100372
3580 22 206826 5 207589
3581 21 74288 6 74737
3582 80 129301 8 130127
3583 72 30342 7 30647
3584 7 192756 6 193367
3585 34 146513 6 147111
3586 19 195811 6 196468
3587 19 47041 6 47815
3588 16 179156 7 179315
3589 47 17125 7 17746
3590 22 198388 7 198744
3591 69 50786 5 51087
3592 16 5266 5 6073
3593 34 22503 7 22634
3594 59 106497 6 106951
3595 59 157930 7 158521
3596 34 121301 6 121461
3597 7 566 4 1346
3598 43 1356 7 2076
3599 72 53757 7 54594
3600 34 139649 6 140426
3601 43 9504 7 9943
3602 21 149644 8 149875
3603 72 129726 7 130284
3604 19 114970 7 115927
3605 42 43912 6 44410
3606 71 115179 7 115742
3607 16 81772 8 82207
3608 43 214632 8 215442
3609 21 160779 6 161624
3610 43 158768 7 159568
3611 7 25608 5 26408
3612 21 55792 8 56699
3613 80 119760 8 119893
3614 21 56699 6 57043
3615 47 247105 6 248019
3616 80 245859 8 246618
3617 16 8712 7 9504
3618 24 53757 6 54175
3619 7 246164 6 246662
3620 24 95946 6 96951
3621 21 142555 8 142812
3622 24 99913 7 100522
3623 39 84850 7 85588
3624 21 8147 8 9048
3625 71 65339 6 66233
3626 21 19343 7 20198
3627 24 49460 6 50308
3628 71 20862 7 21465
3629 43 176583 5 177016
3630 19 98113 7 98942
3631 34 35315 6 36111
3632 72 216369 6 217206
3633 16 238881 7 239650
3634 80 225525 5 226296
3635 16 245053 6 245859
3636 47 237697 6 237838
3637 29 181691 7 182675
3638 69 66270 6 66474
3639 42 236818 6 237624
3640 24 72191 6 72457
3641 42 216057 6 216710
3642 24 147602 6 147739
3643 24 6667 7 6992
3644 34 61419 5 61771
3645 43 63476 8 63676
3646 29 39926 6 40691
3647 72 88948 6 89109
3648 47 160503 6 161252
3649 22 153181 7 153311
3650 59 247007 5 247152
3651 34 206290 6 207153
3652 39 221726 5 222468
3653 59 231589 5 232401
3654 47 158779 7 159334
3655 34 238073 7 239033
3656 19 96630 5 97561
3657 21 14436 7 14613
3658 16 164376 7 164501
3659 71 226556 6 227307
3660 22 16626 6 17134
3661 16 106286 8 106497
3662 71 48159 7 48456
3663 21 43912 7 44458
3664 28 72782 5 73264
3665 19 193773 6 194483
3666 42 142555 6 142753
3667 19 136258 6 136386
3668 29 145492 7 145884
3669 16 152487 7 153181
3670 22 46112 5 47032
3671 21 123906 6 124037
3672 24 43928 4 44567
3673 47 45214 6 46167
3674 43 229275 8 229864
3675 72 154176 5 155117
3676 19 154668 6 155236
3677 69 23084 6 23864
3678 71 123906 7 124096
3679 59 50326 5 50848
3680 21 116961 5 117724
3681 71 51118 7 52006
3682 80 60599 5 61356
3683 39 213970 7 214874
3684 21 213392 6 214169
3685 80 61356 7 61711
3686 19 12531 7 13256
3687 47 108656 5 109365
3688 7 219999 6 220393
3689 72 78843 6 79818
3690 22 113703 8 114636
3691 19 231045 5 231758
3692 22 25388 6 25989
3693 16 62924 8 63384
3694 24 96951 6 97337
3695 24 14151 7 14907
3696 34 156202 6 157138
3697 19 43709 8 43964
3698 72 186461 6 187135
3699 21 231334 7 232052
3700 47 7887 5 8779
3701 34 95946 7 96325
3702 24 17845 6 18414
3703 29 70444 7 71327
3704 69 19343 6 20134
3705 28 0 5 556
3706 72 105367 7 106208
3707 22 154285 5 155045
3708 19 126448 7 126860
3709 19 197522 7 198293
3710 36 220291 6 220706
3711 7 75589 5 76366
3712 16 128416 7 129301
3713 39 74810 7 75172
3714 59 62068 6 63013
3715 69 100668 6 101177
3716 72 111143 6 112046
3717 7 1346 6 1596
3718 22 229864 7 230630
3719 47 232287 5 233159
3720 16 164501 6 165141
3721 24 23056 7 23673
3722 24 213676 7 213901
3723 80 43709 8 44144
3724 80 185757 7 186701
3725 21 205861 6 206238
3726 72 142555 6 143227
3727 16 199820 7 200603
3728 19 157930 6 158181
3729 22 153311 6 154249
3730 7 244603 6 245331
3731 80 63476 6 63914
3732 24 73889 6 74600
3733 21 204902 7 205861
3734 7 34447 5 34811
3735 34 80786 6 81619
3736 7 221394 5 221637
3737 22 130824 6 131649
3738 80 72985 8 73564
3739 69 103698 5 104487
3740 24 77745 7 78136
3741 19 4751 8 5465
3742 71 61419 7 62362
3743 80 188450 7 189076
3744 34 67597 6 68557
3745 16 60798 5 61112
3746 7 156881 5 157389
3747 69 64613 6 64979
3748 42 22721 6 22970
3749 24 180928 6 181671
3750 47 246562 7 247010
3751 34 30519 4 31138
3752 34 46432 6 47141
3753 69 232052 6 232418
3754 24 231710 5 232433
3755 72 228637 7 229015
3756 24 22289 7 22750
3757 34 50065 5 51000
3758 29 95098 7 95891
3759 80 188141 8 188450
3760 16 24355 6 24951
3761 19 131622 5 132428
3762 16 139649 8 140359
3763 69 180928 5 181672
3764 72 94773 7 95538
3765 59 41495 7 41704
3766 22 49926 8 50923
3767 80 88456 7 89250
3768 80 183907 8 184673
3769 69 186783 6 187150
3770 71 165005 7 165965
3771 69 59155 6 59714
3772 16 39087 7 39406
3773 43 196174 8 197114
3774 39 41824 7 42574
3775 24 34447 6 34721
3776 34 19343 5 20206
3777 19 102962 7 103960
3778 34 34447 7 34677
3779 39 58027 7 58680
3780 29 26401 7 27252
3781 47 166895 7 167252
3782 80 102637 6 103401
3783 16 174094 8 174312
3784 47 23804 7 24634
3785 43 105597 8 106482
3786 71 54672 7 55394
3787 16 99703 7 100510
3788 59 158768 7 159250
3789 16 212684 6 213295
3790 80 5402 7 6214
3791 16 42722 7 42868
3792 29 72719 6 73603
3793 19 17708 5 18085
3794 7 70444 5 71211
3795 29 179684 6 179860
3796 16 207989 7 209084
3797 72 85821 7 86609
3798 16 18821 6 19343
3799 22 81772 7 81929
3800 19 55799 8 56503
3801 72 205915 5 206396
3802 39 195811 7 196520
3803 34 141644 6 142644
3804 19 66088 6 66753
3805 39 166895 6 167375
3806 43 140359 5 140738
3807 29 22211 7 22652
3808 71 113204 6 113887
3809 24 198955 7 199790
3810 29 190878 7 191462
3811 80 31541 8 32505
3812 69 151182 5 152032
3813 19 32361 7 32502
3814 34 116504 6 116858
3815 21 91377 6 91809
3816 71 195363 7 196179
3817 28 139010 6 139819
3818 59 130560 7 131013
3819 19 233162 7 233656
3820 71 247007 7 247176
3821 29 160724 7 161373
3822 22 40673 6 41513
3823 59 49348 6 49507
3824 24 61112 7 61964
3825 21 233201 8 233693
3826 43 248626 8 248811
3827 39 182052 7 182372
3828 19 113020 7 113204
3829 80 26801 7 27477
3830 7 38082 6 38915
3831 19 228939 7 229493
3832 69 160283 6 161137
3833 80 52665 8 53405
3834 59 59285 6 59562
3835 24 150521 6 151018
3836 16 240538 6 240965
3837 21 165155 7 166006
3838 59 199269 6 199786
3839 43 43913 8 44525
3840 72 233217 7 234153
3841 72 17759 5 18541
3842 22 22566 8 22722
3843 69 35989 6 36978
3844 7 136449 5 136972
3845 19 187261 6 187434
3846 7 88948 6 89093
3847 16 179315 8 180151
3848 59 182039 7 182268
3849 22 91774 5 92503
3850 80 30342 7 30674
3851 16 84721 7 84850
3852 28 61466 6 62291
3853 71 140867 7 141693
3854 7 133022 5 133357
3855 72 165005 7 165761
3856 43 174980 8 175668
3857 80 206584 5 207350
3858 80 235277 5 235696
3859 72 103660 7 104383
3860 16 85821 7 86695
3861 24 199790 6 200417
3862 34 17190 7 17906
3863 7 172197 6 172443
3864 47 225713 5 226246
3865 21 155840 7 156775
3866 42 191554 5 192469
3867 24 24634 7 25177
3868 47 222156 7 222547
3869 69 146513 5 146906
3870 21 216057 6 216369
3871 43 136258 7 136701
3872 43 245943 7 246655
3873 80 182372 7 182519
3874 19 210669 6 210983
3875 59 48620 6 49292
3876 39 199943 6 200771
3877 22 175605 8 176360
3878 21 90175 8 90516
3879 69 0 6 424
3880 22 95098 5 96088
3881 43 91377 8 91558
3882 69 185795 6 186500
3883 36 189362 6 190227
3884 7 207457 5 207785
3885 36 6214 6 6558
3886 22 180497 6 181070
3887 39 224935 6 225169
3888 59 232435 7 233269
3889 16 227221 5 227986
3890 43 10716 7 11491
3891 39 88456 7 88660
3892 59 85821 6 86641
3893 72 84850 7 85629
3894 39 20987 7 21712
3895 16 153665 6 154501
3896 29 248078 7 248925
3897 16 46774 8 47622
3898 7 54672 6 55431
3899 19 66753 5 66911
3900 71 33197 6 33965
3901 7 125133 6 125790
3902 47 103776 6 104169
3903 16 236818 6 237243
3904 19 229493 5 230196
3905 34 200809 7 201647
3906 80 175348 7 176053
3907 72 12705 6 13540
3908 19 209712 5 210462
3909 16 113584 7 113935
3910 29 179860 7 180232
3911 19 113204 8 113423
3912 21 228801 6 229894
3913 39 212817 7 213388
3914 16 182414 6 182898
3915 29 45282 7 45927
3916 69 52372 5 53317
3917 59 245053 7 245840
3918 69 51118 4 51319
3919 72 79818 7 80148
3920 24 104547 7 105330
3921 72 66088 7 67112
3922 71 62668 7 63288
3923 72 229865 7 230083
3924 24 240965 7 241493
3925 24 207417 7 208313
3926 42 165793 6 166545
3927 7 199943 4 200346
3928 59 212817 7 213603
3929 59 248019 5 248835
3930 21 99201 6 100197
3931 28 137843 5 138126
3932 16 147602 6 147872
3933 43 240604 7 241191
3934 80 20766 7 21137
3935 19 139819 8 140274
3936 29 146036 7 146750
3937 72 48079 6 48645
3938 29 171304 6 171817
3939 39 179688 7 180449
3940 24 214360 7 214672
3941 19 165249 6 166174
3942 16 132469 7 133309
3943 80 238527 8 239159
3944 80 116475 5 117362
3945 47 62668 5 63554
3946 47 211931 5 212931
3947 34 153181 7 153590
3948 69 101329 6 101656
3949 72 209956 7 210833
3950 71 123117 7 123865
3951 42 131648 6 131909
3952 43 79724 8 79921
3953 7 28110 5 28842
3954 47 221726 5 221848
3955 24 54462 6 54734
3956 16 165141 6 165490
3957 28 103660 6 103806
3958 69 47957 6 48287
3959 71 102965 6 103317
3960 16 151182 7 152023
3961 16 82619 5 83527
3962 22 135460 7 136270
3963 24 74600 6 75554
3964 24 175802 5 176100
3965 42 181671 6 182200
3966 19 127870 8 128643
3967 34 51000 6 51584
3968 59 152068 6 152220
3969 21 67597 7 68370
3970 71 201369 6 202028
3971 71 70444 7 70736
3972 80 217447 6 217583
3973 69 79443 5 79797
3974 16 56171 7 56993
3975 42 126874 6 127374
3976 21 72782 6 73172
3977 21 70650 5 70920
3978 43 239136 6 239478
3979 59 19343 6 20128
3980 22 154 5 894
3981 71 179688 6 180620
3982 24 30662 5 31363
3983 21 132394 7 133308
3984 21 192756 7 193629
3985 24 46432 7 46873
3986 36 92939 6 93369
3987 39 90460 6 91357
3988 21 52439 6 53047
3989 69 125990 5 126203
3990 21 35259 7 36005
3991 29 195811 7 196079
3992 21 15292 7 16103
3993 28 60374 6 60924
3994 47 134157 7 134408
3995 34 188537 6 188851
3996 43 146332 7 146510
3997 21 24376 8 24589
3998 24 9504 6 9892
3999 7 43912 6 44456
4000 16 158768 7 159482
4001 22 214308 6 214438
4002 39 26752 5 27505
4003 71 90259 5 90873
4004 39 140867 7 141595
4005 21 194998 5 195811
4006 69 156977 6 157719
4007 72 187135 6 188075
4008 16 61112 5 61419
4009 34 220544 5 221519
4010 39 60374 7 60747
4011 24 212808 6 213676
4012 43 115179 7 116129
4013 59 202074 7 202990
4014 29 138534 7 139303
4015 71 41816 7 42646
4016 16 172197 8 172517
4017 69 244158 6 245114
4018 21 108242 7 108694
4019 34 93421 7 94271
4020 21 82619 7 82973
4021 24 62668 5 63701
4022 24 126874 7 127870
4023 21 17125 8 17688
4024 16 45082 6 45885
4025 19 179200 7 179785
4026 34 169169 7 170047
4027 69 93888 5 94737
4028 16 177332 7 177970
4029 43 159568 7 159873
4030 21 246941 6 247722
4031 34 190878 7 191854
4032 19 164207 6 164606
4033 69 80786 6 81464
4034 28 190728 6 191546
4035 47 96325 7 97011
4036 72 116353 4 116658
4037 7 90460 6 90783
4038 43 201840 7 202074
4039 28 19373 6 20275
4040 72 160190 7 160586
4041 80 130560 6 131422
4042 16 41472 6 41711
4043 29 101656 6 102033
4044 22 90952 8 91774
4045 43 234873 8 235537
4046 80 89250 7 89841
4047 7 174980 6 175638
4048 22 211931 7 212733
4049 72 49628 7 50181
4050 7 61356 6 62195
4051 59 78437 7 79133
4052 21 204080 8 204535
4053 34 199269 6 199969
4054 72 189362 7 190180
4055 29 66738 7 66866
4056 43 27763 7 28265
4057 29 106677 7 107094
4058 28 30342 6 30772
4059 39 193489 7 194213
4060 21 230443 5 231291
4061 19 148583 6 149123
4062 43 50065 6 50326
4063 80 239159 8 239862
4064 19 214521 5 214674
4065 16 62003 7 62668
4066 69 161759 5 162482
4067 16 56993 5 57906
4068 21 158173 6 158431
4069 80 123117 8 123843
4070 80 111219 5 111594
4071 69 9971 6 10805
4072 16 69707 6 70444
4073 16 84423 4 84721
4074 21 25577 7 26341
4075 29 105093 7 105691
4076 34 165369 5 166317
4077 16 232355 8 233162
4078 69 165363 5 166193
4079 16 84850 5 85821
4080 34 231589 5 232614
4081 16 45885 7 46774
4082 69 89354 5 89568
4083 80 107342 6 108191
4084 69 82207 6 82935
4085 42 198955 6 199869
4086 29 202140 6 202337
4087 39 19373 5 20277
4088 21 169970 8 170933
4089 47 11505 5 11795
4090 7 9205 6 9461
4091 43 24912 8 25093
4092 21 95946 8 96769
4093 24 105330 7 105597
4094 19 216057 6 216948
4095 59 110082 6 110873
4096 80 167741 8 168104
4097 24 47957 5 48178
4098 43 151182 8 151888
4099 7 169853 6 170237
4100 39 112889 5 113600
4101 80 17254 8 18003
4102 16 113143 6 113584
4103 19 152068 7 152504
4104 42 241657 6 242546
4105 24 14907 7 15685
4106 21 169169 6 169970
4107 19 8712 6 9261
4108 42 6448 6 6707
4109 34 54462 7 55374
4110 42 57906 5 58679
4111 39 162609 6 162925
4112 71 210645 7 211451
4113 43 131244 6 131963
4114 21 6682 7 7052
4115 42 101271 6 102078
4116 24 15685 6 16589
4117 69 166193 6 166687
4118 72 12334 7 12599
4119 16 147872 7 148583
4120 72 213078 7 213970
4121 72 92555 7 92847
4122 7 92845 6 93845
4123 7 96389 5 96962
4124 29 56171 7 56958
4125 28 21366 5 22269
4126 71 121301 6 122089
4127 24 121301 7 121760
4128 34 33155 5 33456
4129 21 76368 8 77147
4130 36 102246 6 103151
4131 42 155140 6 155400
4132 7 142555 6 142688
4133 24 189456 7 190238
4134 47 61092 6 62051
4135 34 242726 6 243584
4136 22 213527 5 214308
4137 39 50404 6 51257
4138 34 32361 6 33109
4139 34 84276 6 84805
4140 47 113597 7 114533
4141 47 154285 7 154749
4142 47 21011 6 21853
4143 7 16194 6 16450
4144 16 30493 7 30961
4145 80 155930 8 156466
4146 24 240494 7 240800
4147 69 142555 5 143154
4148 28 114970 6 115899
4149 19 73889 5 74949
4150 29 242948 7 243202
4151 7 147739 6 148715
4152 22 73889 5 74777
4153 16 184853 7 185576
4154 36 159087 6 159553
4155 7 135460 6 136449
4156 19 102181 6 102962
4157 24 202512 7 202949
4158 7 8147 6 9125
4159 24 48513 7 49460
4160 43 111675 8 112040
4161 59 24675 6 25259
4162 29 111294 7 111603
4163 80 204902 7 205714
4164 43 23735 7 24610
4165 22 25072 8 25388
4166 16 714 6 1562
4167 39 74288 6 74810
4168 22 22722 5 23075
4169 69 200091 6 200638
4170 7 204231 5 205181
4171 71 240965 7 241346
4172 7 241977 6 242252
4173 16 88487 7 89471
4174 16 185576 6 185884
4175 7 66088 6 66971
4176 39 165363 7 165610
4177 24 3559 7 4458
4178 21 219550 7 220270
4179 59 72191 6 72867
4180 47 245859 5 246190
4181 21 234873 6 235747
4182 39 96927 7 97748
4183 22 233320 6 234135
4184 24 25386 4 25982
4185 22 169169 5 169853
4186 22 232052 7 232292
4187 28 153625 6 154609
4188 47 64309 7 65185
4189 59 13540 6 14419
4190 22 2295 7 3015
4191 24 156202 7 157005
4192 22 29125 7 30106
4193 47 126809 6 127437
4194 24 90460 7 90938
4195 34 114381 5 115060
4196 7 146044 6 146266
4197 7 240965 6 241315
4198 19 108656 7 109571
4199 72 2798 7 3693
4200 21 241275 8 241677
4201 39 15685 7 15827
4202 59 124715 6 125364
4203 29 12393 7 12959
4204 24 130824 6 131553
4205 69 228393 6 228589
4206 69 141644 6 142356
4207 47 210233 6 210991
4208 21 84276 7 85025
4209 21 156775 6 157693
4210 72 201840 7 202543
4211 59 114970 6 115322
4212 7 1596 5 2010
4213 80 25848 6 26674
4214 21 160030 7 160779
4215 28 93744 6 94588
4216 16 194194 8 195019
4217 29 58819 7 59166
4218 80 216580 8 217447
4219 29 243739 7 244511
4220 80 3848 8 4129
4221 43 93421 8 94125
4222 69 225740 6 226696
4223 39 59695 7 60318
4224 7 98113 5 98907
4225 47 177970 5 178722
4226 7 229502 5 229748
4227 80 209212 7 209471
4228 19 11364 7 11565
4229 19 114203 7 114793
4230 19 217162 7 217972
4231 22 43913 5 44519
4232 7 138644 6 139436
4233 21 174094 7 174890
4234 80 192756 8 193181
4235 7 58819 4 59096
4236 34 176624 7 177422
4237 69 129301 6 130244
4238 39 44458 5 45214
4239 7 2312 5 3099
4240 21 64406 6 65339
4241 34 34720 7 35315
4242 21 163819 7 164932
4243 42 48159 6 48613
4244 42 102962 5 103784
4245 80 163339 8 164124
4246 47 41504 7 42141
4247 39 127870 6 128710
4248 29 105903 7 106611
4249 22 13514 5 14466
4250 42 156202 6 156839
4251 16 190203 6 190976
4252 7 125990 6 127033
4253 43 39242 8 39541
4254 29 63384 7 64156
4255 72 42722 7 43173
4256 47 56171 7 57163
4257 16 134157 8 134930
4258 39 230443 6 231334
4259 7 14907 5 15695
4260 22 5451 6 6274
4261 69 67597 6 67781
4262 43 179954 8 180752
4263 16 185884 7 186461
4264 43 35259 8 36028
4265 29 198276 6 199006
4266 34 246097 5 246932
4267 29 153394 7 154173
4268 42 6073 5 6316
4269 80 226296 8 226556
4270 34 123117 7 123983
4271 71 234552 6 234726
4272 39 30674 7 31568
4273 24 92500 6 93215
4274 16 59695 7 60074
4275 39 231334 6 231701
4276 42 203420 6 203867
4277 16 199348 6 199820
4278 29 6667 7 7036
4279 19 218050 6 218745
4280 19 14151 8 14378
4281 43 236019 8 236827
4282 47 24898 7 25703
4283 16 131244 7 131890
4284 80 230604 6 231442
4285 71 218590 7 219456
4286 59 214521 7 214802
4287 22 185254 7 185485
4288 42 161430 6 162033
4289 22 209471 5 210284
4290 22 160030 6 160719
4291 21 90766 5 91377
4292 7 11505 6 12324
4293 69 12334 6 12556
4294 72 140120 5 140867
4295 80 249483 7 249873
4296 16 115991 5 116222
4297 42 96630 6 97503
4298 24 185030 7 185254
4299 16 182052 6 182414
4300 47 18347 6 18571
4301 71 143534 5 144474
4302 22 169853 8 170743
4303 71 114238 6 114804
4304 80 232922 6 233227
4305 21 46432 7 47030
4306 21 1706 5 2165
4307 36 50430 6 50824
4308 69 110082 6 110626
4309 19 81772 7 81948
4310 71 43928 5 44570
4311 28 54961 6 55875
4312 21 134239 6 135182
4313 16 96927 8 97376
4314 19 87160 7 87624
4315 80 67597 6 67982
4316 16 170123 8 170509
4317 72 31644 5 31980
4318 72 20923 7 21542
4319 22 106687 5 107391
4320 59 146332 7 146455
4321 28 108850 6 109092
4322 47 189362 6 189593
4323 22 220291 8 221101
4324 19 194483 6 195264
4325 59 566 7 1335
4326 22 241254 7 242264
4327 59 197522 7 198238
4328 71 67112 7 67248
4329 24 183313 6 184092
4330 80 240598 7 241410
4331 34 48513 7 49076
4332 59 99913 7 100059
4333 21 247722 5 248008
4334 42 28243 6 29073
4335 80 152023 5 152559
4336 47 227986 5 228393
4337 21 248671 8 249608
4338 39 93421 7 94252
4339 7 202588 5 203007
4340 71 181268 7 181594
4341 24 43709 7 43928
4342 39 182372 7 182751
4343 19 139010 8 139811
4344 7 62668 6 62948
4345 21 3847 7 4063
4346 19 118537 8 119201
4347 19 241784 7 242755
4348 21 49888 5 50756
4349 28 86571 6 87177
4350 34 55374 6 56315
4351 69 32505 5 33131
4352 21 239850 8 240487
4353 80 27500 8 27827
4354 22 199269 7 200057
4355 42 164479 6 165248
4356 34 225141 7 225547
4357 36 199269 6 199811
4358 16 60074 7 60798
4359 34 91453 4 92480
4360 19 30662 7 31459
4361 47 31954 7 32713
4362 59 218872 6 219575
4363 19 112197 5 113020
4364 43 97146 7 97649
4365 16 29908 8 30342
4366 59 161759 7 162498
4367 7 153181 6 153533
4368 59 90259 6 91029
4369 72 58819 7 59713
4370 22 206445 8 206691
4371 19 15502 5 16352
4372 19 101271 5 102046
4373 47 49348 5 49546
4374 80 8947 4 9803
4375 16 15852 8 16428
4376 69 29150 5 29950
4377 16 247820 7 248626
4378 22 85821 6 86221
4379 29 224935 7 225751
4380 59 183190 5 183603
4381 72 124022 6 124659
4382 19 247105 6 247917
4383 80 10566 8 11545
4384 80 194998 6 196015
4385 69 153181 5 153932
4386 69 239159 5 239935
4387 7 26408 6 27129
4388 39 34447 6 34762
4389 34 179416 7 179688
4390 80 147602 8 147988
4391 19 89835 8 90133
4392 24 57906 7 58250
4393 16 9829 8 10524
4394 19 55254 8 55799
4395 24 211045 7 211366
4396 47 154905 6 155391
4397 72 76368 5 76759
4398 69 192756 6 193677
4399 24 211931 7 212808
4400 69 216057 6 216850
4401 21 178356 6 179094
4402 47 145322 6 146063
4403 72 209084 7 209846
4404 80 117831 6 118775
4405 71 185524 7 185883
4406 22 20625 7 20964
4407 21 20608 7 20903
4408 43 114080 6 114203
4409 72 234153 7 234552
4410 69 98076 5 98911
4411 69 234864 5 235156
4412 43 200504 7 200662
4413 72 181899 7 182795
4414 71 108242 7 108891
4415 42 85821 6 85943
4416 42 9185 6 9438
4417 21 10745 8 10965
4418 21 232881 6 233201
4419 72 115536 5 116353
4420 16 122149 8 122954
4421 22 108242 8 109052
4422 16 186461 8 187169
4423 7 218590 6 219382
4424 72 93165 7 93907
4425 7 153560 6 153864
4426 71 159224 5 160063
4427 36 33155 6 33879
4428 22 197522 8 198388
4429 22 80131 7 80851
4430 19 104547 5 104781
4431 36 153560 6 154379
4432 43 92552 7 93180
4433 43 30493 8 31028
4434 19 137884 7 138809
4435 16 168409 7 169169
4436 72 143227 7 143644
4437 16 213295 8 213578
4438 29 61356 7 62267
4439 16 30961 7 31880
4440 43 169939 8 170071
4441 24 68370 5 68684
4442 28 163590 5 164143
4443 80 230282 6 230413
4444 16 211931 8 212684
4445 72 175731 7 176390
4446 71 138534 7 139302
4447 72 50653 7 50786
4448 80 242836 8 243568
4449 7 35983 5 36816
4450 72 72985 6 73688
4451 19 87985 5 88649
4452 21 213042 7 213392
4453 21 214169 7 214717
4454 19 189528 5 190418
4455 7 139819 5 140483
4456 39 56171 6 56898
4457 7 48942 6 49650
4458 24 103222 6 104153
4459 59 10524 6 11392
4460 28 146332 6 146704
4461 47 200091 4 200898
4462 42 231442 5 232240
4463 69 230135 5 230814
4464 69 182039 5 182713
4465 72 127870 7 128788
4466 7 41824 6 42757
4467 21 82973 5 83958
4468 69 240965 5 241839
4469 16 155930 6 156202
4470 36 142585 5 143572
4471 36 58027 6 58682
4472 42 122149 5 122937
4473 80 57906 8 58819
4474 80 84276 7 85048
4475 21 129049 6 129349
4476 71 213970 7 214303
4477 69 71218 6 71875
4478 19 159482 5 159868
4479 80 187343 6 187723
4480 22 82207 7 83076
4481 47 207417 6 207723
4482 71 127565 7 128267
4483 59 112840 7 113405
4484 72 110193 6 111143
4485 43 155276 7 155810
4486 24 0 7 539
4487 29 50786 7 51654
4488 24 128302 5 129195
4489 34 22721 7 22909
4490 47 217162 7 217869
4491 19 248457 8 249291
4492 36 127919 6 128621
4493 7 33197 6 33966
4494 24 142585 5 142827
4495 22 179156 7 179514
4496 21 154905 8 155671
4497 47 146513 5 146999
4498 22 139926 7 140123
4499 69 218590 6 219570
4500 72 198299 5 199025
4501 59 35989 7 36988
4502 24 145322 6 146036
4503 34 161122 7 161850
4504 43 171371 8 172341
4505 80 33626 6 34509
4506 47 138644 5 139308
4507 39 115217 7 115400
4508 59 91047 6 91988
4509 59 66270 5 67104
4510 21 17688 7 18626
4511 22 244603 5 244869
4512 16 120464 8 121301
4513 69 105093 4 105368
4514 42 182372 6 182750
4515 24 205080 6 205486
4516 80 209471 8 210178
4517 69 46061 5 46815
4518 34 247105 7 247968
4519 24 175028 7 175802
4520 59 46432 7 46926
4521 71 117909 7 118622
4522 29 194998 7 195616
4523 24 64228 7 64729
4524 80 244603 8 245440
4525 72 202543 7 203504
4526 24 198241 6 198955
4527 16 249337 6 250293
4528 21 235747 5 236628
4529 47 173261 6 174170
4530 34 70444 7 71444
4531 24 150219 6 150521
4532 16 21366 5 22211
4533 16 2951 6 3847
4534 80 190215 5 190878
4535 21 62668 8 63051
4536 16 190976 8 191812
4537 36 243869 6 244041
4538 71 30961 7 31921
4539 22 27651 6 28059
4540 80 146827 7 147599
4541 19 18265 5 18818
4542 80 27827 5 28335
4543 34 162609 6 163549
4544 43 139010 7 139223
4545 22 70444 7 71098
4546 42 246562 5 247253
4547 16 243869 7 244603
4548 22 17975 8 18785
4549 69 220536 6 221059
4550 43 193773 8 194160
4551 43 202074 8 202544
4552 21 69560 5 69757
4553 80 44144 7 44851
4554 47 87508 6 88351
4555 16 0 8 714
4556 7 138009 6 138604
4557 80 111594 7 112366
4558 34 240985 6 241811
4559 22 96630 6 97382
4560 19 147602 7 148069
4561 69 64309 5 64561
4562 47 67597 6 68300
4563 42 50430 6 50855
4564 28 105597 6 106348
4565 22 114970 7 115837
4566 19 169169 7 169939
4567 24 91834 5 92500
4568 69 25386 6 25891
4569 69 127420 5 128387
4570 21 105687 5 106687
4571 21 246155 7 246941
4572 16 86695 8 87284
4573 71 130824 7 131299
4574 42 200603 6 201326
4575 80 214632 5 215338
4576 47 170509 7 170981
4577 43 246740 8 247672
4578 7 4751 6 5505
4579 34 21011 5 21814
4580 19 171371 8 171522
4581 21 61425 5 62068
4582 80 156466 6 157287
4583 69 57906 5 58053
4584 59 204902 6 205442
4585 22 127420 6 128068
4586 80 182898 6 183745
4587 42 9504 6 10077
4588 22 37789 6 38186
4589 34 10660 6 11400
4590 7 188141 6 189018
4591 24 147739 7 148516
4592 24 125990 7 126189
4593 22 56431 6 56607
4594 21 5544 5 6448
4595 19 225713 7 226440
4596 34 192756 7 193601
4597 16 72191 7 72985
4598 19 219550 6 219923
4599 34 88487 5 89202
4600 36 78073 6 78821
4601 24 127870 7 128302
4602 28 48188 6 48412
4603 19 84721 6 85489
4604 34 181628 4 182499
4605 28 48513 6 49129
4606 21 114970 8 115856
4607 71 126778 6 127557
4608 34 64406 6 65032
4609 21 143214 7 143545
4610 22 0 5 154
4611 28 3847 6 4043
4612 34 102952 6 103776
4613 39 213676 6 213900
4614 16 69560 6 69707
4615 29 111038 7 111244
4616 22 45282 8 45779
4617 43 5465 8 6337
4618 59 7387 5 7917
4619 21 20398 6 20608
4620 19 1323 6 2312
4621 34 3559 7 4326
4622 34 197522 7 198283
4623 69 210233 6 211141
4624 69 16332 5 17126
4625 47 231242 6 232001
4626 16 144537 7 145284
4627 47 73889 7 74678
4628 19 233656 6 233983
4629 21 176705 8 177651
4630 22 202140 5 202965
4631 72 244741 6 245369
4632 47 95098 6 95726
4633 34 107342 6 107650
4634 21 27476 6 28111
4635 19 24634 6 25419
4636 7 214135 6 215120
4637 47 37789 7 38300
4638 34 144433 6 145029
4639 22 74777 8 75473
4640 29 161759 7 162488
4641 72 96630 7 97440
4642 34 82619 5 83521
4643 43 231589 7 232247
4644 19 52372 6 52638
4645 59 190049 6 190798
4646 21 11364 7 12334
4647 21 243206 7 243607
4648 69 189087 6 189891
4649 36 74737 6 75142
4650 7 186783 5 187546
4651 59 180928 6 181721
4652 59 43912 6 44437
4653 80 22721 8 23063
4654 80 115054 8 115809
4655 69 27698 5 28148
 调度评估结果
1. 任务等待评估 (Σ 等待×权重): 5603211551
2. 任务完成评估 (最大完成时间): 250293
3. GPU显存空闲评估 (平均空闲): 9637.78 GB/时间片
 额外统计
已调度任务               : 4655/4655
平均等待时间            : 120102.02
各服务器任务分布      : 服务器7=267, 服务器16=409, 服务器19=310, 服务器21=325, 服务器22=304, 服务器24=308, 服务器28=115, 服务器29=176, 服务器34=284, 服务器36=90, 服务器39=133, 服务器42=140, 服务器43=211, 服务器47=293, 服务器59=233, 服务器69=277, 服务器71=162, 服务器72=290, 服务器80=328
