1 7 16393 4 16440
2 76 14081 2 14136
3 69 16727 1 17235
4 69 17861 1 18064
5 97 590 1 1007
6 19 16576 1 16710
7 28 3040 3 3082
8 74 5976 1 6252
9 78 16665 1 17492
10 24 14577 4 14951
11 19 1993 2 2158
12 64 20020 3 20181
13 74 8868 1 9284
14 51 3040 1 3242
15 60 11823 1 11968
16 64 11562 5 11706
17 65 20844 1 20945
18 38 1798 2 1866
19 56 909 2 969
20 49 18855 2 19191
21 76 12170 2 12384
22 28 12329 2 12635
23 43 9284 1 9610
24 96 3603 4 3865
25 66 21059 2 21380
26 20 19934 5 20154
27 69 12170 3 12688
28 6 6994 1 7139
29 2 1659 2 1861
30 16 11832 3 12101
31 25 14504 1 14616
32 33 3980 3 4498
33 4 14736 3 15125
34 50 7675 1 7858
35 64 18506 1 18804
36 2 12329 1 12382
37 1 15656 5 15982
38 96 20224 1 20491
39 38 12329 1 12411
40 23 19558 1 19817
41 27 19511 1 19904
42 8 13514 3 13724
43 57 20963 1 21440
44 23 22446 1 22969
45 64 12018 1 12283
46 85 6866 2 6933
47 92 668 2 798
48 56 2452 1 2748
49 26 1348 3 1629
50 40 1404 2 1917
51 76 21342 1 21677
52 52 17385 5 17838
53 100 18834 1 19193
54 71 2377 1 2572
55 1 5922 3 6134
56 86 59 1 345
57 98 6276 3 6695
58 99 590 2 1127
59 30 10688 1 11074
60 38 21325 2 21818
61 45 4308 1 4835
62 15 15028 1 15503
63 96 17861 1 18331
64 6 3298 1 3509
65 98 17861 1 17907
66 9 590 2 1111
67 100 3869 4 4393
68 11 10693 2 11157
69 48 17662 1 17851
70 3 10205 7 10394
71 56 1668 1 2213
72 66 15422 4 15436
73 80 92 1 619
74 85 3078 1 3537
75 17 9574 7 9984
76 25 4555 1 4986
77 82 16231 2 16324
78 30 22861 3 23305
79 64 17861 4 17977
80 38 676 3 1160
81 96 18441 1 19366
82 57 11331 2 11643
83 57 14126 3 14441
84 51 611 2 723
85 43 3349 2 3415
86 20 14081 6 14164
87 41 14360 2 14780
88 100 8674 1 9009
89 82 15017 1 15071
90 81 18375 2 18662
91 11 14568 5 14897
92 35 4267 1 4330
93 86 18506 1 19056
94 43 4555 1 4964
95 77 22283 1 22578
96 18 11832 1 12647
97 76 714 2 1096
98 38 8537 1 9075
99 33 6866 2 7245
100 27 5922 1 6195
101 11 12444 3 12753
102 23 10065 3 10493
103 27 9574 3 10047
104 65 7646 1 7749
105 43 10688 2 11176
106 70 9975 1 9991
107 31 11331 4 11794
108 82 17251 1 17698
109 1 11331 1 11763
110 19 10693 1 11287
111 38 19558 1 19731
112 36 10172 4 10593
113 17 10506 5 10681
114 8 22520 2 22601
115 59 9284 1 9646
116 78 12524 1 13052
117 57 8165 4 8276
118 35 7954 1 8237
119 73 9574 2 10099
120 46 19558 1 20068
121 50 22944 2 23048
122 47 1408 1 1730
123 38 1619 1 1628
124 97 9284 2 9740
125 36 1673 2 2015
126 57 13437 2 13946
127 6 7590 3 8028
128 3 21059 5 21494
129 38 18566 1 18917
130 16 14104 2 14277
131 71 8786 1 9278
132 24 12444 1 12559
133 69 18855 4 19046
134 19 1770 1 1942
135 72 12329 4 12531
136 9 12485 1 12764
137 19 19204 2 19511
138 82 19934 1 20042
139 3 16936 5 17044
140 23 17040 3 17045
141 100 9132 1 9491
142 38 1668 1 2087
143 38 12601 2 12829
144 78 12329 1 12375
145 36 18378 1 18390
146 90 21325 2 21536
147 19 9096 1 10149
148 74 10688 2 11045
149 80 2188 1 2673
150 70 4565 3 4591
151 23 17649 1 17935
152 38 725 1 1061
153 69 14418 2 14760
154 17 15859 1 16473
155 69 22944 1 23182
156 23 11464 1 12329
157 96 17251 1 17272
158 96 19511 3 19896
159 41 7246 2 7682
160 71 14736 1 14946
161 25 4042 1 4551
162 28 22324 4 22396
163 59 14411 3 14503
164 57 4897 1 5263
165 27 16231 2 16576
166 27 7675 1 8005
167 86 9975 2 10228
168 35 22853 1 23297
169 37 600 3 803
170 38 5890 4 5976
171 9 8125 1 8315
172 45 20386 2 20546
173 76 15285 2 15529
174 45 8125 3 8427
175 69 7187 2 7674
176 2 15049 3 15328
177 28 7593 2 7622
178 47 4653 3 4824
179 40 15921 1 16359
180 43 15600 1 15873
181 2 12889 3 13235
182 48 20020 1 20152
183 89 19310 1 19316
184 6 21083 1 21620
185 3 15859 2 16282
186 3 5319 4 5412
187 27 4956 2 5255
188 57 6866 1 7839
189 57 7904 1 8165
190 37 10348 3 10879
191 40 17448 1 17655
192 100 21533 1 21698
193 100 15028 3 15146
194 48 6336 1 6453
195 40 6086 1 6535
196 66 2654 1 3079
197 19 14568 1 14594
198 98 11112 1 11284
199 25 3244 1 3372
200 41 15656 3 15708
201 57 590 3 1077
202 70 5319 1 5662
203 76 15740 2 15772
204 64 12329 6 12664
205 33 14577 1 15100
206 28 19069 2 19413
207 54 3426 1 3464
208 60 5319 2 5863
209 16 6866 1 7230
210 64 20096 4 20112
211 98 6866 1 7109
212 90 12444 3 12782
213 7 10065 1 10454
214 37 16576 4 16647
215 5 6361 3 6505
216 70 70 1 528
217 3 16393 2 16601
218 66 18612 1 18924
219 70 6697 2 6863
220 76 10688 1 11061
221 66 3677 1 3863
222 38 14906 1 15701
223 26 20073 3 20409
224 92 210 1 622
225 18 5555 1 5718
226 66 14874 2 15330
227 96 8125 1 8210
228 36 4296 1 4832
229 98 16936 1 17473
230 89 21289 3 21606
231 65 17662 1 17683
232 90 7675 2 7808
233 62 14420 1 14818
234 17 1408 1 1938
235 74 9574 1 9978
236 38 3677 1 4981
237 71 10592 1 10601
238 57 17861 1 18506
239 59 4555 4 4705
240 64 1668 2 2011
241 69 17385 2 17475
242 86 10065 1 10413
243 19 14874 1 15465
244 27 10065 1 10693
245 47 17985 1 18478
246 1 12858 1 13253
247 85 3143 1 3427
248 23 4924 5 5370
249 48 3040 1 3445
250 76 2763 1 3260
251 9 2479 1 3429
252 1 9975 1 10484
253 18 21599 1 21632
254 45 11562 3 11917
255 98 4267 1 4472
256 38 20213 1 20349
257 43 14190 1 14649
258 19 2872 1 3418
259 100 6042 2 6430
260 64 17385 1 17472
261 24 1688 5 1892
262 27 21586 1 22569
263 7 22283 1 22788
264 36 20844 4 20940
265 85 3478 2 3518
266 90 1678 1 1753
267 38 3281 1 3861
268 17 184 1 691
269 28 15260 7 15694
270 18 3552 2 4137
271 23 21397 1 21500
272 5 16729 3 16985
273 90 4956 2 5333
274 45 14420 1 14710
275 100 18375 6 18729
276 80 19511 2 19801
277 98 9075 1 9205
278 7 15486 2 15689
279 23 7954 2 8357
280 41 3552 8 3616
281 1 20844 3 21340
282 3 11112 2 11235
283 98 13046 4 13582
284 6 15486 2 15950
285 12 10133 4 10652
286 36 17251 1 17398
287 91 3603 1 3898
288 23 6336 1 6658
289 38 18347 4 18834
290 85 6702 1 7246
291 42 18834 4 18920
292 76 18543 2 19069
293 56 16936 1 17222
294 12 22974 4 23039
295 35 22776 1 22845
296 16 16753 2 16953
297 81 5319 1 5748
298 98 15395 1 15825
299 27 3840 4 4267
300 59 9975 3 10183
301 37 20213 2 20346
302 49 21440 3 21613
303 8 17480 2 17829
304 85 22944 1 22974
305 15 15859 2 15993
306 85 11803 1 12168
307 95 3298 2 3711
308 12 621 3 658
309 17 5890 1 6351
310 30 12524 3 12544
311 76 10688 2 10863
312 64 5071 1 5459
313 85 10688 1 10810
314 32 22025 3 22330
315 81 19812 1 20126
316 81 19218 2 19700
317 27 20844 1 21311
318 69 7187 1 7429
319 66 2808 3 3192
320 57 13207 2 13457
321 81 16231 1 16577
322 43 8537 1 9050
323 8 11563 3 11659
324 3 14736 2 15012
325 9 19934 1 20566
326 26 8125 3 8237
327 38 20480 2 20844
328 20 16670 2 16682
329 36 22553 2 22979
330 80 14081 1 14256
331 3 15017 1 15153
332 57 11112 2 11308
333 1 16231 2 16542
334 35 16393 7 16695
335 69 16753 2 17052
336 26 3253 1 3479
337 17 11112 4 11563
338 41 19558 8 19671
339 78 4267 1 4813
340 45 12524 6 12773
341 59 18378 1 18471
342 76 17861 1 18441
343 7 21950 2 22244
344 19 20224 1 20772
345 36 14874 1 15231
346 74 7593 2 7837
347 65 7456 2 7624
348 8 20844 2 20936
349 43 3298 2 3523
350 91 4337 1 4535
351 76 14669 1 14874
352 30 3040 2 3565
353 74 9975 1 10103
354 64 19558 1 19765
355 23 7954 2 8187
356 56 21599 1 22059
357 19 12853 1 13914
358 74 9132 1 9501
359 9 12767 1 13052
360 16 203 2 750
361 43 3984 1 4045
362 96 117 4 491
363 39 6361 1 6377
364 35 18566 3 18602
365 81 10065 1 10087
366 6 12858 2 13063
367 85 14360 1 14844
368 93 4267 6 4294
369 74 6633 2 7187
370 54 21950 1 22421
371 43 5071 1 5441
372 60 3478 1 3997
373 3 8598 1 8785
374 50 14081 6 14356
375 74 1408 1 1634
376 5 590 1 708
377 98 7187 3 7730
378 95 7040 3 7506
379 64 648 1 757
380 100 10974 5 11307
381 3 6633 1 7121
382 38 12666 1 12675
383 23 17105 2 17649
384 35 1467 1 1827
385 96 3869 2 4042
386 26 8005 1 8356
387 27 6829 2 7057
388 40 16259 1 16488
389 69 16259 1 16468
390 70 22025 1 22228
391 56 10348 1 10524
392 6 11112 1 11390
393 91 1790 1 2143
394 7 6525 3 6724
395 12 15740 4 16142
396 9 13912 1 14415
397 38 2844 1 3290
398 6 20802 3 21151
399 45 7593 3 7812
400 74 8786 1 9132
401 2 11112 1 11332
402 89 5922 4 6070
403 100 16452 2 16933
404 77 7593 1 7961
405 65 3724 2 3956
406 19 20802 1 20850
407 50 1684 1 1844
408 17 14081 1 15435
409 58 16936 2 17198
410 38 12170 1 12292
411 65 11832 1 12069
412 50 20844 4 20867
413 16 12524 1 12703
414 37 22974 2 23073
415 62 8125 1 8605
416 9 5890 1 6361
417 85 3143 1 3556
418 82 1348 2 1376
419 2 17861 1 18048
420 99 3916 1 3946
421 42 6656 1 6971
422 71 22025 1 22283
423 57 18506 3 18567
424 49 22025 1 22339
425 52 3298 4 3379
426 54 14874 1 14989
427 98 11489 1 11540
428 4 6866 1 7116
429 52 590 1 690
430 3 21586 3 21672
431 36 7706 1 8039
432 65 16576 1 16642
433 58 4897 1 5228
434 7 14360 1 14390
435 98 8808 3 9264
436 54 15395 2 15479
437 99 3478 1 3725
438 100 8125 1 8579
439 96 590 1 904
440 4 5890 3 6094
441 23 1659 1 2195
442 8 10065 3 10242
443 58 5319 1 5608
444 9 13345 1 13562
445 43 22853 2 23062
446 48 9574 6 9770
447 76 13068 1 13345
448 27 15395 4 15661
449 57 15921 1 16347
450 28 4052 3 4106
451 84 7187 2 7573
452 23 2763 1 3426
453 61 16824 1 17029
454 95 15486 1 15774
455 99 20507 2 21025
456 99 21574 2 21617
457 96 1252 1 1754
458 66 21533 4 21697
459 54 4944 3 5059
460 48 6276 2 6346
461 8 20215 3 20384
462 23 12858 3 13116
463 12 11901 2 12395
464 19 13968 1 14023
465 17 16576 2 16876
466 57 17184 5 17480
467 19 9975 1 10172
468 7 10688 3 11012
469 17 2654 1 3167
470 18 13228 1 14104
471 7 21397 1 21943
472 1 19511 4 19779
473 71 9284 2 9556
474 76 4280 1 4690
475 12 3537 1 3592
476 38 12829 1 13526
477 76 4897 1 5053
478 92 16259 1 16481
479 2 2033 2 2048
480 5 10065 3 10147
481 8 19558 1 19979
482 66 12889 1 13262
483 54 19812 2 19832
484 38 8816 1 9277
485 60 18378 2 18900
486 32 14528 2 15069
487 27 6276 1 6752
488 43 14528 3 14650
489 81 20215 1 20557
490 1 16576 7 16809
491 8 50 3 321
492 1 885 1 1114
493 19 20096 2 20217
494 56 17034 1 17524
495 58 17935 1 18047
496 30 14081 1 14385
497 11 5071 3 5598
498 78 14360 1 14709
499 25 3040 1 3491
500 89 2844 2 3390
501 88 21639 1 22077
502 78 16833 1 17348
503 76 8868 1 9278
504 90 21213 1 21645
505 71 3253 1 4204
506 69 22944 5 23013
507 4 153 3 453
508 60 18067 1 18106
509 8 9574 1 9621
510 69 10172 3 10526
511 78 16665 1 16786
512 69 10277 2 10423
513 3 13673 4 14039
514 28 8125 1 8628
515 85 13632 2 13854
516 60 4897 1 5051
517 49 17985 1 18144
518 8 12853 2 13072
519 56 7603 2 8005
520 50 16729 5 16785
521 11 9284 6 9626
522 76 15859 1 16000
523 71 590 1 1082
524 7 590 3 728
525 27 590 1 1060
526 9 6361 1 6723
527 76 20386 1 20526
528 52 12444 1 12547
529 70 5290 1 5295
530 66 13232 4 13756
531 100 10065 2 10270
532 2 20507 2 20871
533 78 14874 2 15104
534 100 5922 1 6160
535 4 3040 1 4296
536 85 20844 2 20952
537 81 590 2 662
538 77 80 1 562
539 97 4267 2 4489
540 64 4396 2 4788
541 18 9975 2 10133
542 27 3677 1 3936
543 41 590 1 660
544 27 19204 4 19279
545 62 7309 2 7758
546 19 11361 1 11671
547 78 10688 1 10773
548 35 18653 2 19135
549 48 4267 2 4341
550 2 19204 1 19604
551 23 1659 4 2126
552 85 16415 1 16624
553 66 16824 5 17081
554 6 8628 1 8821
555 57 22283 2 22611
556 4 12767 1 13033
557 89 22283 5 22686
558 70 14568 4 14953
559 28 3980 1 4052
560 64 22324 1 22664
561 1 4897 1 5088
562 100 15859 2 16262
563 35 3478 2 3829
564 65 4615 2 4823
565 38 3916 1 4422
566 38 703 1 1401
567 71 2184 1 2229
568 27 21927 2 22187
569 85 22974 1 23088
570 76 6252 2 6525
571 89 8674 4 9132
572 7 19934 1 20345
573 23 21533 1 21890
574 89 1668 6 1880
575 36 6697 1 7074
576 67 14365 1 14575
577 45 10065 1 10101
578 38 8363 1 8372
579 8 21950 1 22298
580 96 5071 1 5369
581 64 11648 1 11666
582 30 8628 3 8698
583 24 15656 2 16013
584 11 17371 1 17539
585 85 11648 1 12118
586 96 11112 1 11397
587 27 2168 1 2518
588 96 10065 2 10618
589 9 11648 2 11901
590 85 8125 2 8585
591 82 1659 2 1928
592 30 1463 1 1945
593 1 6 2 496
594 91 6361 2 6714
595 81 2184 2 2689
596 89 4042 1 4205
597 86 19934 1 20188
598 37 3040 2 3567
599 59 7456 4 7550
600 7 11823 1 11882
601 3 9975 1 10199
602 69 16576 1 16704
603 33 6702 1 7170
604 60 19731 1 20034
605 82 19558 3 19985
606 69 5081 4 5290
607 76 10172 2 10405
608 69 19558 1 19706
609 91 4555 1 4904
610 38 14081 1 14395
611 4 6697 1 6797
612 78 4000 1 4405
613 38 19069 1 19126
614 76 6525 4 6656
615 23 13988 1 14056
616 98 19204 2 19746
617 57 15656 1 15913
618 27 945 1 1418
619 66 14420 1 14548
620 82 8939 3 9449
621 90 4042 1 4344
622 85 3537 1 4653
623 36 22784 2 22807
624 74 16231 1 16665
625 19 15486 1 15913
626 56 8005 2 8035
627 17 17175 4 17504
628 78 16393 2 16603
629 74 4897 2 5238
630 50 10065 2 10392
631 78 10688 2 10840
632 28 22944 4 23084
633 74 14420 1 14475
634 48 5081 3 5598
635 85 6361 2 6786
636 74 16665 1 16678
637 78 2452 2 2984
638 61 15486 1 15958
639 78 7675 1 8187
640 76 21213 1 21333
641 82 6525 1 6639
642 1 13068 1 13478
643 28 5319 4 5538
644 74 11423 1 11591
645 4 13031 2 13046
646 82 18441 4 18588
647 38 18834 4 19204
648 9 18506 1 19000
649 90 22776 1 22916
650 71 21599 1 22025
651 7 16576 2 17119
652 85 21289 2 21750
653 62 17861 1 17912
654 56 698 2 1163
655 57 21440 2 22305
656 4 6094 2 6697
657 7 590 2 643
658 28 2214 3 2764
659 31 17175 2 17586
660 3 14081 1 14588
661 20 16452 4 16927
662 84 10065 1 10568
663 97 11534 1 11541
664 51 4323 1 4414
665 85 18612 2 18894
666 38 11112 4 11331
667 19 9975 1 10314
668 36 10277 2 10339
669 77 3349 1 3439
670 40 15656 1 16065
671 92 1348 1 1806
672 74 6276 1 6420
673 64 9075 1 9305
674 64 14874 1 15287
675 65 20864 1 21060
676 76 7187 2 7764
677 45 14237 1 14414
678 59 5319 3 5372
679 51 15038 1 15168
680 58 9284 1 9449
681 71 748 1 1252
682 40 17662 2 18136
683 27 5890 4 5958
684 7 14081 1 14375
685 27 1993 1 2928
686 85 17175 2 17484
687 85 15264 1 15859
688 48 6953 1 7128
689 43 638 2 684
690 91 590 1 1110
691 58 19204 1 19582
692 74 6953 1 8786
693 8 15486 1 15938
694 60 7040 1 7120
695 66 22025 1 22075
696 27 3980 2 4054
697 77 590 2 869
698 1 3478 2 3994
699 36 8674 3 9114
700 51 3349 1 3770
701 38 17662 2 18063
702 67 14528 1 14661
703 74 9574 2 9642
704 69 16259 2 16393
705 59 2377 2 2721
706 80 19934 1 20089
707 96 16833 1 16878
708 9 9059 1 9415
709 32 21325 1 21635
710 72 4000 1 4155
711 96 18378 1 18892
712 66 20802 6 20963
713 80 19069 2 19414
714 71 13437 1 13801
715 27 2377 3 2797
716 51 21213 2 21525
717 19 7187 1 7456
718 23 14240 1 15476
719 1 1252 2 1301
720 18 3298 1 3552
721 43 5319 2 5498
722 17 22776 4 22907
723 78 17175 1 17554
724 57 590 2 792
725 19 4897 2 5219
726 62 18566 1 18903
727 76 12853 4 12983
728 51 12170 2 12358
729 96 2630 2 2818
730 24 20224 5 20724
731 80 21533 2 21574
732 19 16665 1 16841
733 82 14770 2 15688
734 64 11803 3 12241
735 92 22776 1 22848
736 84 2576 3 3031
737 31 5319 3 5541
738 23 14190 4 14216
739 38 10754 1 11112
740 52 21950 2 22495
741 23 3426 1 3637
742 17 7590 2 7992
743 92 14237 1 14390
744 27 5319 2 5656
745 45 22776 5 23089
746 54 11803 3 12341
747 57 9859 1 9867
748 37 12444 1 12879
749 35 13514 1 13682
750 19 14411 1 14913
751 4 12170 1 12637
752 72 9096 1 9454
753 49 186 2 480
754 28 7040 1 7536
755 81 1132 2 1620
756 73 9059 2 9290
757 58 11331 1 11829
758 35 1949 1 2067
759 98 17175 1 17362
760 2 12018 2 12370
761 92 5319 1 5584
762 6 3510 4 3643
763 98 20213 5 20698
764 92 13165 1 13607
765 37 19204 4 19502
766 73 21927 1 22156
767 17 32 2 446
768 60 4267 1 4670
769 54 16332 1 16338
770 58 590 3 1124
771 3 1154 4 1486
772 76 19934 1 20327
773 85 18441 1 18569
774 9 6723 2 7040
775 65 8125 1 8583
776 98 13632 2 13807
777 78 20844 1 21139
778 85 8479 1 9009
779 3 15201 4 15396
780 35 17448 2 17979
781 27 18612 2 19057
782 85 20472 1 20675
783 61 4555 2 4770
784 27 14736 1 15261
785 27 4458 1 4924
786 92 10693 3 10943
787 18 6489 2 7107
788 28 14736 2 15260
789 40 11562 2 11790
790 19 9271 1 9404
791 92 13514 1 13850
792 54 22784 1 22985
793 99 5379 1 5861
794 76 3244 1 3781
795 45 8537 2 8601
796 64 17649 5 17853
797 16 22513 2 22577
798 27 21586 1 22489
799 2 10065 1 10497
800 95 13673 2 13727
801 28 8003 2 8036
802 60 15661 1 15849
803 96 22974 1 23385
804 59 22861 1 23223
805 59 2767 1 3236
806 64 16576 7 16872
807 69 3281 1 3520
808 20 20864 2 21299
809 1 12485 5 12945
810 27 7040 2 7278
811 6 18566 2 18967
812 72 13632 4 13696
813 57 11112 3 11481
814 41 6525 1 7016
815 36 5071 1 5214
816 96 14081 1 15017
817 57 11986 2 12379
818 34 14669 1 14985
819 64 9271 7 9447
820 71 5890 1 6338
821 8 14081 2 14317
822 58 12853 1 13070
823 71 22283 1 22624
824 28 13514 6 13730
825 74 5890 1 6793
826 57 1998 1 2445
827 84 18851 1 18980
828 45 13031 1 13182
829 69 12018 2 12105
830 100 7590 2 7891
831 2 4555 2 5046
832 96 10065 1 10661
833 98 1883 1 2115
834 100 17662 2 18071
835 92 14874 1 14995
836 59 11669 3 12017
837 85 10551 1 11803
838 82 5890 1 6413
839 2 15656 2 16009
840 6 1282 2 1346
841 17 4924 1 5149
842 76 1252 2 1358
843 56 13514 2 13825
844 7 3916 1 4011
845 48 20844 4 20950
846 85 13232 1 13912
847 70 16231 1 16285
848 27 14104 2 14602
849 1 11464 1 11837
850 25 14568 1 14774
851 42 18892 1 19165
852 24 4615 2 4839
853 92 17480 2 18020
854 7 8125 2 8470
855 6 10065 1 10190
856 66 21586 1 21700
857 31 13514 3 13607
858 81 10172 1 10587
859 23 18834 3 19077
860 11 20802 8 21295
861 11 16259 8 16681
862 60 8674 1 8859
863 2 14081 2 14406
864 78 11669 2 12149
865 18 17662 1 18193
866 57 7590 1 8088
867 76 2377 1 2808
868 17 8674 2 8876
869 99 22283 1 22785
870 3 17251 2 17299
871 95 14874 1 14989
872 4 14411 1 14576
873 48 20213 2 20464
874 24 22944 1 22971
875 70 15260 1 15737
876 7 21213 1 21271
877 16 3984 1 4227
878 26 138 4 399
879 32 13589 1 13597
880 81 7590 1 7611
881 82 6656 1 6994
882 27 5071 2 5085
883 90 1770 2 2297
884 76 903 1 1138
885 65 8537 2 8787
886 95 15859 3 16062
887 48 11213 1 11622
888 1 22025 3 22122
889 70 18566 1 18821
890 66 20020 4 20072
891 27 4054 1 4151
892 38 3916 1 4555
893 57 5319 2 5778
894 78 590 1 1077
895 45 22520 2 22703
896 76 19558 2 19944
897 69 22275 2 22754
898 17 1989 1 2062
899 6 22275 2 22608
900 71 20020 2 20469
901 7 11331 6 11436
902 77 20073 2 20546
903 71 7346 1 7514
904 48 1846 1 2101
905 65 6336 3 6468
906 49 14528 5 14550
907 16 19558 1 19711
908 86 17662 2 17694
909 72 1659 1 2149
910 16 590 3 921
911 6 12329 2 12759
912 26 22823 1 22916
913 96 4267 2 4615
914 16 15422 1 15451
915 77 4042 1 4454
916 95 19511 1 19706
917 76 19812 4 19884
918 7 15656 3 15859
919 70 10065 5 10393
920 81 14637 2 14645
921 23 7187 6 7700
922 98 1770 2 1783
923 66 590 6 733
924 82 18566 2 19035
925 49 19558 3 19703
926 64 5319 4 5865
927 82 6042 2 6372
928 85 4565 1 4602
929 65 12905 2 12930
930 96 5319 1 5618
931 37 21083 3 21619
932 38 12329 4 12567
933 59 12524 1 12928
934 100 6656 1 6745
935 62 142 2 466
936 72 13207 1 13554
937 66 1734 5 2173
938 69 11562 3 11759
939 74 11562 2 12063
940 78 3677 3 3828
941 86 7187 1 7608
942 66 1684 1 2097
943 43 9059 1 9314
944 3 5319 4 5850
945 48 3956 2 4101
946 32 12018 1 12516
947 28 11331 6 11489
948 82 23138 2 23212
949 54 16587 2 17102
950 38 2406 1 2828
951 71 23 1 451
952 9 11901 1 12482
953 100 14874 4 14967
954 74 19069 1 19490
955 61 8628 1 9093
956 23 22112 1 22465
957 37 14736 1 15189
958 81 14081 2 14302
959 19 11331 1 11663
960 82 2452 1 2965
961 4 225 2 394
962 24 4042 1 4591
963 45 13988 3 14223
964 37 11832 4 12173
965 12 12524 1 12552
966 66 21276 1 21740
967 18 17900 1 17947
968 57 19558 1 20051
969 27 17861 3 18375
970 19 22853 1 22890
971 19 22815 1 23406
972 64 12905 1 13289
973 27 12889 1 13436
974 72 17861 1 18081
975 85 590 1 694
976 4 17175 1 17732
977 31 7187 2 7367
978 86 20469 1 20480
979 48 21950 2 22271
980 74 16231 1 16525
981 57 15921 3 16422
982 20 19204 5 19337
983 23 5319 1 5480
984 59 18506 4 18986
985 99 3244 1 3626
986 4 21586 2 22026
987 96 17371 1 17808
988 27 11334 1 11892
989 96 6866 2 7091
990 32 12588 1 12624
991 1 17184 3 17277
992 72 4565 1 4695
993 46 16231 2 16663
994 31 2377 5 2491
995 71 12293 1 13437
996 69 1404 5 1884
997 35 19558 4 20020
998 85 5550 1 5662
999 19 13801 1 14002
1000 37 14504 2 14885
1001 35 3298 2 3384
1002 4 8537 1 8939
1003 70 17662 1 18010
1004 92 9284 2 9400
1005 38 11581 1 11880
1006 78 12329 2 12348
1007 76 16393 1 16724
1008 64 17175 6 17431
1009 74 4555 2 4897
1010 99 11187 1 11348
1011 70 14411 3 14558
1012 85 20480 1 20606
1013 27 19069 2 19362
1014 82 4267 1 5045
1015 67 22974 1 23223
1016 27 1408 1 1467
1017 49 7593 1 8050
1018 78 4941 1 5102
1019 60 1659 1 2167
1020 69 12767 5 13235
1021 78 7187 1 7564
1022 45 21276 1 21722
1023 23 5890 1 5919
1024 84 9975 2 10428
1025 90 17385 2 17890
1026 19 19069 2 19092
1027 43 4267 2 4484
1028 99 12524 1 12913
1029 54 10506 3 10877
1030 70 4267 1 4419
1031 4 17861 2 18128
1032 95 2830 1 2837
1033 2 7187 1 7255
1034 17 10404 1 10506
1035 86 19204 1 19752
1036 38 10344 2 10848
1037 7 5319 5 5387
1038 19 1242 2 1247
1039 19 12329 1 12471
1040 28 21083 1 21619
1041 91 3568 2 4029
1042 66 7246 5 7480
1043 17 21927 7 22240
1044 27 17662 1 17881
1045 23 13165 1 13462
1046 41 14528 1 15004
1047 2 11331 1 11695
1048 48 12329 1 12394
1049 1 517 1 523
1050 8 3478 1 3891
1051 2 20963 1 21328
1052 57 15201 1 16000
1053 99 1974 2 2058
1054 56 22025 1 22166
1055 43 3916 2 4235
1056 6 4948 1 5398
1057 57 20213 1 20678
1058 27 14504 1 15052
1059 85 4653 1 4731
1060 73 19934 6 20339
1061 42 15028 5 15561
1062 99 20096 1 20245
1063 85 16936 1 17668
1064 25 4267 2 4610
1065 66 14906 3 15043
1066 8 11112 2 11311
1067 40 19558 2 19807
1068 98 17371 1 17415
1069 30 7456 1 7956
1070 35 20213 2 20598
1071 15 6866 2 6939
1072 3 2184 1 2623
1073 69 21213 1 21384
1074 57 21083 1 21404
1075 96 12485 2 12858
1076 74 2188 1 2767
1077 20 3349 6 3696
1078 19 8628 1 9096
1079 84 5890 2 6353
1080 99 10277 2 10738
1081 65 21574 2 21873
1082 33 7187 1 7424
1083 37 5550 1 5807
1084 23 16727 2 17500
1085 100 15395 1 15763
1086 1 3057 1 3198
1087 85 5890 1 6124
1088 86 10344 1 10412
1089 40 12329 1 12344
1090 16 7246 2 7577
1091 6 17662 1 18136
1092 40 18381 2 18675
1093 15 15028 3 15489
1094 18 22283 1 22553
1095 65 9271 2 9411
1096 98 4565 1 4595
1097 2 21440 1 21490
1098 99 7954 2 8458
1099 20 11832 1 11945
1100 77 8096 1 8203
1101 7 11446 3 11724
1102 23 21059 3 21431
1103 30 20844 3 21289
1104 45 18506 1 18921
1105 57 4897 1 5621
1106 4 5319 3 5453
1107 74 14240 2 14420
1108 7 19511 1 19892
1109 30 17385 3 17549
1110 81 2818 1 3050
1111 43 11112 1 11153
1112 100 14081 1 14524
1113 46 3298 2 3367
1114 82 5507 2 6139
1115 100 22283 1 22548
1116 26 14365 2 14497
1117 56 9284 1 9298
1118 3 4555 1 4790
1119 96 21927 1 22094
1120 23 1132 1 1418
1121 76 5319 1 5921
1122 19 11112 1 11465
1123 58 22784 2 22946
1124 39 6361 1 6716
1125 78 12170 1 12542
1126 76 1974 2 2377
1127 64 11669 2 11932
1128 84 4555 3 4837
1129 23 14081 5 14418
1130 81 17662 1 18045
1131 65 13207 2 13520
1132 48 12404 7 12943
1133 43 10288 1 10675
1134 71 17662 1 17894
1135 19 21533 1 21950
1136 86 22944 2 23421
1137 3 6042 4 6183
1138 51 7187 2 7415
1139 41 7340 1 7775
1140 36 17662 2 17699
1141 3 1684 1 1883
1142 58 13988 3 14123
1143 20 13514 2 13559
1144 64 6276 1 6561
1145 65 17861 2 18004
1146 69 641 1 1067
1147 54 6336 3 6726
1148 9 7040 2 7290
1149 37 18851 1 19129
1150 85 22739 1 24182
1151 85 6633 1 6702
1152 90 6633 2 6950
1153 57 11112 4 11562
1154 99 7187 2 7446
1155 11 18375 2 18396
1156 19 5236 3 5443
1157 82 12889 1 13033
1158 74 3057 1 3688
1159 89 20020 1 20139
1160 26 21367 1 21531
1161 61 619 1 970
1162 38 16393 2 16683
1163 3 7675 6 8082
1164 85 12767 2 12968
1165 28 16698 3 17117
1166 98 7954 1 8120
1167 6 5922 1 6289
1168 48 605 1 672
1169 27 6633 1 6774
1170 59 7235 4 7302
1171 50 8003 2 8495
1172 23 3040 1 3381
1173 95 12444 1 12822
1174 36 4944 1 5247
1175 3 901 2 1043
1176 85 13165 1 13439
1177 97 14329 2 14861
1178 95 6276 2 6457
1179 27 15661 1 16538
1180 23 13514 1 14173
1181 23 10506 3 10631
1182 18 6042 1 6213
1183 98 9574 1 9928
1184 1 2818 1 3360
1185 76 14237 1 14669
1186 4 1684 2 2215
1187 19 22275 1 22853
1188 80 12329 1 12380
1189 48 11622 2 11629
1190 7 11423 1 11807
1191 65 14411 1 14592
1192 80 16231 1 16593
1193 23 18441 5 18653
1194 60 14791 1 15024
1195 38 11112 1 11239
1196 23 13514 1 13859
1197 1 9059 1 9609
1198 76 20020 3 20346
1199 48 21440 1 21747
1200 78 12588 1 13157
1201 66 6702 2 7226
1202 27 4267 1 4355
1203 16 6094 1 6544
1204 64 590 4 639
1205 16 16727 1 17222
1206 71 20844 1 20906
1207 35 14365 1 14580
1208 19 20096 1 20224
1209 61 22025 1 22156
1210 8 5890 2 6344
1211 100 590 3 1031
1212 59 11423 3 11618
1213 80 16698 2 17181
1214 23 10688 1 10877
1215 71 16936 1 16954
1216 76 22823 2 23223
1217 37 7593 5 8007
1218 76 4137 4 4619
1219 11 11563 1 12048
1220 2 20224 1 20774
1221 90 5443 1 5779
1222 74 16587 1 17107
1223 85 17861 1 18004
1224 78 13912 1 14454
1225 26 14906 4 15327
1226 67 14577 2 14676
1227 38 22776 1 22919
1228 18 14104 2 14326
1229 48 15028 4 15361
1230 65 15859 2 16204
1231 62 10065 5 10461
1232 30 10348 2 10648
1233 74 2767 2 3057
1234 92 20472 1 20807
1235 38 8479 1 8546
1236 3 12318 3 12752
1237 74 22944 1 23058
1238 100 5081 2 5464
1239 36 12444 4 12524
1240 74 14126 1 14181
1241 3 21397 4 21543
1242 85 590 1 645
1243 35 3478 3 3905
1244 18 16729 1 17279
1245 58 9574 2 10075
1246 9 11562 3 11648
1247 11 15395 2 15511
1248 66 19934 2 19976
1249 82 3253 1 3724
1250 43 10974 3 11061
1251 7 3724 1 3793
1252 7 21083 1 21392
1253 65 22776 1 23176
1254 89 1673 5 1776
1255 4 13912 1 14411
1256 23 937 5 1253
1257 36 18566 3 18868
1258 100 1770 4 2217
1259 23 8479 1 8674
1260 90 21632 1 21891
1261 38 16936 1 17175
1262 85 2176 1 2997
1263 26 178 1 300
1264 57 6406 1 6742
1265 28 11489 8 11959
1266 66 20073 3 20383
1267 7 15264 4 15677
1268 76 15921 1 16267
1269 76 11885 1 12776
1270 19 4396 1 5236
1271 69 12431 1 12574
1272 40 3916 1 4343
1273 3 12767 3 12896
1274 17 1750 4 1991
1275 78 1985 1 2338
1276 37 15017 2 15379
1277 27 10693 1 11056
1278 58 20844 3 21296
1279 49 6406 2 6949
1280 70 20469 2 20879
1281 24 3478 1 3904
1282 3 590 2 1053
1283 57 6387 2 6406
1284 3 9284 1 9489
1285 64 6086 6 6546
1286 38 19558 1 20108
1287 2 22025 3 22309
1288 38 6086 2 6406
1289 65 13912 1 14367
1290 66 2576 1 2923
1291 80 5319 2 5718
1292 89 8156 1 8669
1293 85 18851 2 19077
1294 74 18067 2 18350
1295 2 14922 2 14977
1296 96 7593 1 7777
1297 1 3869 2 4265
1298 85 4615 2 5097
1299 76 5922 2 6334
1300 18 5555 1 5927
1301 27 21397 1 21574
1302 35 14669 6 14791
1303 45 15028 1 15542
1304 64 16936 1 17017
1305 33 14669 1 15118
1306 50 20020 1 20494
1307 58 3040 1 3543
1308 65 618 2 1037
1309 58 22442 1 22583
1310 45 6336 1 6853
1311 91 14418 1 14791
1312 100 20386 1 20896
1313 84 14874 2 15178
1314 74 7470 2 7593
1315 96 16259 2 16833
1316 34 15859 1 16203
1317 24 4267 2 4302
1318 49 11331 1 11595
1319 85 11397 1 11874
1320 9 1653 1 1924
1321 56 21083 1 21613
1322 76 11446 3 11633
1323 6 1348 1 1837
1324 19 14023 3 14237
1325 2 3244 1 3588
1326 69 20224 1 20503
1327 35 21367 2 21754
1328 65 17175 1 17364
1329 17 5319 6 5398
1330 77 5443 2 5796
1331 100 13068 3 13353
1332 64 20213 3 20388
1333 9 1463 2 1848
1334 74 19812 1 20399
1335 66 3281 2 3359
1336 66 21213 3 21267
1337 99 6042 1 6338
1338 48 1132 1 1201
1339 98 11562 1 11961
1340 71 6633 2 7122
1341 17 12767 1 13100
1342 66 13068 3 13522
1343 19 12601 1 13126
1344 28 5985 3 6157
1345 3 3253 2 3584
1346 85 2150 2 2553
1347 65 21059 1 21435
1348 65 14411 2 14512
1349 17 22919 1 23465
1350 34 15260 1 15283
1351 20 3916 1 3993
1352 17 12170 5 12221
1353 19 775 1 1027
1354 98 9059 3 9076
1355 12 19812 1 20193
1356 35 16753 1 17025
1357 43 6401 3 6568
1358 45 3281 3 3321
1359 23 13514 1 13752
1360 34 15486 2 15949
1361 27 17900 1 18436
1362 57 9975 2 10277
1363 95 17662 2 17945
1364 76 16393 1 16753
1365 24 15017 3 15055
1366 82 19558 1 19793
1367 36 3916 1 4174
1368 48 3956 2 4354
1369 38 9574 1 10053
1370 62 6351 1 6615
1371 27 12524 2 12878
1372 2 20802 1 21344
1373 28 3244 3 3439
1374 86 11423 1 11621
1375 81 12905 1 13140
1376 56 8939 1 9260
1377 98 21533 6 22047
1378 76 19069 1 19477
1379 37 17184 1 17243
1380 38 1132 1 1659
1381 100 6042 1 6287
1382 16 22677 2 23211
1383 65 16665 3 16679
1384 98 18347 2 18450
1385 100 1132 1 1520
1386 64 10688 2 11129
1387 80 3244 1 3317
1388 38 15600 3 15740
1389 66 15486 4 15507
1390 23 3916 3 4417
1391 76 13673 2 14193
1392 3 7590 1 7853
1393 96 11397 1 12202
1394 23 4267 1 4595
1395 3 11331 3 11813
1396 96 14568 1 14932
1397 95 158 3 675
1398 23 16729 1 16836
1399 38 10688 1 10754
1400 35 5379 3 5640
1401 4 1132 1 1348
1402 43 5507 1 5651
1403 37 17935 3 18070
1404 71 5890 1 6416
1405 9 2161 2 2479
1406 43 15017 1 15558
1407 38 8003 1 8343
1408 85 21083 1 21488
1409 85 14365 1 14682
1410 3 1659 4 1681
1411 66 15260 2 15557
1412 16 6276 2 6464
1413 9 17861 1 18368
1414 96 9059 1 9462
1415 18 717 1 1553
1416 64 9075 5 9219
1417 28 12431 1 12540
1418 4 590 2 624
1419 74 17480 1 17982
1420 98 4944 1 5340
1421 66 590 1 768
1422 76 13345 1 13673
1423 23 22025 3 22105
1424 18 7187 1 7478
1425 37 17662 4 17713
1426 99 10065 1 10157
1427 82 1190 2 1617
1428 6 22776 1 22849
1429 19 14237 1 14411
1430 6 6336 1 6827
1431 28 11187 1 11477
1432 23 14081 1 14432
1433 100 3040 3 3557
1434 57 3501 1 3895
1435 16 3143 1 3562
1436 27 11892 1 12444
1437 92 22963 3 23434
1438 38 19204 4 19558
1439 54 7187 1 7672
1440 92 21440 1 21554
1441 69 12583 1 12932
1442 23 16415 1 16750
1443 23 15859 1 16414
1444 2 2818 1 2921
1445 67 590 1 1024
1446 69 8537 1 8897
1447 76 8540 2 8596
1448 1 13514 1 13659
1449 100 11397 1 11934
1450 59 5379 1 5529
1451 28 14237 1 14655
1452 78 4713 1 4941
1453 54 8125 2 8379
1454 4 10551 2 10564
1455 7 15260 3 15298
1456 96 4924 1 5314
1457 24 1701 1 1884
1458 73 5071 2 5103
1459 100 10172 1 10646
1460 96 18506 2 18591
1461 48 6351 7 6711
1462 18 18371 1 18381
1463 30 9663 1 10185
1464 81 18067 1 18346
1465 76 22513 2 22784
1466 64 22974 2 23480
1467 59 15486 2 15905
1468 73 8537 2 9022
1469 2 12485 2 12665
1470 7 590 2 1039
1471 9 5071 1 5420
1472 38 17900 1 18407
1473 27 18506 1 19035
1474 4 624 2 734
1475 76 3040 1 3244
1476 50 5890 2 5933
1477 18 15486 1 15979
1478 9 15656 1 15731
1479 17 11892 2 11937
1480 71 21574 1 21995
1481 100 11827 3 12227
1482 19 14913 2 15430
1483 57 4129 1 4214
1484 92 22283 1 22799
1485 74 5379 1 5550
1486 6 11823 1 12028
1487 74 10974 1 11037
1488 96 7954 1 8057
1489 45 7040 5 7521
1490 71 12018 1 12293
1491 64 7590 1 7836
1492 49 18376 2 18552
1493 6 5443 3 5775
1494 74 19511 1 19812
1495 76 9574 3 10047
1496 85 21533 1 21918
1497 67 1668 3 1716
1498 65 12524 2 12768
1499 16 20864 1 20915
1500 7 3040 2 3204
1501 31 13165 3 13460
1502 66 7646 3 8170
1503 74 12444 1 12976
1504 85 19511 2 20060
1505 48 12329 4 12641
1506 92 13514 1 13599
1507 51 1659 1 2199
1508 37 20480 5 20917
1509 24 3980 2 4004
1510 32 17662 1 18131
1511 76 2909 1 3080
1512 54 18506 2 19029
1513 90 9284 2 9690
1514 70 7593 2 7657
1515 18 7590 2 8012
1516 45 21950 3 22385
1517 35 4137 2 4470
1518 51 11563 1 11741
1519 16 6086 2 6102
1520 57 590 8 899
1521 38 4555 2 4944
1522 66 15260 4 15407
1523 78 13514 2 14255
1524 1 12858 1 13235
1525 9 21830 1 22170
1526 50 667 2 769
1527 9 9975 3 10205
1528 28 8868 3 9384
1529 57 22776 2 22891
1530 65 19934 1 20269
1531 5 14360 1 14621
1532 43 14081 1 14487
1533 76 13207 2 13249
1534 96 20844 2 21172
1535 19 1132 1 1164
1536 49 1408 1 1522
1537 35 7603 1 7729
1538 76 16753 1 17810
1539 74 6351 1 6633
1540 27 19204 1 19650
1541 48 4555 1 4643
1542 96 12202 1 12485
1543 2 6697 2 7193
1544 41 4000 5 4257
1545 19 16231 1 17429
1546 54 2576 4 2855
1547 2 17662 1 18008
1548 27 18851 1 18940
1549 8 12379 3 12620
1550 7 21397 2 21713
1551 4 10065 3 10535
1552 90 6361 1 6872
1553 59 10688 3 10711
1554 71 2576 2 2645
1555 35 4823 2 4833
1556 76 6633 1 6789
1557 85 590 1 958
1558 99 19511 1 19613
1559 59 13165 2 13243
1560 78 16259 1 17611
1561 9 7290 1 7482
1562 50 12858 3 13100
1563 8 10348 1 10361
1564 5 13207 1 13686
1565 71 20472 1 20808
1566 54 3349 3 3532
1567 82 6351 1 6515
1568 17 17662 1 18142
1569 85 1467 2 1651
1570 4 1348 1 1797
1571 48 13514 3 13639
1572 64 21440 4 21746
1573 37 6633 2 7100
1574 26 22784 1 23064
1575 92 14237 1 14275
1576 69 22025 1 22480
1577 35 18851 1 19033
1578 69 8598 2 8874
1579 86 17371 2 17582
1580 66 16393 1 16733
1581 18 16231 2 16326
1582 69 16707 2 16713
1583 92 13912 1 14050
1584 31 21068 1 21380
1585 6 18892 2 19261
1586 54 8598 3 9095
1587 57 20073 1 20240
1588 89 3980 6 4306
1589 71 21059 1 21305
1590 93 7590 1 7675
1591 48 3478 2 3918
1592 65 17935 1 18328
1593 85 2036 1 2168
1594 85 16624 2 17087
1595 40 238 1 535
1596 65 12018 3 12154
1597 18 16393 2 16670
1598 30 12853 2 13054
1599 4 2452 1 2623
1600 23 635 1 902
1601 43 14669 1 14770
1602 60 5922 1 6419
1603 38 20844 1 21305
1604 59 8537 2 8959
1605 74 9284 1 9858
1606 57 14874 3 15171
1607 9 19204 1 19523
1608 91 17662 1 18003
1609 37 1463 1 2005
1610 74 2150 1 2188
1611 85 18566 2 18851
1612 33 5555 1 6038
1613 37 10688 1 10969
1614 1 8939 5 8966
1615 57 16833 2 17184
1616 2 8003 1 8329
1617 74 17251 1 17479
1618 54 20073 3 20217
1619 54 4129 1 4644
1620 28 12329 2 12480
1621 4 12329 2 12488
1622 65 14023 1 14358
1623 43 9574 1 9684
1624 92 12968 3 13249
1625 74 4401 1 5518
1626 2 11562 2 11888
1627 71 3501 1 3593
1628 91 4056 1 4269
1629 59 19511 2 19806
1630 83 17662 2 17787
1631 8 1132 1 1630
1632 73 7954 1 8394
1633 73 11671 6 12117
1634 66 17900 1 18187
1635 7 22944 3 23369
1636 98 1394 2 1749
1637 43 4409 1 4913
1638 71 1653 1 2155
1639 27 3040 2 3840
1640 6 2613 1 2662
1641 50 906 3 1351
1642 90 21325 1 21569
1643 2 21586 2 21866
1644 38 16576 1 17034
1645 76 15859 3 16264
1646 8 7954 1 8439
1647 84 1730 1 1880
1648 33 12485 3 12775
1649 76 629 1 714
1650 82 16393 1 16698
1651 98 17448 4 17739
1652 86 6656 2 7033
1653 36 4555 3 5021
1654 43 14360 1 14863
1655 57 17371 1 17859
1656 64 22823 1 22837
1657 71 1688 1 2182
1658 16 15049 3 15378
1659 9 15049 1 15067
1660 3 10506 1 10814
1661 20 7706 2 7778
1662 74 21240 1 21639
1663 23 12767 1 13165
1664 82 11112 1 11261
1665 4 20213 1 20599
1666 15 15486 1 15822
1667 65 22520 2 22622
1668 17 21276 1 21497
1669 59 22025 1 22463
1670 56 2013 1 2188
1671 100 12329 1 12645
1672 19 14411 1 14568
1673 3 11832 3 12203
1674 85 3724 1 3863
1675 85 17371 2 17841
1676 4 15017 1 15076
1677 36 21068 1 21159
1678 23 4129 2 4383
1679 48 8868 1 9380
1680 49 21083 1 21193
1681 48 13068 2 13280
1682 76 1132 1 1408
1683 16 5550 1 5855
1684 50 18834 4 18917
1685 30 9059 2 9267
1686 66 20215 2 20360
1687 73 18566 3 18650
1688 38 21574 2 21633
1689 38 11331 1 11581
1690 81 22776 1 23314
1691 74 2150 1 2593
1692 97 8003 2 8520
1693 74 1305 2 1780
1694 78 16259 1 16374
1695 28 19511 5 19693
1696 1 7904 3 8065
1697 95 22861 1 23357
1698 59 20844 6 21231
1699 65 1523 1 1853
1700 95 20073 1 20219
1701 37 14240 5 14448
1702 96 5922 4 5956
1703 57 5890 4 6387
1704 66 2452 3 2741
1705 19 17371 2 17662
1706 3 18067 1 18404
1707 74 13068 2 13232
1708 100 15017 3 15260
1709 76 9284 1 10432
1710 27 18506 1 18599
1711 66 19558 5 19933
1712 19 21950 2 22032
1713 74 16824 1 17580
1714 49 3956 1 4286
1715 92 9059 1 9144
1716 84 7603 3 7681
1717 100 8598 4 8676
1718 49 8598 2 8654
1719 37 16729 2 17132
1720 57 16665 2 17027
1721 38 20469 1 20824
1722 1 21586 1 21784
1723 35 1348 1 1745
1724 82 7340 1 7863
1725 28 20386 5 20552
1726 100 20073 2 20323
1727 59 483 2 491
1728 38 4267 2 4512
1729 32 6094 1 6344
1730 78 22442 1 22689
1731 76 12588 2 12886
1732 96 21172 1 22324
1733 85 10205 1 10592
1734 64 14360 3 14408
1735 27 4924 1 4948
1736 92 3478 1 3972
1737 82 4555 2 5087
1738 72 20217 3 20635
1739 90 4565 1 4885
1740 5 833 2 1296
1741 85 5319 1 5387
1742 93 15859 2 15966
1743 3 5890 7 5979
1744 80 10688 1 10933
1745 3 8003 3 8418
1746 18 15486 1 16083
1747 85 4897 1 5445
1748 17 17385 1 18208
1749 19 20408 1 20507
1750 38 7958 1 8457
1751 38 13632 1 14360
1752 23 14528 2 15038
1753 66 15921 5 16316
1754 28 13912 5 14111
1755 97 2452 1 2567
1756 1 8479 2 8682
1757 71 17900 1 18566
1758 38 14360 1 14577
1759 26 18375 1 18548
1760 1 4296 3 4797
1761 73 4267 1 4795
1762 30 15395 3 15486
1763 37 14329 2 14476
1764 69 11563 2 11789
1765 96 590 3 761
1766 12 19934 4 20407
1767 76 5071 1 5270
1768 57 6633 2 6851
1769 69 7040 3 7082
1770 92 8674 2 9005
1771 35 590 1 610
1772 83 14237 2 14566
1773 7 7590 1 7693
1774 5 22784 1 23128
1775 40 14360 1 14871
1776 74 17580 1 18067
1777 24 15049 2 15456
1778 43 4129 2 4341
1779 17 7187 3 7523
1780 66 15859 1 16169
1781 85 19204 1 19374
1782 11 17662 1 17782
1783 89 21325 2 21649
1784 71 12853 1 13384
1785 3 22442 1 22504
1786 64 1704 1 2052
1787 57 3537 4 3924
1788 48 15201 4 15491
1789 78 5921 1 6251
1790 64 5890 3 6136
1791 4 7187 2 7706
1792 69 6351 2 6486
1793 82 10238 1 10728
1794 81 22446 1 22474
1795 82 590 1 989
1796 82 20215 1 20366
1797 12 12601 1 12955
1798 84 3552 2 3701
1799 49 22784 2 23058
1800 2 22944 1 23148
1801 38 1770 4 2251
1802 17 19204 6 19428
1803 32 17175 1 17307
1804 9 19511 1 19848
1805 82 18834 1 19365
1806 57 13801 2 14126
1807 17 8003 2 8391
1808 27 7470 1 7676
1809 85 6725 1 7125
1810 38 1252 1 1497
1811 72 16936 1 17014
1812 65 16259 1 16350
1813 77 1467 1 1747
1814 28 19511 1 19959
1815 19 17705 1 17715
1816 97 2576 1 2678
1817 17 2150 1 2654
1818 90 14504 1 14858
1819 80 8816 1 9092
1820 60 2808 1 3329
1821 67 12524 2 12619
1822 76 2184 2 2542
1823 76 10506 1 10967
1824 96 22324 3 22821
1825 79 6406 4 6456
1826 51 92 2 275
1827 19 18067 1 18221
1828 1 17251 1 17343
1829 38 17034 2 17393
1830 25 4944 1 5192
1831 6 11187 1 11425
1832 85 16231 3 16484
1833 23 12905 2 13032
1834 1 12170 1 12561
1835 25 10348 2 10452
1836 69 938 1 1017
1837 60 22974 1 23206
1838 66 1684 2 1704
1839 76 22823 1 22913
1840 38 11541 2 12170
1841 71 8125 1 8744
1842 57 1668 4 1998
1843 65 16936 1 17118
1844 100 14240 2 14283
1845 41 18566 1 18583
1846 58 4555 4 4608
1847 1 5443 1 5631
1848 43 8598 2 8844
1849 9 17861 1 18243
1850 49 10065 2 10142
1851 11 20213 1 20749
1852 7 6336 3 6797
1853 76 10065 1 10220
1854 100 6953 2 7354
1855 59 15395 1 15637
1856 54 14360 1 14651
1857 98 20386 1 20615
1858 70 114 3 394
1859 4 13046 2 13379
1860 57 3143 4 3501
1861 38 8125 4 8537
1862 1 15201 1 15245
1863 66 22446 6 22596
1864 49 10688 1 10909
1865 9 7590 1 7871
1866 100 22442 3 22693
1867 59 7593 5 7940
1868 74 21172 1 21213
1869 96 10768 1 10776
1870 30 2188 3 2386
1871 100 13514 2 13659
1872 88 6387 1 6679
1873 50 21059 6 21544
1874 28 777 4 1233
1875 36 21533 1 21746
1876 37 8156 1 8644
1877 76 12170 2 12570
1878 33 12524 3 12928
1879 57 10065 2 10261
1880 38 14081 1 14334
1881 50 184 3 268
1882 86 16259 1 16766
1883 64 3916 2 4384
1884 36 6633 1 6813
1885 37 8125 1 8430
1886 78 11112 1 11314
1887 82 10974 2 11427
1888 96 18612 2 19053
1889 28 4267 1 4610
1890 48 16576 1 16805
1891 23 15260 1 15656
1892 76 20844 5 21181
1893 17 5550 2 5682
1894 78 13514 1 13605
1895 74 4267 1 4749
1896 6 919 2 1185
1897 58 20096 4 20596
1898 74 14528 1 15049
1899 19 19511 1 20020
1900 59 1132 6 1641
1901 2 11827 1 12105
1902 23 20073 1 20112
1903 92 3040 1 3140
1904 35 17175 6 17283
1905 47 11669 2 11821
1906 65 4000 3 4463
1907 48 18506 7 19047
1908 36 8125 3 8412
1909 9 13514 1 13747
1910 4 22283 2 22520
1911 49 16259 3 16548
1912 27 4948 1 5399
1913 23 5507 2 6054
1914 64 8808 3 9070
1915 71 20469 1 20678
1916 80 10065 2 10359
1917 19 1132 1 1553
1918 91 1770 2 1775
1919 9 14528 1 14574
1920 95 1348 1 1462
1921 74 20096 1 20564
1922 65 3916 1 4000
1923 90 2184 2 2261
1924 89 6525 1 6762
1925 84 6276 1 6692
1926 64 6361 2 6497
1927 64 18347 3 18509
1928 27 8125 2 8224
1929 76 17580 1 17861
1930 64 11112 2 11501
1931 89 6361 1 6672
1932 40 6656 1 7143
1933 71 22963 1 23383
1934 27 7057 1 7675
1935 35 15260 7 15670
1936 70 1883 4 2387
1937 70 19218 3 19403
1938 90 5443 1 5772
1939 66 19558 1 19611
1940 98 938 1 959
1941 7 13514 2 13608
1942 27 15264 1 15348
1943 98 18892 2 19434
1944 23 19558 1 19876
1945 65 5353 2 5804
1946 98 18855 2 19277
1947 26 4565 7 4775
1948 11 17900 8 18301
1949 89 5453 1 5826
1950 71 5071 1 5286
1951 52 2377 1 2758
1952 76 12853 1 13130
1953 82 3781 1 4159
1954 12 6387 1 6506
1955 64 13514 1 13818
1956 38 7235 1 7481
1957 51 6866 2 7156
1958 3 19758 1 19763
1959 56 6953 1 7123
1960 82 10688 2 10988
1961 11 7954 4 8054
1962 31 7675 2 8176
1963 17 21533 3 21891
1964 93 6656 3 6695
1965 4 14081 2 14465
1966 81 6953 1 7000
1967 28 3040 2 3142
1968 45 5890 2 6334
1969 23 18128 1 18467
1970 1 8125 4 8296
1971 98 14081 4 14200
1972 74 8479 1 8682
1973 96 5369 2 5752
1974 28 8628 7 8734
1975 19 7603 3 8118
1976 7 4555 2 4701
1977 80 2808 2 3202
1978 96 18128 1 18392
1979 35 14420 1 14787
1980 47 12524 1 12959
1981 84 8816 2 9332
1982 3 12905 4 13116
1983 4 9132 2 9472
1984 70 3290 1 3741
1985 6 22823 2 22859
1986 33 12968 2 13273
1987 25 2377 1 2708
1988 97 10172 3 10654
1989 82 11563 1 11914
1990 76 6336 4 6351
1991 9 7590 2 8027
1992 38 21145 1 21830
1993 17 19558 1 20104
1994 32 16665 3 17000
1995 3 22520 6 22954
1996 18 1132 1 1860
1997 57 1668 1 2576
1998 52 12905 3 13159
1999 81 8537 1 8748
2000 92 21325 1 21469
2001 6 19511 1 19761
2002 71 17861 1 18299
2003 74 14081 1 14240
2004 52 8598 1 9040
2005 57 2576 4 2919
2006 95 11669 3 11924
2007 27 21325 1 21836
2008 99 22944 1 23273
2009 38 12170 1 12601
2010 100 4956 3 5056
2011 98 590 1 1106
2012 99 15656 1 15776
2013 18 590 1 652
2014 17 5319 1 5665
2015 46 5976 2 6156
2016 8 22784 3 23130
2017 1 8125 3 8333
2018 100 8868 6 9030
2019 98 9284 1 9777
2020 56 21083 1 21170
2021 38 16393 4 16655
2022 100 13165 1 13589
2023 16 851 1 1050
2024 1 2377 4 2647
2025 95 9271 1 9487
2026 90 4565 2 4822
2027 93 2188 6 2300
2028 90 4267 2 4344
2029 73 11397 1 11606
2030 25 3781 1 4020
2031 27 6336 2 6421
2032 86 20844 1 21380
2033 98 14360 1 14639
2034 57 14081 1 14142
2035 45 16231 7 16550
2036 56 1408 1 1522
2037 92 11563 1 12055
2038 20 18347 1 18394
2039 19 6042 1 6254
2040 83 4129 4 4529
2041 6 16259 1 16520
2042 32 18653 1 19127
2043 82 5890 1 6267
2044 38 13031 2 13632
2045 98 5922 3 6460
2046 89 8125 1 8138
2047 70 10065 2 10404
2048 54 13068 1 13169
2049 56 14420 1 14700
2050 38 21325 3 21565
2051 23 22498 3 23027
2052 9 23138 2 23375
2053 35 14791 6 14896
2054 67 18506 1 18888
2055 67 7593 4 7699
2056 71 13801 1 13988
2057 40 3887 2 3895
2058 77 11648 2 11852
2059 12 12968 4 13504
2060 4 21830 2 21979
2061 30 19934 3 20195
2062 26 1673 2 2101
2063 60 14736 1 14770
2064 38 8598 4 8808
2065 71 1132 1 1199
2066 100 13514 2 13746
2067 24 20802 1 21008
2068 36 8479 3 8671
2069 35 5353 2 5852
2070 23 5921 2 6214
2071 38 5976 1 6866
2072 100 633 1 754
2073 66 16670 2 17084
2074 38 5071 1 5571
2075 19 17985 2 18424
2076 56 4296 2 4801
2077 15 15600 3 15971
2078 96 15017 5 15104
2079 82 14411 1 14936
2080 80 3916 2 4122
2081 71 7706 2 8096
2082 94 1998 1 2328
2083 56 8808 1 9104
2084 76 8156 1 8479
2085 74 12170 2 12318
2086 18 18381 1 18608
2087 64 13165 2 13466
2088 57 16422 3 16444
2089 19 22853 1 23032
2090 74 13165 1 13514
2091 59 19069 7 19344
2092 28 18375 1 18571
2093 1 10688 1 10987
2094 73 83 2 413
2095 6 14874 1 15358
2096 19 7290 1 7332
2097 25 3040 1 3265
2098 27 22919 2 23249
2099 72 1408 1 1620
2100 49 12202 1 12420
2101 18 3298 1 3548
2102 7 7954 1 8064
2103 76 9975 1 10122
2104 98 18566 1 18643
2105 28 21533 1 21889
2106 2 10277 2 10472
2107 92 20844 2 21107
2108 6 22025 2 22557
2109 37 13514 1 13902
2110 89 17251 1 17280
2111 59 4956 1 5274
2112 60 1883 1 2350
2113 35 7593 2 8017
2114 32 1132 2 1636
2115 36 4129 1 4203
2116 74 22776 1 22896
2117 38 14922 2 15566
2118 100 9284 1 9382
2119 57 22853 1 23778
2120 40 10065 2 10516
2121 23 5443 4 5799
2122 80 12482 2 12841
2123 16 12329 2 12657
2124 48 7725 4 8114
2125 9 19511 1 19727
2126 8 3281 2 3434
2127 33 5922 1 6009
2128 65 3510 2 3619
2129 27 7057 1 7065
2130 85 5890 1 6387
2131 57 15017 2 15252
2132 76 2010 2 2209
2133 60 7593 1 7824
2134 6 16576 1 16854
2135 60 13514 2 13950
2136 11 13988 1 14432
2137 40 590 1 631
2138 74 1634 1 2049
2139 52 16422 4 16581
2140 48 14736 3 15121
2141 82 21599 1 22731
2142 7 20480 2 21008
2143 12 6361 2 6734
2144 43 12485 3 12759
2145 18 5890 1 6197
2146 92 5550 2 5579
2147 19 12170 1 12569
2148 70 12329 5 12390
2149 48 22853 1 23034
2150 74 7309 2 7470
2151 70 22283 1 22436
2152 74 22919 1 23203
2153 92 21574 1 21696
2154 6 14528 1 14982
2155 84 15486 1 15870
2156 38 14791 2 14906
2157 26 590 1 799
2158 17 7992 1 8501
2159 80 11669 1 11859
2160 7 20020 1 20362
2161 59 9059 3 9074
2162 35 590 1 624
2163 35 6656 3 7030
2164 6 18851 1 18878
2165 78 10172 1 10590
2166 97 1432 3 1965
2167 8 6829 1 6936
2168 48 19204 1 19464
2169 41 3552 6 4034
2170 81 6351 2 6446
2171 49 5319 1 5513
2172 92 14418 1 14664
2173 99 21213 2 21526
2174 9 11112 1 11547
2175 37 18566 1 18842
2176 51 5319 1 5607
2177 30 13514 1 13975
2178 96 4042 1 4106
2179 4 17580 2 17839
2180 71 15395 1 15653
2181 37 20073 2 20127
2182 23 7700 2 7954
2183 15 15921 1 16105
2184 6 4555 4 4844
2185 7 16259 1 16561
2186 85 19731 2 19908
2187 35 612 3 1073
2188 71 16670 1 16824
2189 35 8125 1 8544
2190 64 12889 1 13162
2191 82 6276 1 6339
2192 57 13514 2 13795
2193 9 20213 2 20713
2194 71 21059 1 21588
2195 49 12853 1 12989
2196 43 3478 1 3556
2197 36 13232 1 13273
2198 71 19069 1 19103
2199 74 6252 2 6276
2200 85 12482 2 12767
2201 85 3863 1 4565
2202 36 590 1 795
2203 36 1132 4 1557
2204 84 17662 2 18012
2205 17 22520 3 23049
2206 19 590 1 634
2207 28 22025 2 22373
2208 28 5319 1 5379
2209 59 15859 1 15931
2210 1 22944 1 23053
2211 41 6361 3 6565
2212 90 21586 1 21624
2213 1 5319 4 5435
2214 57 10348 2 10669
2215 19 590 2 906
2216 27 11361 2 11669
2217 36 9284 1 9575
2218 82 10506 2 10609
2219 78 3640 1 3667
2220 16 13232 1 13723
2221 66 2377 1 2553
2222 85 15395 2 15607
2223 27 590 1 937
2224 7 12329 1 12589
2225 52 14081 1 14328
2226 7 225 1 271
2227 23 15859 3 16087
2228 36 22853 2 22952
2229 59 14736 3 14933
2230 19 7456 2 7590
2231 85 5236 2 5353
2232 48 12444 4 12803
2233 81 21927 2 22362
2234 17 10693 4 10846
2235 92 636 1 987
2236 76 2040 1 2301
2237 59 3298 2 3558
2238 80 8003 2 8506
2239 60 4042 1 4480
2240 86 22776 2 22943
2241 27 22446 2 22872
2242 78 13031 2 13056
2243 19 6953 2 7289
2244 80 7040 2 7429
2245 35 16878 1 17419
2246 32 17861 1 18256
2247 74 13792 2 13800
2248 19 11671 1 12088
2249 32 8125 1 8214
2250 3 733 3 760
2251 74 12889 1 13049
2252 50 4948 3 5176
2253 65 14913 3 15040
2254 23 11562 3 11693
2255 78 4555 2 4713
2256 19 22890 1 23160
2257 84 14360 1 14529
2258 47 3980 3 4101
2259 38 9271 2 10288
2260 71 23138 1 23461
2261 57 11827 1 12905
2262 36 8156 1 8559
2263 56 2576 1 2797
2264 76 12444 3 12584
2265 62 21927 2 22047
2266 1 19204 7 19452
2267 1 16878 1 17052
2268 89 11562 4 11935
2269 23 3781 1 4044
2270 30 3916 1 4398
2271 3 3869 2 4349
2272 66 22025 5 22239
2273 38 10172 1 10688
2274 56 10277 1 10376
2275 86 3869 2 4043
2276 85 2184 1 2730
2277 27 7954 1 8356
2278 83 4129 3 4239
2279 57 3040 1 3129
2280 27 938 4 1404
2281 18 12170 1 12481
2282 19 16393 2 16465
2283 27 7187 2 7621
2284 90 1770 1 1792
2285 6 10277 2 10808
2286 97 19558 2 20103
2287 43 15486 2 15960
2288 7 4944 2 5151
2289 27 20408 2 20841
2290 85 1252 2 1292
2291 70 18067 5 18485
2292 19 1974 1 1993
2293 35 18067 1 18614
2294 82 3040 2 3434
2295 67 14906 4 15107
2296 89 9132 5 9352
2297 85 16576 1 16715
2298 90 3781 3 4317
2299 26 17861 4 18286
2300 48 21059 2 21154
2301 59 21325 1 21413
2302 65 7675 2 7851
2303 45 17662 3 18143
2304 98 11187 2 11594
2305 52 11671 4 12200
2306 97 7593 2 7962
2307 32 212 1 605
2308 6 15028 1 15321
2309 49 20213 1 20539
2310 19 6254 3 6401
2311 71 15201 1 15383
2312 9 13514 2 13539
2313 81 12170 1 12259
2314 69 13031 1 13252
2315 77 13207 2 13624
2316 62 12444 8 12630
2317 41 7310 1 7319
2318 100 12170 3 12504
2319 52 21083 1 21124
2320 48 10974 4 11208
2321 76 7958 3 8141
2322 76 21172 1 21350
2323 93 1423 1 1752
2324 82 1659 2 1796
2325 41 21289 1 21722
2326 56 12485 1 12542
2327 38 11892 1 13011
2328 47 22974 1 23092
2329 73 21083 3 21138
2330 18 19558 1 19660
2331 12 19670 1 19678
2332 4 5453 1 5799
2333 24 20469 1 20915
2334 57 16665 1 17328
2335 76 16576 1 16725
2336 76 14023 1 14112
2337 30 5443 2 5838
2338 37 1770 1 2057
2339 20 8537 2 9012
2340 74 20507 1 20869
2341 95 9574 2 10022
2342 23 15486 2 15863
2343 38 20844 1 21325
2344 66 3040 1 3551
2345 27 12524 1 12583
2346 74 16697 1 17247
2347 76 685 1 791
2348 69 8005 1 8553
2349 89 5550 2 5856
2350 76 8598 2 8995
2351 25 2201 2 2320
2352 49 6361 4 6460
2353 27 9663 1 10065
2354 27 14190 1 14379
2355 49 17184 1 17451
2356 92 6633 3 6758
2357 46 115 2 433
2358 50 14791 1 14917
2359 80 15486 2 15972
2360 1 8786 1 8918
2361 25 1776 1 1812
2362 85 7187 3 7725
2363 89 16954 2 17066
2364 43 8125 1 8575
2365 36 14669 4 15149
2366 71 16259 2 16667
2367 18 20864 1 21599
2368 19 3040 1 3228
2369 6 18538 2 18545
2370 18 2377 1 2665
2371 86 4129 1 4342
2372 28 2191 3 2196
2373 60 3349 1 3884
2374 9 1993 1 2091
2375 96 1673 2 1965
2376 78 1188 1 1697
2377 86 4052 1 4097
2378 66 3349 4 3428
2379 94 2188 1 2323
2380 17 16727 1 17047
2381 9 17175 2 17282
2382 82 10065 1 10432
2383 65 18375 2 18767
2384 23 3537 3 3792
2385 95 5921 1 6128
2386 27 16587 1 17105
2387 91 21440 1 21799
2388 78 19511 3 19718
2389 45 12318 3 12354
2390 19 1668 1 1763
2391 70 19511 3 19755
2392 69 4555 5 4566
2393 74 13046 1 13124
2394 19 20217 1 20802
2395 27 1404 2 1720
2396 46 7187 1 7653
2397 65 17034 1 17514
2398 74 3724 2 4217
2399 24 15260 2 15393
2400 67 1711 2 1867
2401 96 7187 1 7488
2402 100 201 1 624
2403 38 20213 2 20480
2404 23 22776 2 23155
2405 19 10974 1 11361
2406 70 3781 3 4197
2407 38 19934 1 20736
2408 16 14360 1 14551
2409 85 20073 1 20963
2410 74 18347 1 18376
2411 57 22520 2 22900
2412 70 6361 2 6667
2413 61 3040 1 3077
2414 17 6633 1 7183
2415 23 18653 1 18755
2416 60 17662 1 17921
2417 27 22776 4 23297
2418 6 18067 2 18479
2419 74 7187 1 7309
2420 98 14669 1 15096
2421 32 10133 2 10216
2422 28 5890 2 6264
2423 86 21533 2 22060
2424 12 642 1 938
2425 66 3244 2 3328
2426 38 2767 2 2844
2427 23 14736 1 15142
2428 38 19934 1 20172
2429 19 22209 1 22275
2430 38 9075 1 9476
2431 77 19511 2 19599
2432 69 9284 1 9467
2433 76 18441 2 19016
2434 82 7590 1 7617
2435 98 1408 2 1724
2436 98 16878 1 16985
2437 19 4296 1 4396
2438 38 16698 1 17102
2439 20 5985 4 6185
2440 65 21367 1 21862
2441 30 22025 1 22474
2442 89 17662 1 18027
2443 76 15395 1 15892
2444 69 8003 1 8362
2445 65 14360 1 14896
2446 74 10974 1 11410
2447 82 17251 1 18416
2448 71 11541 1 11730
2449 92 20802 1 20877
2450 89 20213 1 20312
2451 71 17349 1 17715
2452 97 17184 1 17442
2453 4 11187 1 11667
2454 1 1348 2 1553
2455 52 22776 5 23124
2456 36 17184 1 17359
2457 38 18067 3 18377
2458 80 14669 1 15093
2459 96 6086 1 6197
2460 11 13068 3 13480
2461 66 6633 1 6675
2462 98 10974 5 11069
2463 38 1181 2 1673
2464 37 19511 5 19770
2465 64 14770 1 14855
2466 4 20844 1 21499
2467 6 17662 2 17996
2468 28 12889 3 13138
2469 96 6276 4 6725
2470 50 3349 2 3842
2471 9 16452 1 17063
2472 27 21574 1 21586
2473 66 16824 5 17008
2474 98 18347 4 18545
2475 67 12485 1 12762
2476 37 8537 5 8602
2477 65 22520 2 22898
2478 62 16576 2 17118
2479 48 85 1 594
2480 54 3478 1 3626
2481 95 20224 3 20705
2482 89 14874 1 15191
2483 9 8479 1 9025
2484 59 18347 7 18358
2485 97 12404 4 12424
2486 81 906 1 972
2487 69 20213 1 20511
2488 69 22520 2 22833
2489 78 6953 2 7530
2490 59 5550 1 5655
2491 19 20802 1 21212
2492 23 16936 2 17040
2493 60 19558 1 19982
2494 19 19218 1 19496
2495 100 17175 4 17470
2496 45 7954 1 8017
2497 85 9059 1 9128
2498 62 6633 7 6783
2499 50 6361 3 6800
2500 52 18347 3 18713
2501 66 16231 1 16779
2502 70 17184 2 17582
2503 35 4042 1 4185
2504 95 8156 1 8247
2505 25 2188 1 2595
2506 3 13514 4 13627
2507 38 3349 2 3528
2508 46 14365 2 14610
2509 48 11648 1 12033
2510 19 18834 1 19210
2511 74 833 1 1042
2512 73 18834 1 18850
2513 78 7593 1 7643
2514 69 21289 2 21738
2515 69 14874 4 14933
2516 64 8868 1 9256
2517 89 22974 3 23454
2518 69 7030 1 7040
2519 27 12583 1 12859
2520 76 14791 3 15060
2521 78 1673 1 2209
2522 23 9096 1 9344
2523 30 47 1 572
2524 69 3537 1 3665
2525 85 19934 2 20472
2526 5 3552 3 3778
2527 78 14874 1 15399
2528 45 19934 3 20201
2529 65 12853 1 13150
2530 59 692 1 1002
2531 80 12889 1 12964
2532 65 18375 1 18765
2533 81 11112 2 11160
2534 59 22520 8 22833
2535 49 1659 1 1948
2536 84 11331 1 11874
2537 56 4069 1 4214
2538 74 10288 1 10516
2539 83 22776 2 22787
2540 62 17175 1 17241
2541 69 22776 1 23021
2542 33 12853 1 13339
2543 59 12170 5 12194
2544 100 9574 6 9661
2545 38 14411 1 14922
2546 84 3057 3 3227
2547 17 12018 5 12134
2548 91 1408 3 1434
2549 57 125 2 501
2550 94 6406 2 6813
2551 27 8868 1 9663
2552 8 20073 1 20163
2553 73 12202 3 12519
2554 57 3916 1 4125
2555 35 9059 3 9192
2556 74 1132 1 1369
2557 74 5890 1 6133
2558 45 16665 3 16939
2559 19 7590 3 7603
2560 38 22475 1 23021
2561 19 1408 1 1702
2562 69 16393 4 16743
2563 49 2398 5 2507
2564 76 7675 1 8098
2565 100 14365 1 14566
2566 48 19511 1 19715
2567 98 6633 1 6824
2568 35 11464 1 11972
2569 38 14906 1 15923
2570 27 12018 2 12414
2571 66 6489 6 6899
2572 93 19204 1 19719
2573 4 21083 1 21135
2574 74 18375 1 18741
2575 7 2406 2 2935
2576 19 18067 1 18610
2577 36 22974 1 23098
2578 9 17662 2 17755
2579 49 10065 2 10148
2580 48 15430 1 15496
2581 26 14504 5 14665
2582 64 14420 2 14817
2583 27 1467 1 1879
2584 19 14669 1 14874
2585 23 6336 1 6815
2586 90 10277 1 10612
2587 6 19511 1 19595
2588 9 41 3 190
2589 51 19511 1 19634
2590 38 14395 1 14718
2591 7 10065 2 10471
2592 52 3869 2 4075
2593 56 2808 1 3343
2594 76 11648 2 11977
2595 2 3781 1 4093
2596 32 5443 1 5983
2597 38 2808 1 3040
2598 95 2377 1 2816
2599 76 7487 3 7646
2600 85 22275 1 22944
2601 45 3916 3 4251
2602 23 6702 1 7130
2603 38 16231 5 16382
2604 86 7675 2 7836
2605 23 6086 2 6623
2606 27 6633 2 6962
2607 38 11112 2 11172
2608 90 20844 2 21309
2609 27 18347 1 18506
2610 17 8868 2 9301
2611 98 8628 1 8910
2612 59 8003 2 8379
2613 24 22520 3 22996
2614 74 2377 1 2759
2615 58 8125 2 8641
2616 28 17662 1 18106
2617 96 15201 1 15708
2618 45 20020 3 20116
2619 8 590 1 991
2620 71 14874 1 15201
2621 76 6351 1 6558
2622 1 11803 1 12225
2623 57 10277 1 10758
2624 99 1467 2 1683
2625 48 727 1 1093
2626 74 17175 1 17682
2627 5 1408 3 1499
2628 4 641 1 889
2629 59 14237 3 14260
2630 38 688 1 1019
2631 64 1132 3 1379
2632 76 1659 1 2153
2633 78 2763 3 2855
2634 2 14420 3 14603
2635 60 11562 1 11745
2636 65 23027 2 23315
2637 76 4653 1 5162
2638 71 4267 1 5071
2639 19 11669 1 11986
2640 60 14237 2 14408
2641 85 13514 2 13534
2642 85 9271 1 9658
2643 17 16936 2 17321
2644 19 17861 2 17945
2645 82 8674 4 8895
2646 18 4956 1 5555
2647 98 590 2 846
2648 58 21325 2 21815
2649 85 714 1 862
2650 49 13514 5 13866
2651 60 246 1 253
2652 43 14770 3 15237
2653 19 15656 1 15960
2654 48 5890 1 6232
2655 27 10974 2 11461
2656 76 20472 2 20914
2657 19 10172 1 10692
2658 92 18566 1 18851
2659 84 15395 2 15477
2660 32 11423 3 11924
2661 85 3568 2 3685
2662 35 4396 1 4818
2663 7 906 1 1163
2664 65 11562 3 11581
2665 65 12524 1 13048
2666 32 1668 1 1842
2667 76 15602 1 15608
2668 2 17034 3 17221
2669 57 21586 1 22066
2670 1 17985 7 18468
2671 28 9975 3 10502
2672 19 17448 1 17678
2673 85 15486 2 16009
2674 23 12329 2 12845
2675 24 4555 1 4653
2676 6 8125 1 8361
2677 36 12601 1 12960
2678 100 11648 1 11770
2679 92 6953 1 7176
2680 30 17861 1 17970
2681 19 3984 1 4698
2682 78 11331 3 11639
2683 9 14311 1 14806
2684 65 8003 2 8057
2685 96 18347 3 18365
2686 92 22283 1 22691
2687 48 20217 3 20413
2688 38 10065 3 10337
2689 17 906 4 1409
2690 98 6042 1 6090
2691 84 20480 1 20961
2692 71 18347 1 18706
2693 66 7246 2 7480
2694 17 6351 1 6407
2695 81 94 1 366
2696 66 20472 1 20824
2697 4 7187 1 7587
2698 67 11331 1 11540
2699 100 17662 3 18125
2700 100 831 1 1148
2701 49 8674 1 9039
2702 80 17861 2 18385
2703 51 22324 2 22827
2704 96 18347 2 18378
2705 28 20020 7 20369
2706 16 9284 2 9321
2707 5 20472 2 20682
2708 9 3478 3 3510
2709 38 7675 1 8125
2710 4 769 1 932
2711 18 22025 2 22163
2712 65 18892 1 19161
2713 84 19558 3 19853
2714 85 1301 1 1460
2715 36 17580 3 17615
2716 83 14420 1 14457
2717 71 22776 1 23137
2718 36 1770 1 1851
2719 66 22520 1 22611
2720 24 14770 2 15182
2721 77 22776 1 23097
2722 78 6633 1 6887
2723 37 18376 2 18511
2724 76 16231 1 16729
2725 85 7246 1 7810
2726 37 231 3 446
2727 16 2576 2 2672
2728 69 17662 1 17771
2729 38 14081 5 14272
2730 8 21533 2 21793
2731 3 8125 1 8446
2732 25 6401 2 6604
2733 60 4555 1 4986
2734 78 11112 1 11647
2735 96 19204 1 19578
2736 67 1883 3 1963
2737 92 16576 3 16785
2738 96 3349 1 3869
2739 3 18375 2 18513
2740 73 18375 6 18529
2741 76 2181 1 2959
2742 16 11331 1 11379
2743 24 15201 1 15521
2744 71 16954 1 17211
2745 19 12524 1 12774
2746 82 3743 1 3777
2747 85 934 1 1263
2748 2 1840 3 2083
2749 38 11361 4 11541
2750 5 7346 2 7590
2751 7 20073 4 20483
2752 4 4296 1 5111
2753 57 4267 2 4337
2754 95 18375 1 18550
2755 54 15600 1 16134
2756 64 8003 1 8357
2757 76 938 1 1285
2758 17 18370 3 18605
2759 3 18834 2 19064
2760 17 8537 1 8868
2761 71 5319 2 5751
2762 1 20386 1 20573
2763 58 3916 2 4057
2764 71 590 1 640
2765 89 21632 4 21994
2766 24 3677 2 3734
2767 64 11562 1 11727
2768 64 10277 1 10609
2769 65 22919 1 22977
2770 57 108 4 473
2771 56 3478 1 3492
2772 18 15028 1 15486
2773 45 6361 7 6821
2774 95 124 1 148
2775 69 18376 1 18885
2776 80 22520 2 22887
2777 65 189 3 597
2778 71 20802 1 21242
2779 57 19934 2 20134
2780 82 17175 1 17230
2781 85 12968 2 13230
2782 38 22025 1 22498
2783 65 14528 1 14913
2784 69 12524 3 12571
2785 1 7590 1 7831
2786 35 4555 2 4910
2787 19 642 1 693
2788 18 12485 1 12853
2789 7 7246 3 7757
2790 95 14081 2 14343
2791 57 4555 1 4749
2792 9 22283 1 22677
2793 12 19558 2 19832
2794 1 12767 2 12820
2795 56 2377 1 2416
2796 52 4267 2 4514
2797 19 1770 1 2235
2798 5 21213 2 21600
2799 81 9975 2 10052
2800 80 12018 2 12044
2801 78 22025 3 22315
2802 76 10974 1 11446
2803 85 16753 2 16936
2804 70 6866 4 7135
2805 71 8096 1 8647
2806 36 5353 4 5743
2807 38 5958 4 6268
2808 73 5319 5 5386
2809 81 5922 1 6328
2810 38 10065 1 10141
2811 38 11648 1 12148
2812 26 11446 2 11543
2813 8 18566 2 18579
2814 2 11112 2 11143
2815 76 3281 1 3466
2816 7 9059 2 9437
2817 36 18566 1 18838
2818 23 11823 3 11997
2819 24 8125 6 8377
2820 80 13514 1 14038
2821 92 3298 3 3393
2822 71 17385 1 17657
2823 59 41 1 241
2824 28 590 6 698
2825 3 11986 1 12278
2826 70 20213 2 20290
2827 43 5353 1 5527
2828 9 22677 2 23070
2829 27 5443 3 5915
2830 49 17662 1 17863
2831 38 22498 3 22911
2832 20 12329 4 12695
2833 76 4690 1 5593
2834 76 20213 2 20420
2835 88 6953 2 7282
2836 65 3478 1 3784
2837 23 8003 1 8188
2838 86 5922 1 6114
2839 36 19558 1 19851
2840 58 1132 1 1247
2841 66 21440 1 21525
2842 65 6633 3 6981
2843 97 18834 1 19297
2844 82 7646 1 8195
2845 16 21083 1 21230
2846 38 1659 2 1883
2847 16 17662 1 18059
2848 82 16576 1 17063
2849 98 6725 4 7216
2850 9 21059 3 21697
2851 76 628 2 908
2852 80 1132 1 1545
2853 6 11562 2 11637
2854 38 22919 1 23402
2855 7 14770 3 15099
2856 30 11648 2 11951
2857 50 22739 6 22775
2858 89 20020 3 20524
2859 8 1993 2 2208
2860 76 12889 3 13173
2861 27 11671 1 12539
2862 9 20844 3 21059
2863 11 3281 8 3510
2864 4 22025 1 22212
2865 66 15600 1 15823
2866 74 21639 1 22741
2867 69 1132 2 1188
2868 82 6994 1 7357
2869 11 15859 1 16024
2870 10 22025 6 22555
2871 74 21213 2 21721
2872 78 20213 3 20592
2873 86 16824 1 17277
2874 71 6489 1 6551
2875 82 8003 2 8444
2876 36 590 2 727
2877 62 8628 2 8838
2878 36 3603 1 3645
2879 66 14568 2 14671
2880 83 1770 7 2135
2881 97 17662 3 17931
2882 66 2377 1 2603
2883 5 17861 1 18139
2884 30 6351 3 6772
2885 17 11563 1 11964
2886 38 16393 1 16565
2887 27 14528 1 14951
2888 76 9075 1 9221
2889 58 14874 2 15104
2890 69 827 2 1243
2891 18 3040 1 3298
2892 49 4653 1 4890
2893 3 15859 1 16166
2894 76 7646 1 8156
2895 4 12524 1 12914
2896 32 21289 1 21318
2897 3 9975 1 10183
2898 4 10065 2 10424
2899 2 20020 3 20249
2900 74 11803 1 13068
2901 4 1348 1 1684
2902 85 9574 4 9975
2903 35 14922 2 14932
2904 50 17662 4 17998
2905 56 1463 1 1539
2906 47 6361 3 6762
2907 95 19558 1 19720
2908 15 6656 2 6761
2909 23 17371 2 17488
2910 72 18376 4 18586
2911 77 15486 1 15560
2912 3 20844 5 21391
2913 30 9284 1 9611
2914 28 22442 1 22931
2915 56 17662 2 17863
2916 37 14568 1 14715
2917 98 17662 2 18152
2918 60 16665 2 17044
2919 1 6866 1 7035
2920 38 8598 1 9047
2921 92 14411 3 14895
2922 7 3298 3 3827
2923 37 9284 4 9418
2924 76 13514 1 13578
2925 92 19204 1 19266
2926 16 21639 1 21965
2927 85 8125 1 8598
2928 78 6086 2 6504
2929 48 18566 1 19065
2930 59 13673 2 14128
2931 17 3244 3 3568
2932 20 22025 3 22303
2933 20 21950 1 22405
2934 76 5319 1 5829
2935 80 18855 1 18882
2936 24 19558 5 19878
2937 24 4000 1 4409
2938 18 10133 1 10707
2939 38 20802 1 21145
2940 81 22520 2 22627
2941 7 1404 2 1502
2942 23 738 1 1743
2943 85 7954 1 8210
2944 11 8628 3 9090
2945 38 23027 2 23519
2946 76 3781 3 4131
2947 70 12767 3 13111
2948 17 10688 7 11215
2949 45 3501 6 3899
2950 3 20802 3 20834
2951 85 11361 1 11638
2952 58 5921 4 6264
2953 95 3916 3 4240
2954 76 8125 4 8268
2955 82 13068 1 13227
2956 30 3812 2 3817
2957 24 15600 1 15668
2958 57 19558 1 19816
2959 81 12329 2 12736
2960 18 11446 1 11832
2961 17 3568 3 3704
2962 74 12132 2 12141
2963 92 3984 1 4101
2964 57 16452 3 16798
2965 57 17985 5 18361
2966 96 1659 3 1974
2967 69 3677 1 4188
2968 4 21172 1 21686
2969 76 10277 1 11428
2970 23 15656 5 15780
2971 46 590 1 836
2972 86 8628 2 9140
2973 73 14081 2 14581
2974 74 13514 1 13671
2975 9 11827 1 12223
2976 80 3244 1 3762
2977 33 5550 2 5889
2978 48 17861 1 17875
2979 58 14360 1 14685
2980 84 18851 1 19177
2981 82 8816 1 9320
2982 57 18567 1 18920
2983 85 6086 1 6606
2984 27 12444 1 12889
2985 73 17175 1 17392
2986 38 2747 3 2752
2987 56 590 2 699
2988 57 12905 4 13212
2989 4 22520 1 23141
2990 45 2818 5 3276
2991 36 3040 1 3470
2992 60 6086 1 6401
2993 84 5319 1 5613
2994 81 13165 1 13562
2995 2 2377 1 2749
2996 95 7593 1 8128
2997 81 20864 2 20972
2998 80 9096 1 9593
2999 48 2377 2 2829
3000 57 17105 1 17522
3001 26 6953 1 7405
3002 17 3724 5 4019
3003 19 20020 3 20096
3004 76 19069 1 19175
3005 96 1974 5 2010
3006 86 9284 2 9738
3007 11 610 1 1091
3008 17 6361 1 6589
3009 74 10172 1 10387
3010 1 6276 3 6710
3011 70 11648 2 11855
3012 76 17385 3 17809
3013 92 11331 2 11845
3014 64 590 2 874
3015 90 17662 1 17698
3016 82 14284 3 14761
3017 64 6633 1 7030
3018 1 17778 6 17788
3019 9 12482 1 12874
3020 27 1883 1 2191
3021 27 21083 2 21397
3022 24 15859 1 16080
3023 84 12329 1 12399
3024 1 15740 2 16254
3025 98 17184 2 17698
3026 85 681 1 1195
3027 37 6525 4 6616
3028 76 6361 1 6450
3029 96 590 4 1094
3030 86 17861 1 18258
3031 60 14577 1 14978
3032 60 15028 1 15080
3033 8 11331 1 11544
3034 81 4280 2 4461
3035 59 21586 3 21968
3036 27 19934 1 20073
3037 100 11892 2 12358
3038 70 7675 5 8171
3039 38 18612 1 18855
3040 74 15859 2 16231
3041 7 3298 1 3374
3042 7 6042 3 6296
3043 4 15285 1 15322
3044 99 3869 1 3987
3045 70 11087 1 11092
3046 85 1252 1 2017
3047 81 21083 2 21473
3048 4 15921 1 17120
3049 36 7675 1 7700
3050 76 11331 1 11825
3051 54 3677 1 4048
3052 100 10288 4 10459
3053 36 9284 1 9587
3054 59 1659 4 1991
3055 36 20864 4 21388
3056 71 19218 2 19880
3057 33 5890 1 6311
3058 66 6953 3 7448
3059 89 6702 3 6784
3060 12 22520 1 22963
3061 70 10551 5 10681
3062 92 12524 1 12545
3063 36 14420 1 14625
3064 65 18067 1 18150
3065 20 186 1 338
3066 35 18347 3 18379
3067 81 15486 2 15853
3068 85 1934 1 2181
3069 42 8816 4 8828
3070 54 1467 1 1991
3071 76 12583 1 13207
3072 40 740 1 1021
3073 45 12905 5 13089
3074 26 18566 1 18672
3075 96 1305 4 1503
3076 45 21213 4 21297
3077 98 8479 2 8570
3078 66 3478 4 3792
3079 52 13207 2 13427
3080 96 18892 1 19747
3081 6 22624 4 22713
3082 66 16231 1 16745
3083 100 22025 2 22199
3084 27 17704 2 17714
3085 70 13632 5 14051
3086 96 7593 4 8129
3087 81 8003 2 8037
3088 7 16452 6 16895
3089 1 17393 3 17402
3090 38 11269 2 11277
3091 27 13514 2 14139
3092 72 20844 2 21258
3093 5 698 1 1010
3094 30 5922 1 6309
3095 92 6336 2 6422
3096 19 20507 1 20564
3097 82 9975 3 10238
3098 92 17175 3 17264
3099 71 13988 1 14733
3100 47 9284 3 9474
3101 74 14577 1 14814
3102 69 17662 2 17818
3103 57 4129 1 4440
3104 1 4129 1 4144
3105 12 1668 2 2180
3106 9 5443 1 5641
3107 76 4280 2 4819
3108 95 22776 2 22817
3109 23 17935 2 18441
3110 84 20020 2 20474
3111 69 590 1 811
3112 23 10974 6 11464
3113 69 4267 1 4486
3114 19 3956 1 4294
3115 7 19511 1 19969
3116 99 5353 1 5546
3117 92 4129 1 4390
3118 99 4944 1 5143
3119 85 12329 1 12760
3120 74 10516 1 10949
3121 47 17861 1 17873
3122 8 8598 1 9141
3123 4 2767 1 2943
3124 3 17900 2 18011
3125 19 15430 2 15638
3126 64 3281 1 3757
3127 96 11331 2 11681
3128 76 13514 2 13950
3129 18 17034 1 17426
3130 80 6351 2 6556
3131 90 22919 2 23002
3132 17 12170 3 12669
3133 81 7040 2 7210
3134 6 12194 2 12204
3135 18 23050 2 23909
3136 43 16729 1 16814
3137 50 15486 2 15802
3138 28 4615 2 5060
3139 67 1741 1 2101
3140 9 10688 1 10710
3141 80 18506 1 18643
3142 9 190 3 604
3143 66 18567 1 18878
3144 3 15486 1 15679
3145 11 7590 2 7800
3146 97 10688 1 11102
3147 2 9975 2 10056
3148 85 18375 1 18514
3149 5 17935 1 18229
3150 80 10974 1 11314
3151 91 18347 1 18364
3152 70 22776 1 23207
3153 37 6525 1 6732
3154 39 8156 1 8669
3155 77 18506 1 18893
3156 65 20386 2 20515
3157 89 20213 2 20505
3158 19 12404 1 12957
3159 2 17385 2 17565
3160 70 3040 1 3243
3161 19 4280 1 4374
3162 19 22475 1 22581
3163 65 4565 1 4583
3164 98 11331 2 11351
3165 11 18612 2 18931
3166 84 4948 1 5280
3167 16 2377 2 2450
3168 1 12329 2 12353
3169 52 19558 2 19967
3170 62 5353 2 5678
3171 35 1659 1 2043
3172 8 15017 1 15161
3173 27 11669 4 11962
3174 76 19511 3 19535
3175 32 8598 2 8759
3176 64 16936 3 17182
3177 64 18855 5 18971
3178 50 13514 5 13889
3179 100 18653 4 19160
3180 65 12202 2 12488
3181 58 1659 2 2197
3182 78 7593 1 8088
3183 19 906 1 1391
3184 66 7590 2 7623
3185 96 2010 2 2342
3186 99 21830 1 22090
3187 57 16393 3 16595
3188 64 22776 3 22803
3189 56 6656 2 6822
3190 43 5319 1 5347
3191 3 16698 1 16904
3192 67 6361 1 6465
3193 28 19934 1 20092
3194 100 7954 5 8317
3195 7 6953 1 7218
3196 9 1132 1 1626
3197 4 7706 1 8246
3198 38 5922 1 6056
3199 99 8628 1 8843
3200 27 12444 1 12524
3201 64 17251 2 17711
3202 76 22784 1 22861
3203 27 11112 1 11213
3204 1 10551 1 10681
3205 73 17662 2 18200
3206 26 9574 2 9703
3207 8 10688 2 11076
3208 98 55 1 562
3209 78 590 1 2090
3210 40 16753 1 17228
3211 9 18370 1 18952
3212 18 17480 1 17826
3213 50 7593 1 7909
3214 76 5890 1 6180
3215 45 590 1 916
3216 69 15656 1 16009
3217 71 14360 1 14784
3218 74 18067 1 18205
3219 37 11331 2 11676
3220 76 14190 1 14418
3221 24 3869 2 4186
3222 76 21350 1 21639
3223 69 6953 2 7289
3224 84 22776 1 23042
3225 49 1692 1 2218
3226 3 4941 3 5217
3227 98 18653 1 18931
3228 90 10277 1 10662
3229 66 8003 2 8103
3230 32 6361 1 6819
3231 20 22853 4 23338
3232 74 21059 1 21240
3233 1 3281 4 3828
3234 78 2377 1 2745
3235 40 590 1 1082
3236 78 19718 3 20147
3237 96 20251 1 20592
3238 78 21289 1 21764
3239 92 1998 2 2493
3240 37 1408 2 1699
3241 45 1673 1 2200
3242 72 19558 1 19655
3243 19 3281 2 3463
3244 64 10506 2 10697
3245 76 21367 1 21640
3246 82 18375 1 18447
3247 85 1659 2 1906
3248 23 8674 1 9376
3249 9 17448 1 17500
3250 85 15395 1 15818
3251 35 17662 1 18161
3252 98 16259 1 16494
3253 23 3478 3 3698
3254 70 1408 1 1871
3255 23 23027 1 23351
3256 33 10344 1 10552
3257 48 16936 3 17150
3258 45 4944 1 5208
3259 38 17175 2 17448
3260 78 11827 1 12268
3261 76 20802 5 21342
3262 78 15260 1 15600
3263 9 14081 1 14311
3264 74 20215 1 20507
3265 43 4944 3 5203
3266 2 5071 3 5381
3267 23 12018 4 12256
3268 76 17448 1 17493
3269 26 7646 1 7660
3270 19 7456 1 7489
3271 19 23032 1 23461
3272 7 20844 3 21186
3273 9 23070 1 23138
3274 28 111 1 243
3275 32 13801 1 14139
3276 19 18851 1 18910
3277 100 2377 1 2883
3278 12 17175 1 17415
3279 23 10688 2 10974
3280 84 15049 1 15432
3281 98 9096 3 9554
3282 38 8816 2 9271
3283 19 2527 2 2591
3284 66 3568 1 3894
3285 70 21367 2 21908
3286 7 4052 2 4381
3287 32 2630 1 3153
3288 35 18347 4 18389
3289 41 19558 1 19694
3290 67 6633 5 6697
3291 40 16936 2 17375
3292 41 7187 3 7257
3293 92 21927 2 22099
3294 77 12202 1 12372
3295 82 19934 3 20124
3296 36 4267 1 4498
3297 38 10348 3 10470
3298 3 13068 1 13409
3299 48 10065 5 10265
3300 85 10688 1 10904
3301 45 10172 5 10531
3302 1 16259 1 16743
3303 74 938 1 1132
3304 12 6525 1 6766
3305 85 14791 2 15386
3306 66 5379 2 5649
3307 3 12889 1 13274
3308 82 1974 4 2344
3309 76 17175 3 17385
3310 27 3281 1 3621
3311 73 590 2 1109
3312 19 3603 1 3984
3313 57 14669 4 14685
3314 92 21213 1 21440
3315 10 8125 3 8190
3316 19 15638 1 15794
3317 17 18612 5 18986
3318 89 14081 4 14534
3319 35 10688 6 11079
3320 64 14504 5 14744
3321 6 21213 3 21247
3322 54 8003 4 8121
3323 77 2377 1 2886
3324 91 18375 1 18523
3325 84 128 1 510
3326 7 5319 2 5390
3327 99 6946 2 6956
3328 59 19934 1 19961
3329 85 17175 1 17323
3330 100 14365 5 14841
3331 57 19934 1 20484
3332 38 19731 4 20213
3333 19 20850 1 21068
3334 76 14418 1 14736
3335 65 2808 1 2910
3336 43 20020 1 20295
3337 72 11892 4 12319
3338 66 13514 1 13822
3339 99 18855 2 19287
3340 97 18381 3 18830
3341 80 6866 1 6880
3342 86 11669 1 11789
3343 66 13632 5 13854
3344 20 15486 5 15900
3345 50 19934 2 20205
3346 35 14791 4 15283
3347 61 3603 2 4014
3348 73 10506 1 11026
3349 19 15465 1 15470
3350 65 16824 1 17010
3351 99 12170 2 12467
3352 48 1404 4 1645
3353 18 927 1 1056
3354 35 22442 5 22847
3355 38 21927 5 22457
3356 40 20850 2 21298
3357 57 11648 1 11792
3358 66 3869 1 4178
3359 19 11541 2 11955
3360 91 8125 3 8379
3361 16 20020 1 20367
3362 85 1884 1 2253
3363 4 10551 1 10663
3364 65 13068 1 13485
3365 38 20386 3 20478
3366 49 4296 1 4328
3367 9 19558 1 20047
3368 45 19016 2 19025
3369 34 15395 2 15901
3370 52 1348 4 1551
3371 76 4555 1 4711
3372 72 4280 1 4425
3373 64 11827 2 11897
3374 38 2184 1 2406
3375 85 22974 2 23196
3376 41 17861 3 18087
3377 7 4042 1 4487
3378 73 4129 1 4221
3379 2 16259 2 16804
3380 71 11112 1 11479
3381 92 12329 1 12834
3382 56 16727 1 16833
3383 47 23070 3 23264
3384 59 590 4 603
3385 69 22776 5 22892
3386 76 22963 1 23217
3387 78 3869 1 3958
3388 38 6406 1 6922
3389 76 3916 2 4219
3390 74 10065 1 10157
3391 37 6336 1 6420
3392 76 19934 1 20216
3393 30 1132 2 1603
3394 100 1974 1 2271
3395 76 18441 4 18543
3396 7 10065 4 10417
3397 27 22520 1 22776
3398 72 19558 1 19575
3399 37 10065 1 10192
3400 35 10133 5 10384
3401 36 6361 3 6671
3402 78 3040 1 3640
3403 3 3040 3 3146
3404 66 14736 7 15185
3405 43 5555 2 5817
3406 57 20850 1 21021
3407 37 13514 2 13776
3408 82 590 1 1092
3409 76 20386 5 20563
3410 27 15740 3 16031
3411 6 21083 1 21343
3412 19 15859 1 16272
3413 2 7246 1 7752
3414 4 14568 2 14777
3415 32 13514 1 13539
3416 31 9975 1 10401
3417 74 5319 2 5379
3418 70 7187 4 7571
3419 27 20073 2 20386
3420 96 5921 1 6086
3421 1 7187 1 7400
3422 80 1659 1 1775
3423 19 10172 1 10551
3424 54 2270 1 2380
3425 65 21083 1 21297
3426 9 7040 1 7577
3427 100 21533 1 21841
3428 57 21059 2 21573
3429 65 11671 1 11955
3430 92 20096 3 20328
3431 40 13068 1 13527
3432 2 16824 1 16994
3433 30 16576 2 16879
3434 71 19204 1 19218
3435 27 19511 2 19903
3436 37 590 2 954
3437 49 18612 3 19162
3438 38 5236 1 5443
3439 17 20213 1 20697
3440 52 11331 2 11476
3441 62 20802 5 21273
3442 12 6361 1 6737
3443 49 14411 2 14659
3444 11 10172 2 10693
3445 70 16753 4 16938
3446 38 4000 2 4138
3447 51 15859 1 17082
3448 23 19204 1 19383
3449 89 8479 2 8938
3450 6 14081 2 14528
3451 76 1408 3 2040
3452 36 3537 2 3571
3453 70 8479 1 8852
3454 71 10688 1 11823
3455 9 3510 2 4529
3456 49 14360 5 14503
3457 69 5319 5 5755
3458 24 3916 1 3985
3459 28 12329 1 12415
3460 40 11331 1 11432
3461 24 4409 4 4720
3462 70 16393 5 16741
3463 58 7187 1 7218
3464 1 17985 1 18497
3465 18 18381 1 18907
3466 19 3478 1 3603
3467 57 10277 1 10719
3468 97 22944 3 23004
3469 96 5353 1 5880
3470 28 18347 6 18588
3471 28 7309 2 7489
3472 36 15285 2 15439
3473 23 4458 1 5101
3474 45 20215 5 20372
3475 38 18855 1 19218
3476 11 13514 1 13892
3477 1 17448 1 17743
3478 57 12968 1 13449
3479 66 15486 2 15883
3480 17 590 5 802
3481 57 4749 1 5140
3482 38 21830 1 21927
3483 12 20213 1 20394
3484 23 16231 1 16633
3485 76 19558 2 19926
3486 18 20020 1 20864
3487 36 938 2 1013
3488 85 6953 1 7131
3489 48 12968 5 13374
3490 45 17251 2 17331
3491 76 6656 1 7158
3492 98 14081 1 14124
3493 80 7590 1 7754
3494 57 9574 1 10064
3495 36 12583 2 12779
3496 47 18566 3 19030
3497 2 5890 3 6396
3498 40 7593 1 7693
3499 41 14411 2 14949
3500 74 20399 1 20993
3501 59 17861 3 18059
3502 23 12329 1 12628
3503 64 12524 1 12621
3504 23 2377 1 2763
3505 23 2767 2 3317
3506 19 12170 1 12307
3507 84 12444 1 12710
3508 83 6361 5 6897
3509 86 12329 2 12786
3510 35 11562 1 12042
3511 56 2452 1 2879
3512 98 12524 2 12977
3513 8 4137 1 4639
3514 64 4653 1 4754
3515 35 3984 4 4500
3516 66 20073 6 20574
3517 58 5285 2 5291
3518 98 12329 1 12807
3519 92 19558 2 19966
3520 92 12583 1 13040
3521 60 3040 1 3435
3522 74 590 1 938
3523 78 22776 3 23509
3524 66 7646 1 8186
3525 23 3677 2 4170
3526 74 12524 1 12830
3527 85 15859 1 16415
3528 27 5921 1 5933
3529 74 12318 1 12431
3530 8 3501 1 3967
3531 60 1408 2 1446
3532 28 16259 1 16493
3533 70 590 2 919
3534 48 10277 5 10774
3535 57 22919 3 23209
3536 96 2818 3 3349
3537 51 17349 1 17407
3538 78 17649 2 17806
3539 64 17184 6 17273
3540 35 12170 1 12358
3541 43 10344 1 10875
3542 66 18128 2 18223
3543 98 20844 1 21365
3544 4 2576 2 3002
3545 32 8868 3 9152
3546 89 938 4 1247
3547 77 12485 2 13025
3548 80 13068 2 13207
3549 48 15028 4 15151
3550 19 13912 1 13968
3551 36 16587 2 17035
3552 45 5319 1 5508
3553 82 19204 1 19444
3554 49 11671 3 11963
3555 97 21172 2 21684
3556 32 3677 1 4062
3557 81 4555 1 4990
3558 38 9132 1 9473
3559 74 11112 2 11478
3560 66 7904 1 7982
3561 36 4052 1 4295
3562 50 11112 1 11509
3563 3 5985 3 6437
3564 9 3869 1 4483
3565 31 3253 3 3408
3566 28 7593 3 7994
3567 82 13514 5 14002
3568 71 10065 1 10592
3569 74 20073 2 20096
3570 45 1453 8 1581
3571 92 4555 1 4948
3572 66 15264 1 15343
3573 84 590 1 843
3574 20 590 1 760
3575 56 5379 1 5908
3576 96 17371 1 17646
3577 66 3244 4 3646
3578 90 8125 1 8399
3579 95 12858 3 12986
3580 54 590 3 911
3581 4 18347 2 18962
3582 57 12858 3 13194
3583 92 18851 2 18992
3584 74 11331 1 11730
3585 96 12329 1 12626
3586 61 7593 1 8090
3587 59 12817 5 12825
3588 27 5890 1 6125
3589 32 22442 1 22610
3590 28 5071 6 5308
3591 92 18067 1 18226
3592 26 5922 6 6179
3593 2 590 1 1115
3594 11 1445 2 1961
3595 19 6086 1 6237
3596 90 18370 1 18662
3597 2 9059 2 9477
3598 76 15201 2 15362
3599 66 20802 1 21178
3600 69 7450 3 7455
3601 23 5379 1 5581
3602 19 2377 1 2529
3603 19 13514 1 13848
3604 85 7725 3 7904
3605 4 7904 1 8210
3606 73 20480 6 20823
3607 6 22974 1 23433
3608 28 21083 2 21354
3609 48 14126 1 14463
3610 74 19812 2 20039
3611 25 8156 2 8191
3612 48 17175 1 17292
3613 19 21440 1 22475
3614 98 22283 1 22755
3615 85 5379 1 5701
3616 98 7246 1 7772
3617 19 2630 2 2924
3618 91 4129 1 4221
3619 23 590 1 914
3620 27 7675 1 7854
3621 23 10065 1 10335
3622 90 22784 1 23102
3623 18 14326 1 15028
3624 59 10277 8 10597
3625 48 2184 4 2255
3626 17 13207 3 13797
3627 38 1673 1 1700
3628 81 14411 1 14611
3629 67 19558 4 19688
3630 40 12524 1 12679
3631 93 5319 4 5380
3632 60 10065 2 10404
3633 28 3478 6 3770
3634 92 17371 2 17809
3635 19 2188 3 2664
3636 3 19204 4 19640
3637 57 5319 1 5593
3638 38 3478 1 3661
3639 24 12485 3 12531
3640 95 13988 3 14168
3641 82 21367 5 21511
3642 28 5550 6 5944
3643 85 12170 1 13330
3644 86 10688 1 11045
3645 31 590 1 1037
3646 8 16576 3 16870
3647 57 20844 2 21082
3648 76 20963 1 21320
3649 38 7235 1 7958
3650 67 1408 1 1670
3651 3 10974 2 11302
3652 49 19204 2 19353
3653 86 1659 1 1984
3654 17 20802 1 21276
3655 2 18067 1 18381
3656 89 12968 4 13423
3657 24 22974 2 23238
3658 35 5319 6 5344
3659 3 9132 1 9457
3660 18 683 1 922
3661 91 1673 1 1751
3662 48 22442 1 22750
3663 18 4555 1 4956
3664 27 5958 3 6326
3665 71 7187 2 7346
3666 45 8598 4 8829
3667 76 9574 2 10577
3668 84 3281 2 3539
3669 28 6866 1 7062
3670 27 7621 1 7729
3671 65 17385 1 17846
3672 48 10065 2 10171
3673 30 4941 1 5002
3674 2 8003 1 8205
3675 37 4653 5 5082
3676 38 16576 2 16839
3677 76 2808 4 2872
3678 19 4711 1 4719
3679 84 8003 2 8272
3680 65 4555 1 4827
3681 92 13437 1 13484
3682 48 18347 1 18547
3683 92 7593 2 7766
3684 95 16393 1 16936
3685 4 20020 1 20204
3686 48 21276 1 21433
3687 78 1873 2 2322
3688 66 3916 1 4177
3689 66 17861 5 18098
3690 38 13673 1 14075
3691 6 21397 1 21811
3692 96 17649 1 18128
3693 80 20224 1 20584
3694 36 1673 1 1744
3695 50 7187 4 7512
3696 1 13514 3 14037
3697 57 8537 1 9574
3698 6 13514 1 14021
3699 69 21586 1 22049
3700 18 18347 2 18370
3701 3 21950 2 22331
3702 6 3869 1 4417
3703 24 15395 1 15587
3704 27 20386 4 20966
3705 97 22520 1 22919
3706 20 4042 1 4106
3707 27 590 1 945
3708 76 22475 1 22513
3709 78 18347 2 19139
3710 9 17175 1 17715
3711 4 7590 1 7887
3712 16 938 3 1145
3713 72 14081 3 14119
3714 59 16259 1 16519
3715 36 12858 1 12981
3716 71 22209 1 22731
3717 95 22498 3 22512
3718 16 5353 3 5364
3719 56 3244 2 3537
3720 30 21574 3 21776
3721 38 6953 2 7453
3722 85 15859 3 15935
3723 84 1301 1 1671
3724 89 18567 3 19068
3725 15 9059 4 9313
3726 38 3568 2 3677
3727 72 8003 2 8216
3728 1 17861 6 17985
3729 54 1214 4 1457
3730 96 4106 3 4213
3731 76 18067 1 18379
3732 2 5890 2 6126
3733 23 2576 5 2880
3734 80 21367 2 21765
3735 64 14874 4 15076
3736 66 1883 2 2406
3737 7 9284 2 9557
3738 59 6351 1 6747
3739 81 9059 1 9556
3740 59 3980 2 4189
3741 24 3478 5 3573
3742 89 4565 5 4694
3743 54 20844 1 21325
3744 82 1408 1 1594
3745 64 11331 4 11617
3746 95 13514 2 13636
3747 19 17251 1 17560
3748 18 7187 1 7460
3749 98 12293 4 12496
3750 54 11648 4 11700
3751 52 16729 3 17226
3752 59 6866 1 6988
3753 97 2808 2 3224
3754 95 2192 1 2575
3755 98 2377 4 2453
3756 38 7755 1 7763
3757 32 10506 2 10681
3758 64 4555 1 4567
3759 82 14081 1 14190
3760 86 15656 2 16141
3761 98 15017 3 15129
3762 59 3677 6 4015
3763 28 8786 2 9216
3764 69 11827 2 12339
3765 80 3781 1 3806
3766 16 18347 2 18862
3767 60 6633 1 7013
3768 78 5319 2 5838
3769 26 18128 1 18215
3770 1 18653 4 18895
3771 38 2377 1 2747
3772 99 16727 1 17270
3773 86 14081 1 14291
3774 82 15260 1 15431
3775 96 6725 2 6872
3776 3 8786 1 9068
3777 3 1404 4 1687
3778 66 5353 5 5775
3779 4 15260 1 15422
3780 66 752 1 794
3781 88 6633 1 6846
3782 28 9271 1 9628
3783 64 20844 1 21054
3784 38 2184 4 2621
3785 31 12444 2 12536
3786 2 10065 2 10243
3787 81 10974 1 11025
3788 93 16576 1 16978
3789 6 66 1 269
3790 80 20844 1 21104
3791 74 22025 1 22442
3792 18 16670 1 16964
3793 85 7904 2 8116
3794 85 2377 1 2874
3795 85 18347 2 18748
3796 7 15395 4 15427
3797 27 9271 1 9458
3798 26 6633 1 7156
3799 57 14411 1 14954
3800 7 7837 3 7856
3801 81 7675 2 7703
3802 98 2479 3 2710
3803 54 10065 4 10107
3804 30 22520 3 22608
3805 15 6406 2 6948
3806 28 10551 7 10834
3807 43 22776 4 22808
3808 48 16231 4 16520
3809 1 19558 4 19909
3810 38 19218 1 19312
3811 92 10065 1 10080
3812 19 6953 1 7082
3813 57 14874 1 15167
3814 32 8003 1 8236
3815 91 14770 2 15153
3816 84 16727 1 17268
3817 69 21240 1 21642
3818 74 5550 1 5731
3819 30 16231 3 16313
3820 82 8479 5 8662
3821 96 906 1 1305
3822 38 22520 1 22963
3823 38 22275 1 22744
3824 2 10688 1 11094
3825 27 8479 1 8540
3826 48 12858 2 12950
3827 20 21599 4 21709
3828 49 22283 2 22483
3829 3 12485 5 13004
3830 3 15486 1 15613
3831 64 15017 2 15167
3832 74 13671 1 14026
3833 82 16698 1 16798
3834 4 11671 2 12044
3835 71 13988 1 14285
3836 86 11832 2 12213
3837 71 3781 1 4962
3838 30 14669 3 14822
3839 17 19511 1 20085
3840 92 10133 1 10481
3841 57 147 1 590
3842 65 15028 2 15529
3843 3 11986 1 12334
3844 56 2188 1 2515
3845 2 4267 1 4426
3846 24 15260 2 15733
3847 78 21059 2 21654
3848 62 829 2 1182
3849 7 17175 4 17396
3850 57 22442 1 22852
3851 32 2184 2 2558
3852 86 13068 2 13401
3853 82 14190 1 14284
3854 98 10688 4 10796
3855 80 9663 1 9693
3856 100 13673 3 13800
3857 25 2808 1 3168
3858 62 8003 3 8330
3859 82 84 5 412
3860 26 9284 1 9734
3861 96 13514 1 14023
3862 66 4267 3 4512
3863 74 2188 1 2354
3864 60 20844 1 21220
3865 67 9574 2 9857
3866 56 21213 1 21595
3867 40 22784 1 23141
3868 73 13232 3 13573
3869 98 4042 1 4183
3870 7 14365 5 14886
3871 25 3677 1 4111
3872 74 13912 2 14081
3873 17 15486 4 15694
3874 57 14237 1 14362
3875 32 18381 2 18574
3876 28 10688 1 11229
3877 76 21639 2 22080
3878 27 17105 1 17704
3879 20 2576 2 2995
3880 3 19558 5 19749
3881 95 3040 1 3294
3882 4 8125 1 8618
3883 57 17480 1 17664
3884 52 10172 3 10573
3885 67 8003 3 8371
3886 16 6525 2 6958
3887 19 8125 3 8628
3888 76 13912 3 13978
3889 60 8868 1 9338
3890 19 2377 1 2444
3891 81 5071 1 5209
3892 57 938 1 1668
3893 71 7590 1 7684
3894 37 3568 4 3917
3895 38 8808 1 9178
3896 98 6525 6 6778
3897 60 8628 1 9016
3898 1 1132 6 1158
3899 66 2377 2 2583
3900 7 8479 1 8640
3901 92 21213 1 21396
3902 78 15600 2 16186
3903 82 11446 5 11563
3904 18 6406 1 6476
3905 98 19511 4 19773
3906 36 15661 4 15723
3907 49 1132 1 1276
3908 32 3349 1 3474
3909 26 14365 1 14749
3910 69 17175 2 17256
3911 20 14237 4 14367
3912 16 21276 3 21468
3913 26 10172 5 10698
3914 12 12767 1 13176
3915 24 3349 2 3478
3916 2 8537 2 8637
3917 86 2630 1 2751
3918 6 18375 1 18672
3919 69 18347 4 18855
3920 6 11827 1 12115
3921 76 14736 1 14782
3922 65 3040 1 3469
3923 48 10172 1 10425
3924 80 3349 2 3401
3925 24 15859 1 16240
3926 48 15656 2 15787
3927 7 1659 3 2136
3928 100 861 2 986
3929 12 9284 4 9774
3930 65 10065 2 10367
3931 28 6633 3 6669
3932 19 18612 1 18901
3933 80 11397 1 11451
3934 85 20073 1 20416
3935 69 3040 1 3051
3936 26 590 1 741
3937 19 3253 1 3281
3938 76 2872 1 2909
3939 1 14669 3 15019
3940 56 17251 1 17597
3941 19 20224 1 20408
3942 100 13345 1 13750
3943 36 17861 2 18397
3944 24 15486 3 15969
3945 32 10688 1 10729
3946 23 21927 1 22112
3947 4 6633 1 6667
3948 6 2767 1 3283
3949 80 17662 1 17692
3950 6 590 1 884
3951 69 14081 4 14150
3952 51 2576 2 2771
3953 17 10065 1 10404
3954 67 20217 1 20447
3955 85 3298 1 3459
3956 7 14411 1 14574
3957 27 4555 1 5045
3958 38 5081 1 5429
3959 23 21639 1 21968
3960 23 2184 1 2237
3961 2 1348 1 1600
3962 4 13912 1 13927
3963 71 12329 1 12711
3964 95 14365 1 14756
3965 92 16878 2 17126
3966 16 14736 1 14787
3967 59 13514 3 13639
3968 25 2630 1 3009
3969 59 20213 1 20754
3970 48 17861 2 18012
3971 37 22520 2 22834
3972 28 1348 1 1853
3973 2 3916 1 4048
3974 27 1132 1 1251
3975 65 8677 2 9021
3976 30 5071 1 5283
3977 19 10551 1 10904
3978 70 12444 5 12649
3979 2 6351 2 6681
3980 62 19204 4 19681
3981 15 1883 1 2053
3982 43 1684 1 2116
3983 82 17861 1 18097
3984 17 1789 1 2491
3985 76 15300 1 15661
3986 100 3779 2 3842
3987 32 19558 1 20041
3988 19 19204 1 19219
3989 10 8125 4 8465
3990 48 8537 7 8794
3991 73 1467 5 1984
3992 74 7837 2 8319
3993 28 9975 1 10436
3994 52 7603 5 8150
3995 37 18381 3 18571
3996 76 17175 1 17391
3997 65 5890 2 6031
3998 18 11112 1 11423
3999 7 7706 5 7932
4000 40 17985 1 18131
4001 3 18543 1 18726
4002 2 194 1 508
4003 96 18506 1 19343
4004 26 763 3 1075
4005 78 8125 1 8238
4006 7 17662 5 18020
4007 83 21639 3 21683
4008 74 4129 1 4401
4009 89 3537 1 3779
4010 38 4944 1 5081
4011 12 11885 1 12358
4012 98 7904 1 8432
4013 51 7603 1 8052
4014 84 590 1 812
4015 38 10288 1 10344
4016 38 7590 1 7956
4017 83 14081 5 14540
4018 98 11562 2 11892
4019 74 590 1 725
4020 45 18370 2 18385
4021 85 18067 1 18416
4022 15 14736 1 15197
4023 10 6406 4 6622
4024 89 18375 4 18567
4025 9 13673 2 14037
4026 74 15049 2 15530
4027 57 14528 1 14868
4028 6 16936 4 17139
4029 43 14669 1 14919
4030 65 15486 1 15769
4031 59 12968 3 13091
4032 92 13632 1 14041
4033 15 1771 2 2112
4034 69 22498 4 22750
4035 1 590 2 811
4036 82 5507 1 6000
4037 60 3916 1 4238
4038 97 16231 1 16542
4039 17 4941 1 5060
4040 60 15661 1 15890
4041 71 11823 2 12018
4042 23 16665 1 16727
4043 16 3040 1 3100
4044 15 14528 3 14948
4045 100 12588 1 12725
4046 4 12170 1 12321
4047 35 18567 1 18667
4048 9 1907 1 2038
4049 2 13514 2 13962
4050 7 6086 2 6517
4051 57 15260 1 15492
4052 19 12968 1 13421
4053 100 1348 1 1847
4054 5 19558 1 19909
4055 23 5319 1 5479
4056 27 17861 1 18347
4057 96 4615 2 4990
4058 1 5319 1 5559
4059 49 8479 3 8500
4060 95 21289 3 21375
4061 82 2808 2 3090
4062 85 3869 1 4412
4063 11 19204 7 19471
4064 9 10205 1 10740
4065 49 6994 2 7452
4066 85 17662 1 18142
4067 20 11112 1 11600
4068 58 7603 1 7800
4069 27 17175 1 17594
4070 49 21574 1 21725
4071 60 1673 1 1859
4072 89 12601 1 12827
4073 74 12431 1 13042
4074 65 9059 2 9163
4075 28 8674 4 8748
4076 49 16729 3 17008
4077 12 14504 1 14701
4078 98 16576 1 16824
4079 41 6656 4 7203
4080 2 22776 3 22938
4081 37 5379 4 5433
4082 65 17385 2 17871
4083 8 2767 1 3147
4084 43 12485 1 12767
4085 98 3916 5 4089
4086 85 19069 1 19391
4087 54 9059 1 9461
4088 20 5550 4 5925
4089 7 2452 5 2848
4090 85 13912 4 14329
4091 76 7187 1 7367
4092 49 5443 4 5686
4093 16 16703 1 16709
4094 57 17480 3 17849
4095 81 3478 1 3937
4096 33 7246 1 7780
4097 74 15530 2 15859
4098 23 22283 2 22721
4099 76 5921 1 6336
4100 19 14577 1 14796
4101 48 10688 2 11124
4102 17 4267 2 4798
4103 85 19204 2 19672
4104 35 12853 2 13350
4105 15 4271 1 4333
4106 70 18851 2 18974
4107 25 5071 1 5164
4108 70 11331 3 11464
4109 60 12485 1 12694
4110 4 10693 1 11187
4111 11 2377 4 2871
4112 1 2808 2 3056
4113 82 2377 1 2759
4114 7 7040 3 7586
4115 100 11331 2 11598
4116 41 3677 1 3923
4117 60 590 2 1049
4118 59 12293 2 12515
4119 76 20802 1 21172
4120 73 15049 1 15235
4121 9 15859 1 16452
4122 82 20469 1 20586
4123 24 15028 1 15229
4124 35 1293 5 1598
4125 6 19069 1 19593
4126 34 15028 1 15364
4127 50 18892 1 19389
4128 54 13207 1 13405
4129 69 11832 1 11995
4130 35 22974 4 23112
4131 7 13801 2 14281
4132 78 12444 2 12588
4133 28 15395 1 15427
4134 85 8816 1 9519
4135 98 13068 2 13597
4136 64 19558 2 19881
4137 60 17175 2 17596
4138 20 10065 2 10468
4139 25 3298 1 3686
4140 92 21397 1 21471
4141 74 17861 1 18015
4142 26 11562 2 11663
4143 47 1659 2 2207
4144 7 8540 3 9042
4145 74 11563 1 12105
4146 26 3501 4 3810
4147 66 12767 5 13062
4148 84 22275 2 22776
4149 18 19069 1 19540
4150 52 14360 2 14902
4151 47 590 3 946
4152 38 17448 3 17952
4153 66 20399 2 20681
4154 100 21059 3 21360
4155 3 684 1 690
4156 1 18506 2 18620
4157 57 10688 4 10721
4158 27 22283 1 22360
4159 76 8003 1 8754
4160 86 7904 2 7974
4161 25 3501 1 3626
4162 2 16576 1 16710
4163 56 4129 1 4672
4164 57 16231 1 16312
4165 17 15486 2 16077
4166 50 12444 1 12533
4167 38 7456 3 7664
4168 72 12853 2 13174
4169 45 10688 1 10808
4170 81 17175 2 17347
4171 38 1673 3 1730
4172 70 5071 1 5098
4173 40 10688 2 10798
4174 20 14420 3 14683
4175 45 11112 2 11359
4176 76 11885 1 12158
4177 7 8674 4 9216
4178 90 3298 1 3622
4179 37 16729 1 17225
4180 38 15740 1 15830
4181 28 325 4 333
4182 56 1668 1 1993
4183 27 15351 2 15361
4184 89 1408 4 1458
4185 35 8537 2 8565
4186 71 9574 1 9868
4187 96 8537 1 8970
4188 95 18347 1 18689
4189 69 7603 3 7676
4190 100 6361 2 6430
4191 20 590 1 672
4192 48 13912 2 13927
4193 74 14420 1 14528
4194 19 2808 1 2821
4195 46 1677 1 1908
4196 76 15285 1 15722
4197 64 17900 2 18126
4198 71 9663 1 9903
4199 20 1659 2 1680
4200 19 1348 1 1770
4201 76 14874 1 15285
4202 35 710 2 1175
4203 28 6336 2 6865
4204 78 20864 1 21008
4205 20 5922 1 6393
4206 85 17861 1 18365
4207 65 15422 1 15884
4208 19 22776 1 22815
4209 88 6723 1 7248
4210 95 1668 1 1891
4211 4 18128 1 18136
4212 9 10205 1 10817
4213 38 16587 1 17049
4214 19 11986 2 12404
4215 82 17034 1 17251
4216 49 18566 3 18823
4217 96 12858 1 13321
4218 80 4267 1 4670
4219 3 19934 3 20215
4220 5 8868 2 9317
4221 67 9284 2 9816
4222 54 3078 1 3210
4223 7 6252 2 6479
4224 1 13671 3 14025
4225 98 21440 4 21917
4226 62 22784 2 23156
4227 98 13912 1 14006
4228 96 18370 2 18506
4229 4 20020 1 20092
4230 89 13912 2 14059
4231 74 5379 1 5964
4232 84 13673 3 14114
4233 47 11832 2 11933
4234 76 6829 1 7487
4235 65 13514 1 13761
4236 82 18128 4 18354
4237 81 13632 2 14020
4238 19 17662 1 17705
4239 60 19558 1 19572
4240 54 17448 4 17996
4241 38 22963 1 23578
4242 32 20215 1 20560
4243 72 3869 4 3926
4244 45 20802 1 20888
4245 98 3349 3 3877
4246 92 906 1 1097
4247 3 10688 1 10877
4248 65 8125 1 8173
4249 100 10688 2 10750
4250 54 3253 2 3330
4251 78 100 1 361
4252 85 14874 1 15264
4253 70 2630 2 2826
4254 35 6361 1 6532
4255 59 16576 6 16817
4256 74 20844 1 21172
4257 19 6401 1 6829
4258 74 16231 1 16697
4259 18 4137 2 4546
4260 81 11823 1 11837
4261 45 19511 2 19691
4262 45 13514 1 13867
4263 85 6387 1 6695
4264 45 15638 3 15892
4265 82 12170 2 12629
4266 74 9975 1 10259
4267 85 3478 1 3777
4268 86 7992 1 8083
4269 19 13207 1 13684
4270 8 7590 3 7903
4271 20 20224 1 20403
4272 89 10688 1 11008
4273 1 22513 1 22839
4274 82 20215 3 20693
4275 36 8868 2 9181
4276 2 5443 2 5581
4277 41 14081 1 14382
4278 35 14669 1 15189
4279 41 16576 1 16631
4280 23 15038 1 15127
4281 77 9975 1 10186
4282 76 3478 1 3772
4283 97 6866 1 6976
4284 57 11562 5 11827
4285 38 15740 1 16393
4286 71 8674 1 8729
4287 3 6336 1 6737
4288 28 20844 4 21335
4289 77 14081 1 14569
4290 85 14329 1 14365
4291 23 20112 1 21386
4292 9 14418 2 14440
4293 66 8003 1 8439
4294 74 3779 1 4129
4295 17 22283 1 22712
4296 80 22025 2 22181
4297 28 12588 2 12627
4298 31 14081 4 14416
4299 89 9059 2 9306
4300 32 15921 1 16422
4301 18 6086 2 6489
4302 18 22553 1 23050
4303 7 22974 2 23426
4304 30 8003 2 8381
4305 65 13673 2 13896
4306 85 5353 2 5403
4307 3 127 5 621
4308 100 5319 1 5608
4309 85 4653 1 5277
4310 35 1132 4 1459
4311 36 22025 1 22506
4312 3 3603 2 3675
4313 85 3980 1 4257
4314 27 8005 2 8180
4315 69 4267 1 4577
4316 57 9574 7 9667
4317 6 13165 1 13461
4318 43 8125 1 8465
4319 23 18506 1 18924
4320 76 3781 1 4280
4321 1 22025 2 22290
4322 58 2377 2 2471
4323 4 15422 1 15893
4324 40 3290 1 3749
4325 76 22209 4 22823
4326 37 15285 2 15611
4327 99 14528 2 14912
4328 16 4555 2 4877
4329 45 185 2 294
4330 100 16936 2 16989
4331 76 8479 3 9059
4332 51 20020 2 20239
4333 66 15486 1 15860
4334 2 8674 3 9032
4335 76 16729 3 17036
4336 99 4267 1 4628
4337 43 8939 2 9230
4338 65 5443 1 5984
4339 76 10974 1 11282
4340 76 22025 2 22469
4341 7 19204 1 19409
4342 2 3040 1 3083
4343 38 1883 1 2184
4344 12 780 1 950
4345 28 16231 3 16492
4346 45 12170 4 12258
4347 34 15300 1 15813
4348 74 2767 1 3457
4349 86 1348 1 1508
4350 72 6656 1 6771
4351 86 14360 2 14778
4352 73 6086 2 6368
4353 36 8598 1 8752
4354 69 4615 1 4696
4355 1 14081 2 14599
4356 3 16665 1 16694
4357 50 12202 1 12364
4358 81 6829 2 6937
4359 95 12329 3 12434
4360 72 6042 3 6132
4361 65 8939 1 9459
4362 1 20213 2 20748
4363 8 5319 1 5342
4364 58 1348 1 1484
4365 48 1659 2 2077
4366 72 14365 1 14394
4367 80 4670 1 4677
4368 85 17251 1 17741
4369 65 22776 1 22877
4370 95 10065 1 10536
4371 23 234 1 456
4372 85 9975 3 10348
4373 38 7456 1 8041
4374 50 5319 1 5600
4375 33 6042 1 6096
4376 20 22442 1 22873
4377 85 10065 1 10168
4378 38 6361 1 6672
4379 7 7904 2 8166
4380 35 10693 1 11057
4381 6 8540 3 8876
4382 16 1132 1 1154
4383 100 19511 1 19928
4384 9 14770 1 14990
4385 38 1408 2 1740
4386 28 6336 4 6440
4387 69 21599 3 21921
4388 11 12202 3 12408
4389 60 20073 2 20157
4390 66 7456 1 7693
4391 92 11187 1 11283
4392 58 17662 1 17753
4393 98 4555 3 4839
4394 23 10344 3 10791
4395 84 2576 2 2631
4396 27 20844 1 21083
4397 58 4653 2 4895
4398 19 20850 1 21418
4399 96 16878 1 17371
4400 38 18067 2 18569
4401 18 1998 1 2181
4402 27 15028 2 15395
4403 76 11112 2 11217
4404 74 19204 1 19593
4405 99 13632 2 13660
4406 37 15395 3 15843
4407 74 3478 1 3779
4408 76 4267 1 4339
4409 43 22919 1 23214
4410 98 10065 4 10526
4411 100 9075 3 9141
4412 32 21289 1 21789
4413 84 1689 2 1970
4414 38 3290 2 3812
4415 86 590 2 692
4416 92 5922 2 6220
4417 58 11832 1 12249
4418 84 11563 1 11881
4419 92 3980 1 4454
4420 6 17251 2 17424
4421 98 22784 1 23033
4422 76 9059 4 9285
4423 59 6994 2 7036
4424 48 14504 4 14952
4425 7 14922 2 15378
4426 23 20213 1 20945
4427 92 5071 1 5532
4428 82 5071 1 5507
4429 1 11112 1 11309
4430 5 17385 2 17693
4431 2 18441 1 18843
4432 26 6336 4 6800
4433 37 22890 2 23260
4434 85 21830 3 22170
4435 46 12858 2 12879
4436 28 7646 2 7853
4437 65 19511 1 19795
4438 31 4129 1 4531
4439 85 3040 3 3078
4440 32 10065 1 10596
4441 76 22861 2 23634
4442 90 21059 1 21086
4443 3 22283 3 22646
4444 20 18566 3 18621
4445 19 16576 1 16612
4446 1 22324 5 22808
4447 38 5443 2 5750
4448 24 22974 5 23472
4449 3 18851 2 19151
4450 64 3040 3 3269
4451 27 1770 4 1993
4452 33 3349 1 3440
4453 85 22446 3 22739
4454 78 18347 1 19073
4455 82 1917 1 2374
4456 38 21639 1 22170
4457 74 14081 1 14157
4458 84 17861 1 18328
4459 35 20215 4 20702
4460 25 1770 1 2194
4461 97 11832 2 11983
4462 16 8003 3 8409
4463 18 11423 1 11812
4464 96 2377 1 2630
4465 18 1974 1 2523
4466 71 6633 1 7034
4467 98 3040 4 3334
4468 80 5921 2 6280
4469 19 15921 1 16368
4470 78 8598 1 10103
4471 19 18506 1 18797
4472 16 8677 1 8755
4473 60 7954 2 8261
4474 11 12889 1 12908
4475 98 5353 1 5555
4476 27 15260 2 15729
4477 56 2763 1 2960
4478 80 4713 1 5181
4479 25 14528 2 14710
4480 74 12202 1 12508
4481 74 15820 1 15826
4482 9 18347 2 18370
4483 40 7187 2 7278
4484 76 7593 1 7998
4485 23 7246 1 7453
4486 77 3040 2 3091
4487 7 22963 2 23397
4488 64 10133 6 10359
4489 64 16259 1 16540
4490 19 9574 2 9844
4491 3 20507 2 20821
4492 45 9663 2 9966
4493 84 5890 1 6030
4494 27 16576 1 17062
4495 38 14770 1 15586
4496 46 8540 1 8654
4497 74 6829 1 6899
4498 54 116 3 574
4499 19 18441 1 18783
4500 85 1408 1 1873
4501 74 18441 1 18816
4502 19 18347 1 18402
4503 1 19934 4 20368
4504 36 3510 2 3812
4505 54 5921 1 6153
4506 45 1348 1 1442
4507 61 10693 1 11230
4508 92 14360 1 14860
4509 71 15017 1 15100
4510 93 11331 1 11850
4511 89 21950 1 22178
4512 60 11112 1 11204
4513 28 14240 1 14582
4514 73 16393 4 16714
4515 17 5418 1 5428
4516 19 3478 2 3956
4517 76 15656 2 15921
4518 31 14874 5 15118
4519 1 19069 2 19133
4520 27 19558 3 19934
4521 67 3478 5 3811
4522 56 3677 1 3779
4523 96 20073 1 20251
4524 19 5443 3 5985
4525 54 8540 1 8648
4526 27 18375 3 18798
4527 30 17662 1 18167
4528 44 6697 2 7090
4529 65 3040 2 3504
4530 76 11446 1 11885
4531 27 2576 1 2795
4532 46 3478 2 3997
4533 72 590 3 764
4534 17 16231 1 16368
4535 71 22624 1 22908
4536 74 18892 1 18944
4537 76 11633 1 12417
4538 19 8628 1 8677
4539 30 590 2 932
4540 48 18612 4 19031
4541 65 16753 1 16880
4542 69 9096 3 9195
4543 17 18347 2 18862
4544 78 13165 1 13329
4545 18 21632 1 21867
4546 38 17448 1 17900
4547 28 16576 4 16687
4548 71 2818 1 3253
4549 59 15049 7 15465
4550 90 8125 1 8170
4551 28 18834 3 19341
4552 16 1348 1 1517
4553 12 5443 1 5478
4554 95 19934 1 20019
4555 16 10688 1 11145
4556 54 13632 2 14157
4557 85 10974 1 11355
4558 18 18851 1 19409
4559 12 8125 1 8495
4560 90 590 3 1112
4561 36 17371 1 17458
4562 8 20507 3 20826
4563 34 15285 1 15439
4564 54 5071 3 5570
4565 60 7706 1 7828
4566 48 7675 3 7944
4567 65 8674 1 8925
4568 96 22823 1 23220
4569 82 20844 1 21367
4570 19 8677 2 9218
4571 19 21068 1 21533
4572 33 7456 2 7783
4573 70 11446 1 11673
4574 52 18851 2 19268
4575 80 14360 1 14466
4576 51 14360 1 14705
4577 1 1668 6 1793
4578 47 10404 3 10617
4579 26 7246 1 7293
4580 76 11446 1 11569
4581 64 906 2 1306
4582 99 129 1 445
4583 20 8003 1 8344
4584 6 19934 3 20232
4585 19 14240 1 14347
4586 23 6633 2 7176
4587 9 4555 1 4975
4588 49 8125 5 8375
4589 11 75 4 358
4590 85 2767 1 3287
4591 23 1263 4 1463
4592 23 19204 3 19261
4593 18 12853 1 13228
4594 59 629 1 964
4595 58 13514 1 13541
4596 36 15201 1 15506
4597 85 8598 1 8816
4598 49 8479 2 8568
4599 9 15201 1 15664
4600 78 13068 2 13323
4601 100 4555 1 4939
4602 5 8005 2 8207
4603 27 3840 1 3980
4604 46 4296 2 4312
4605 7 3478 1 3693
4606 17 1659 1 1694
4607 97 7040 1 7067
4608 92 17861 1 18391
4609 35 3869 1 4129
4610 84 16576 1 17024
4611 6 8939 4 9403
4612 6 20480 1 20999
4613 50 8537 4 8785
4614 49 19558 1 19672
4615 57 7187 4 7215
4616 72 16753 2 17050
4617 54 12524 1 12856
4618 66 19731 5 20093
4619 100 8479 1 8844
4620 30 2452 3 2707
4621 84 21213 2 21625
4622 70 9059 2 9472
4623 82 18067 2 18148
4624 26 22944 2 23365
4625 37 8628 5 8849
4626 3 20215 7 20490
4627 43 13673 1 14169
4628 4 1993 1 2452
4629 64 22442 1 22748
4630 74 725 2 833
4631 18 8125 1 9916
4632 98 18566 2 18728
4633 71 10688 1 10814
4634 7 21083 2 21621
4635 31 21599 1 22060
4636 16 11562 2 11730
4637 3 2630 1 2831
4638 82 2763 1 3054
4639 96 2377 2 2522
4640 27 7904 1 9165
4641 76 20217 1 20399
4642 49 590 1 1094
4643 92 21059 1 21320
4644 38 18612 1 18697
4645 74 13232 2 13367
4646 85 9059 1 9474
4647 69 14528 1 14918
4648 60 14420 1 14707
4649 85 5443 1 6042
4650 50 10688 4 10754
4651 86 8125 2 8186
4652 84 17175 2 17477
4653 40 11827 1 12039
4654 3 22776 1 23313
4655 6 2184 4 2551
4656 7 222 4 446
4657 16 1659 2 1845
4658 35 9284 2 9590
4659 3 20215 1 20476
4660 16 9975 1 10453
4661 49 15486 3 15683
4662 4 889 1 1327
4663 19 5985 2 6042
4664 9 9574 1 9833
4665 35 3916 1 3970
4666 35 15395 1 15873
4667 18 2576 1 2875
4668 64 22776 2 22804
4669 76 1305 2 1733
4670 82 6994 1 7340
4671 38 18441 4 18612
4672 27 4267 3 4458
4673 58 11112 2 11184
4674 30 12202 2 12355
4675 64 21083 3 21226
4676 78 17861 1 18345
4677 38 5319 1 5890
4678 30 7187 1 7330
4679 30 13912 1 14025
4680 100 22776 2 23107
4681 82 7904 1 8260
4682 27 3281 2 3712
4683 100 133 6 189
4684 18 17385 1 17585
4685 66 14420 5 14825
4686 32 3478 1 3578
4687 38 6252 1 7691
4688 95 4267 3 4681
4689 56 8125 2 8324
4690 45 14791 6 14943
4691 99 11562 1 12065
4692 26 1463 4 1564
4693 49 22974 4 23419
4694 60 11669 1 12160
4695 91 590 2 814
4696 78 21213 1 21263
4697 36 21059 1 21346
4698 74 16576 1 16615
4699 12 3040 1 3365
4700 76 19204 3 19581
4701 85 10348 3 10546
4702 71 1252 2 1653
4703 74 13514 2 13732
4704 48 13673 1 13860
4705 99 13912 1 14070
4706 4 2630 1 2758
4707 70 5379 2 5548
4708 92 12329 1 12500
4709 28 2452 2 2484
4710 50 15395 2 15454
4711 18 232 1 691
4712 74 18834 1 19066
4713 65 14669 1 15200
4714 92 8003 2 8484
4715 19 17734 2 17742
4716 36 16576 1 17034
4717 27 14395 3 14504
4718 56 3040 1 3159
4719 82 22513 3 22967
4720 64 18566 1 18811
4721 23 13165 1 13280
4722 9 12889 1 13366
4723 84 18375 3 18768
4724 76 14669 2 15300
4725 90 3298 1 3807
4726 2 1513 1 1673
4727 98 4653 1 4813
4728 49 6086 1 6371
4729 86 2767 2 3021
4730 82 22776 2 23147
4731 57 20386 4 20886
4732 19 17662 1 18057
4733 84 8479 1 8494
4734 3 17349 1 17863
4735 33 6953 1 7385
4736 72 17448 3 17666
4737 57 22919 1 22989
4738 9 610 1 1034
4739 48 20472 2 20489
4740 30 15486 2 15902
4741 48 7954 1 8368
4742 91 4267 1 4796
4743 7 18375 4 18903
4744 69 17662 1 18056
4745 23 4615 1 4905
4746 24 12444 5 12543
4747 95 5319 1 5656
4748 36 21440 2 21477
4749 27 11213 1 11334
4750 72 22944 3 23223
4751 89 8125 2 8204
4752 80 22974 2 23377
4753 45 8939 3 9109
4754 100 18128 2 18468
4755 12 18566 1 18850
4756 57 6086 1 6581
4757 36 17448 1 17677
4758 84 18375 1 18499
4759 59 590 3 665
4760 4 19558 1 19735
4761 45 8628 3 8686
4762 16 5922 1 5996
4763 1 22853 1 23286
4764 70 14104 1 14408
4765 7 8674 2 8890
4766 1 5922 4 6191
4767 64 691 2 909
4768 64 2576 1 2775
4769 47 4267 2 4536
4770 98 12889 2 13005
4771 27 2797 4 3128
4772 86 3040 1 3562
4773 64 20020 3 20094
4774 27 240 6 414
4775 23 21440 1 21899
4776 16 5379 2 5485
4777 57 12379 3 12811
4778 67 4690 5 4727
4779 85 13514 1 13835
4780 38 6866 1 7235
4781 48 4653 4 4949
4782 38 19558 1 19897
4783 35 17385 1 17508
4784 74 1791 2 2150
4785 4 18067 1 18100
4786 27 8540 1 8868
4787 74 9975 1 10598
4788 23 16753 3 17257
4789 92 3677 1 4081
4790 71 7590 1 8063
4791 74 18376 1 19172
4792 64 13514 6 13903
4793 85 4555 2 4567
4794 38 3040 1 3300
4795 36 15486 1 15562
4796 23 10551 2 10972
4797 51 21533 1 21744
4798 65 17184 1 17199
4799 85 21927 1 22446
4800 82 3478 1 3683
4801 91 14791 1 15013
4802 57 3040 7 3143
4803 100 12858 2 13209
4804 17 4052 1 4250
4805 23 1770 2 2168
4806 78 6351 1 6604
4807 77 21240 1 21647
4808 36 7040 1 7174
4809 11 22442 1 22944
4810 74 15859 1 15934
4811 20 1348 1 1541
4812 48 7290 1 7660
4813 73 7235 5 7722
4814 64 3869 1 3902
4815 49 10974 1 11206
4816 74 14240 1 15329
4817 24 22513 6 22889
4818 85 12170 2 12472
4819 9 14874 2 15518
4820 80 9975 1 10038
4821 86 1998 1 2378
4822 58 8786 2 8845
4823 64 5550 2 6055
4824 76 9059 1 9497
4825 30 5319 2 5432
4826 11 9975 1 10022
4827 56 3568 1 4069
4828 52 6656 4 7176
4829 25 4653 1 5049
4830 50 19069 5 19473
4831 69 3869 3 4414
4832 34 14736 2 15203
4833 38 3840 2 3916
4834 96 10693 2 10895
4835 4 13514 2 13869
4836 69 15859 1 16302
4837 76 4897 4 5319
4838 39 14504 1 14938
4839 38 5443 2 5922
4840 71 15656 2 16259
4841 23 1463 1 1538
4842 92 21533 1 21652
4843 82 3724 2 3743
4844 31 16393 1 16498
4845 89 8674 1 9071
4846 26 9284 1 9345
4847 3 22025 1 22090
4848 96 6953 1 7093
4849 71 16824 1 17349
4850 81 1668 2 1801
4851 17 21276 2 21477
4852 51 14081 1 14269
4853 76 1408 1 1489
4854 1 21533 3 21551
4855 85 20963 2 21289
4856 3 9574 1 9659
4857 46 5319 1 5644
4858 4 8939 1 9492
4859 35 12444 7 12852
4860 64 3677 2 3885
4861 19 6829 1 6953
4862 81 8125 1 8237
4863 92 7970 1 7976
4864 76 21677 1 22209
4865 69 6656 3 6798
4866 71 18566 1 19034
4867 84 938 2 1427
4868 69 7470 1 7601
4869 85 11827 1 12218
4870 24 22974 5 23167
4871 23 19069 3 19272
4872 74 15329 1 15730
4873 76 1895 1 1994
4874 8 6953 3 7343
4875 11 14913 8 14974
4876 27 16576 4 16587
4877 30 19204 3 19724
4878 38 12767 2 13031
4879 89 590 2 683
4880 67 3244 5 3390
4881 86 14104 2 14302
4882 27 15395 1 15660
4883 7 5453 3 5665
4884 38 14577 1 14771
4885 99 9096 1 9308
4886 8 15264 2 15321
4887 82 7593 2 8003
4888 74 22442 1 23072
4889 59 17184 1 17690
4890 19 16753 1 17333
4891 92 10065 2 10394
4892 30 18506 1 19048
4893 72 10277 2 10719
4894 30 13068 1 13250
4895 95 11446 2 11615
4896 4 13514 1 14020
4897 35 22520 1 23006
4898 40 6725 1 6978
 调度评估结果
1. 任务等待评估 (Σ 等待×权重): 49824740
2. 任务完成评估 (最大完成时间): 24182
3. GPU显存空闲评估 (平均空闲): 17919.55 GB/时间片
 额外统计
已调度任务               : 4898/4898
平均等待时间            : 1475.01
各服务器任务分布      : 服务器1=86, 服务器2=68, 服务器3=90, 服务器4=79, 服务器5=20, 服务器6=67, 服务器7=90, 服务器8=42, 服务器9=80, 服务器10=4, 服务器11=34, 服务器12=31, 服务器15=15, 服务器16=52, 服务器17=74, 服务器18=67, 服务器19=155, 服务器20=37, 服务器23=122, 服务器24=43, 服务器25=26, 服务器26=38, 服务器27=136, 服务器28=80, 服务器30=48, 服务器31=18, 服务器32=40, 服务器33=20, 服务器34=9, 服务器35=75, 服务器36=72, 服务器37=56, 服务器38=177, 服务器39=4, 服务器40=34, 服务器41=23, 服务器42=5, 服务器43=50, 服务器44=1, 服务器45=59, 服务器46=14, 服务器47=17, 服务器48=80, 服务器49=55, 服务器50=36, 服务器51=23, 服务器52=26, 服务器54=44, 服务器56=47, 服务器57=113, 服务器58=36, 服务器59=65, 服务器60=52, 服务器61=10, 服务器62=20, 服务器64=89, 服务器65=90, 服务器66=95, 服务器67=26, 服务器69=84, 服务器70=55, 服务器71=88, 服务器72=29, 服务器73=30, 服务器74=141, 服务器76=178, 服务器77=23, 服务器78=78, 服务器79=1, 服务器80=55, 服务器81=52, 服务器82=93, 服务器83=10, 服务器84=50, 服务器85=148, 服务器86=46, 服务器88=5, 服务器89=47, 服务器90=38, 服务器91=22, 服务器92=80, 服务器93=10, 服务器94=3, 服务器95=46, 服务器96=86, 服务器97=26, 服务器98=88, 服务器99=38, 服务器100=83
