1 6 72882 2 72904
2 75 46944 1 47240
3 8 63756 4 63882
4 15 52717 3 52914
5 50 0 1 527
6 91 69178 1 69327
7 6 72098 1 72235
8 14 11084 4 11220
9 41 575 6 1000
10 75 75218 1 76250
11 43 48730 5 49204
12 10 40430 1 40853
13 11 4813 1 5119
14 21 58399 2 58832
15 15 5879 3 5942
16 35 52618 1 53011
17 11 54038 4 54160
18 94 18354 1 18437
19 15 9726 1 10119
20 74 32311 3 32451
21 6 439 1 1139
22 20 37084 2 37680
23 66 45341 3 45541
24 52 3046 1 3389
25 37 31521 2 31956
26 1 66355 3 66874
27 25 70172 1 70381
28 85 77922 4 78338
29 15 9300 2 9726
30 15 52117 2 52248
31 28 31877 1 31996
32 37 11084 4 11746
33 91 19988 1 20548
34 9 3046 2 3485
35 40 33511 4 34107
36 91 74764 3 74900
37 15 10513 3 11084
38 26 60450 3 61172
39 74 45120 3 45799
40 92 75218 5 75683
41 81 25174 2 25673
42 87 44350 1 44880
43 36 24971 3 25476
44 15 77425 1 77627
45 17 23397 1 23422
46 43 9300 2 9852
47 88 30861 2 31498
48 87 16175 2 16549
49 31 45769 2 45964
50 11 60880 1 62243
51 91 63915 3 63962
52 25 52247 2 52387
53 73 76958 1 77311
54 15 33669 1 34440
55 8 75218 4 75852
56 25 24528 2 25239
57 36 439 1 1050
58 91 45120 2 45693
59 40 21988 5 22630
60 36 67073 3 67410
61 15 15115 1 16100
62 63 21988 2 22643
63 41 31088 1 31654
64 91 20548 1 21165
65 52 77483 4 78156
66 94 47228 2 47306
67 81 7796 3 8541
68 2 21988 1 22540
69 15 49311 1 49522
70 91 11990 1 13531
71 9 0 3 535
72 25 9300 1 9358
73 4 50378 2 51327
74 57 14106 1 14375
75 36 1496 2 1523
76 43 63001 1 63039
77 44 5524 2 5847
78 75 27486 1 28106
79 15 51105 1 51611
80 98 67582 1 68141
81 91 75764 1 76393
82 53 12337 2 12742
83 44 60168 4 60543
84 63 53896 4 53946
85 37 9300 1 10191
86 35 17803 2 18096
87 40 63597 3 63641
88 85 9300 1 9371
89 6 50378 3 50542
90 91 61314 2 62030
91 37 71370 1 72528
92 91 70800 1 71051
93 66 47732 2 47949
94 77 20640 1 21297
95 87 5879 1 6362
96 4 60831 4 61220
97 68 11084 7 11346
98 26 48846 5 49055
99 63 11726 1 12267
100 46 15638 1 16052
101 5 30861 1 31498
102 85 45271 1 45859
103 46 70800 1 71276
104 85 50378 3 50792
105 15 70172 1 70482
106 75 30676 1 31651
107 8 3558 5 3858
108 46 37084 1 37766
109 88 15300 1 15654
110 61 5879 2 6527
111 44 1189 1 1405
112 11 39545 2 41205
113 91 66138 3 66668
114 91 52117 1 52783
115 94 68845 2 69325
116 37 29173 1 29557
117 88 11983 1 12069
118 12 17936 1 18644
119 88 45670 2 46004
120 53 66691 1 67295
121 7 49494 1 49904
122 4 21422 2 21492
123 44 29843 2 30148
124 39 15905 5 16525
125 25 41841 2 41932
126 91 16175 1 16299
127 75 10147 1 10620
128 26 75218 3 75828
129 25 34595 3 35002
130 50 11084 2 11352
131 25 47228 1 49126
132 26 71370 2 71963
133 15 31877 1 32426
134 11 32464 3 33070
135 9 19915 2 20188
136 88 9300 1 9444
137 15 27522 1 28362
138 9 10147 1 10479
139 61 60450 2 60954
140 85 27446 1 27749
141 34 31877 2 32395
142 58 53216 3 53480
143 25 71881 2 72239
144 91 14064 2 14347
145 58 53222 1 53646
146 58 60463 1 61062
147 15 46159 3 46544
148 88 39545 2 40040
149 23 59012 2 59525
150 15 42056 1 42512
151 63 26710 1 27428
152 60 23141 3 23399
153 28 25132 2 25578
154 65 60648 3 61319
155 79 11084 2 11769
156 41 62430 6 62502
157 15 9726 2 9914
158 44 78665 3 79360
159 15 65490 1 65770
160 25 16424 2 16947
161 23 14822 5 14879
162 11 14064 1 14503
163 63 51105 1 51575
164 91 35572 3 35949
165 4 73064 1 73564
166 64 25181 1 25509
167 85 47228 2 47661
168 91 3046 1 3201
169 52 439 6 634
170 2 53402 1 54002
171 36 35572 5 36247
172 37 2480 1 2946
173 40 39545 1 40011
174 45 22339 1 22428
175 85 19460 1 20012
176 50 1107 1 1156
177 1 10119 2 10288
178 15 54076 1 55720
179 20 56461 7 57211
180 44 28576 2 29177
181 50 17900 1 18395
182 11 52618 1 53392
183 13 439 1 861
184 85 22529 2 22696
185 63 75218 1 75566
186 5 49311 2 49426
187 37 61314 5 61613
188 53 29333 3 29558
189 44 68511 2 69734
190 91 43033 2 43666
191 52 53216 4 53253
192 91 39545 1 40430
193 66 67744 5 67849
194 37 27398 2 27904
195 6 10119 4 10248
196 50 4051 1 4176
197 46 7623 1 8053
198 91 46159 2 46675
199 58 49731 1 49864
200 49 7623 3 8060
201 11 47241 4 47668
202 75 56663 2 56769
203 11 5879 2 6472
204 24 36250 3 36730
205 6 9300 1 9913
206 69 39545 3 39604
207 66 46544 2 46658
208 81 16424 3 17026
209 9 3558 3 4207
210 19 67913 1 68161
211 80 15251 6 15658
212 65 8744 4 9162
213 26 58399 1 58738
214 10 439 4 801
215 83 18290 1 18847
216 15 69178 1 69837
217 9 8598 2 9261
218 61 74775 2 75411
219 4 37954 1 38494
220 16 4813 1 5304
221 6 75218 1 75785
222 91 21422 1 21481
223 8 1189 1 1489
224 4 44016 3 44278
225 91 27146 3 27174
226 19 28576 1 28620
227 91 56819 1 57159
228 2 57159 4 57204
229 22 53769 1 53999
230 91 74764 1 75222
231 5 39545 2 39619
232 75 68845 2 69362
233 25 41932 1 42913
234 52 31877 4 32366
235 87 6329 1 6853
236 66 46944 1 47072
237 15 59523 2 60031
238 26 77425 5 77689
239 87 14667 1 14743
240 26 65791 5 66206
241 6 21988 1 22481
242 75 21422 1 21499
243 87 78665 1 79956
244 75 14258 4 14735
245 91 50339 3 51039
246 37 23512 1 23596
247 4 22529 2 22812
248 66 56387 7 56603
249 44 43596 1 44093
250 13 3558 1 3810
251 1 52117 2 52741
252 91 72681 4 73013
253 20 30592 4 30982
254 37 34595 2 34709
255 88 73271 2 73916
256 92 76958 4 77698
257 75 52117 6 52633
258 68 65666 1 66165
259 15 66138 1 66453
260 66 50378 6 51103
261 25 68880 1 69386
262 50 66627 2 66978
263 11 41125 2 41727
264 59 49397 2 49518
265 7 21317 2 21380
266 85 43033 3 43082
267 9 67913 1 68216
268 9 29333 1 30077
269 4 31877 1 33030
270 75 68127 2 68845
271 36 50339 3 50767
272 88 54076 2 55053
273 37 24580 4 25044
274 54 52262 1 52612
275 58 47147 2 47228
276 91 54613 2 55355
277 73 59010 4 59747
278 19 1189 2 1377
279 52 41551 2 41925
280 84 27502 1 27979
281 4 64239 2 64805
282 91 72882 3 73590
283 25 19460 1 19760
284 66 24580 3 24649
285 87 70796 1 70863
286 87 72084 4 72394
287 43 49311 6 49790
288 52 66095 5 66397
289 11 2480 1 2665
290 50 68127 2 68420
291 58 77457 4 77923
292 40 53402 1 53942
293 88 45271 1 45983
294 58 54038 4 54642
295 81 34260 2 34997
296 17 19493 6 19684
297 58 40040 1 40115
298 58 72623 5 72825
299 61 72394 4 72762
300 37 38845 3 39268
301 37 8598 1 8940
302 37 71370 1 71576
303 25 56677 1 56830
304 4 56387 1 56625
305 85 7540 1 7786
306 88 61571 1 61861
307 6 67744 1 68144
308 4 22339 2 22851
309 26 56975 2 57710
310 36 73229 5 73465
311 20 36561 1 37263
312 25 32849 1 33349
313 87 36250 1 36937
314 66 31877 1 32203
315 89 9869 1 9983
316 15 34440 3 34817
317 17 51611 1 52111
318 75 1300 3 1839
319 14 4867 4 5563
320 20 45499 1 45814
321 4 26710 1 29328
322 95 19164 4 19609
323 25 25875 1 26860
324 11 27590 1 28021
325 1 19988 4 20276
326 66 20842 3 21388
327 35 63915 4 64388
328 72 33511 5 33665
329 25 21165 2 21733
330 11 13657 1 14434
331 58 64239 1 64688
332 91 34260 1 34903
333 15 41841 2 41967
334 15 35345 3 35572
335 88 29177 2 29278
336 62 18290 5 18606
337 26 59543 3 59978
338 74 60168 2 60828
339 50 39545 1 39752
340 4 14106 1 14759
341 43 33511 4 34129
342 25 17196 1 17419
343 57 11084 1 11536
344 4 78057 1 80214
345 85 15251 3 15408
346 9 51611 1 52040
347 10 10147 2 10501
348 87 30993 1 31183
349 91 65348 2 65666
350 14 3558 3 3852
351 25 46944 2 47202
352 37 14667 3 14801
353 65 36058 3 36504
354 37 53685 3 54326
355 66 36772 1 37112
356 91 65121 1 65155
357 20 59741 1 60423
358 44 65490 4 65774
359 26 3558 1 4230
360 2 44350 1 44624
361 50 74413 2 74661
362 8 21988 1 22354
363 91 53685 2 53992
364 51 18354 4 18833
365 65 19460 1 19618
366 98 74792 1 75421
367 9 26860 1 27075
368 91 24580 2 24884
369 50 54038 2 54645
370 75 46544 2 47043
371 43 77013 5 77160
372 8 25132 2 25455
373 66 16357 1 16516
374 34 36488 2 36738
375 36 44016 2 44481
376 7 19460 1 19707
377 91 17105 2 17375
378 26 13531 5 13577
379 52 12069 6 12572
380 53 37340 3 37860
381 44 7623 2 8055
382 75 72084 1 72368
383 88 71881 1 72681
384 52 68127 3 68167
385 42 11084 4 11142
386 91 59741 1 60370
387 14 9300 6 9765
388 11 2361 2 2410
389 91 41841 1 42268
390 91 47668 4 48298
391 17 51105 1 51713
392 91 43033 3 43204
393 15 60106 1 61352
394 43 42056 2 42515
395 91 62961 1 63012
396 75 68259 2 68420
397 31 40917 2 41396
398 6 4867 1 5431
399 55 58534 2 59228
400 40 28569 2 29462
401 6 65434 1 65693
402 75 76498 1 77037
403 25 40748 1 40817
404 44 11084 1 12318
405 15 71887 1 72429
406 6 15251 3 15988
407 66 60880 3 60952
408 37 64239 2 64871
409 66 36281 3 36374
410 8 22963 2 23562
411 74 15638 1 16243
412 91 4298 2 4614
413 38 10054 4 10317
414 25 53222 3 53455
415 11 75218 2 75787
416 14 16175 2 16708
417 15 56975 1 58542
418 73 11726 2 11846
419 87 18354 1 18912
420 63 5879 4 6374
421 37 60723 1 60895
422 26 66331 2 66398
423 9 58719 2 59173
424 68 30639 3 31177
425 15 25044 1 25500
426 6 52717 1 53084
427 5 67913 2 68071
428 37 22339 1 22780
429 20 20389 2 20566
430 66 56461 1 57180
431 91 2902 2 3046
432 66 47241 2 47802
433 26 56819 3 56889
434 91 17900 2 18240
435 91 67047 2 67727
436 65 25174 1 25858
437 87 72690 3 73356
438 25 32849 3 33131
439 36 3697 3 3960
440 68 30418 3 30480
441 87 3184 1 4650
442 15 12410 2 12476
443 81 30597 3 31336
444 90 52785 3 53038
445 68 56819 2 57264
446 44 56461 4 57113
447 6 35572 2 36048
448 11 31877 1 32201
449 11 36772 1 37345
450 52 76904 4 77343
451 63 43596 3 44185
452 66 62430 1 62926
453 63 7623 2 8088
454 25 4627 1 4717
455 54 34260 1 34809
456 15 19915 1 20474
457 66 33669 6 34314
458 14 36250 3 36660
459 80 21165 4 21793
460 52 4867 2 5553
461 79 60450 2 61115
462 53 10147 1 10196
463 49 76958 1 77444
464 63 76823 3 77560
465 85 37183 1 37250
466 4 30418 1 30595
467 46 38336 1 38853
468 73 64398 2 64586
469 18 59010 2 59541
470 10 25174 4 25476
471 74 57138 1 57529
472 5 67047 2 67137
473 53 75218 2 75468
474 91 74413 1 74554
475 34 59768 3 60243
476 66 34595 2 35011
477 15 66453 1 67831
478 50 59543 1 59905
479 13 29843 3 29908
480 20 47615 1 48055
481 46 35572 2 36036
482 35 51611 1 51677
483 68 49311 2 49680
484 85 21165 2 21416
485 91 32488 1 33292
486 85 26567 2 26938
487 89 2480 2 2772
488 52 6329 6 6780
489 20 33511 6 33680
490 17 60880 4 61191
491 92 36215 1 36729
492 52 19485 3 20120
493 75 15905 4 16938
494 64 56975 3 57569
495 11 17105 1 17948
496 37 59523 1 59658
497 50 5410 2 5599
498 98 77457 2 77901
499 15 24718 3 24971
500 15 23397 1 23557
501 15 70796 1 71009
502 75 47241 1 47768
503 63 5410 1 5555
504 69 38757 4 39137
505 37 66355 1 66537
506 68 59076 1 59518
507 68 71881 2 72252
508 66 3694 4 3733
509 15 70172 3 70480
510 26 22963 2 23145
511 25 58534 2 58971
512 15 22963 1 24434
513 13 37954 3 38059
514 44 74605 2 75019
515 88 76084 1 77295
516 55 17803 1 18544
517 94 70381 4 70481
518 13 52287 2 52365
519 56 61571 1 61909
520 1 62430 3 62484
521 44 64239 1 65047
522 7 63325 4 63545
523 10 33511 4 34246
524 66 26860 2 26919
525 37 3694 1 4813
526 25 51611 2 51941
527 91 68511 1 69201
528 63 42300 2 42810
529 44 67766 1 67971
530 37 1189 1 1379
531 75 51105 1 51465
532 58 77425 1 77457
533 56 59768 1 60128
534 98 54861 1 55409
535 11 59076 2 59768
536 63 38757 1 38809
537 4 20640 1 20867
538 1 51105 3 51275
539 50 30861 1 31086
540 58 54144 3 54522
541 25 20572 2 21133
542 13 19988 2 20316
543 36 59543 3 59958
544 66 77425 1 77855
545 98 6222 1 6317
546 7 53685 4 53860
547 6 36250 3 36561
548 75 37084 1 38364
549 30 41967 1 42153
550 81 64239 2 64854
551 11 9300 2 9404
552 15 71360 4 71887
553 66 56625 2 57028
554 44 76958 1 77013
555 37 37340 5 37623
556 74 59076 4 59777
557 11 33511 1 34145
558 91 68127 2 68580
559 70 48147 1 48557
560 8 76958 4 77685
561 9 33511 2 33542
562 53 10513 2 11121
563 26 75218 1 75609
564 91 40430 1 40816
565 37 6836 2 7623
566 6 20640 1 21335
567 88 72394 1 73017
568 88 7540 1 8219
569 40 52188 2 52361
570 15 6836 1 7540
571 91 16547 2 17417
572 4 25273 2 25528
573 79 53216 4 53397
574 4 36772 4 37340
575 37 45499 1 46246
576 40 68271 2 68371
577 40 47615 5 47818
578 74 4627 3 5024
579 91 69178 1 69891
580 75 27398 2 28400
581 25 19164 2 19372
582 14 14667 2 14850
583 11 44016 5 44166
584 15 8598 1 8970
585 10 70172 1 70484
586 50 28569 2 28727
587 91 65121 2 65348
588 88 48147 1 48929
589 61 4953 1 5582
590 44 29771 1 30233
591 15 76823 1 77414
592 26 41967 4 42136
593 40 40430 1 40964
594 20 16357 2 17015
595 13 42675 4 42800
596 20 48147 1 48606
597 48 41932 1 42571
598 41 47282 1 47740
599 36 27146 3 27424
600 73 31877 4 32186
601 36 16299 1 16423
602 5 3558 1 3895
603 91 19460 1 19871
604 88 1496 1 1916
605 58 59010 3 59094
606 58 52717 6 53170
607 98 52117 1 52721
608 87 44880 3 44983
609 75 35093 2 35819
610 98 45670 1 45870
611 75 11084 1 12020
612 38 19485 1 20225
613 68 34440 1 34843
614 25 46544 1 46944
615 35 54144 1 54680
616 41 77918 3 78026
617 11 22339 7 22913
618 91 36215 4 36772
619 55 22963 2 23586
620 74 52717 4 53161
621 9 5879 3 6447
622 85 40040 3 40520
623 87 50384 2 50442
624 87 70172 1 70997
625 4 439 1 1496
626 85 37183 3 37838
627 37 5524 1 5825
628 66 11872 1 12329
629 26 2480 6 2848
630 26 16175 1 16394
631 58 16357 3 16895
632 65 52717 3 52978
633 87 60450 1 60694
634 44 47228 2 47567
635 91 75218 3 75556
636 6 64398 2 64704
637 20 27486 5 27848
638 91 76258 1 76498
639 4 56625 2 56663
640 15 18354 3 18479
641 52 41932 1 42484
642 20 2112 4 2856
643 25 18354 4 18751
644 34 13531 1 13670
645 62 65490 2 66057
646 75 77013 3 77102
647 41 61571 4 62140
648 83 4456 1 5099
649 37 76958 1 77302
650 94 9300 3 9946
651 17 41732 1 42385
652 20 19493 3 19657
653 92 20389 1 20608
654 91 49311 2 49370
655 44 6836 2 7559
656 68 14064 1 14213
657 91 63001 3 63597
658 5 11084 2 11473
659 36 9300 3 9995
660 91 63597 2 64158
661 13 70800 2 71476
662 88 36561 1 36956
663 20 75708 1 76079
664 28 16424 3 17137
665 87 63001 1 63153
666 68 41932 2 42057
667 10 30418 2 30577
668 35 49731 2 50056
669 91 9300 1 9880
670 66 1496 1 1673
671 15 25875 2 26658
672 73 13531 1 13583
673 75 17821 1 17900
674 15 31877 2 32311
675 75 35572 3 36301
676 74 61571 3 62312
677 88 51105 1 51453
678 61 77483 2 77756
679 37 50378 1 50604
680 13 74413 1 74709
681 91 41732 1 42056
682 4 45120 1 45551
683 35 68847 2 69398
684 15 20138 1 20681
685 40 15320 1 16242
686 16 49702 1 49867
687 56 66668 1 67372
688 9 4813 2 5003
689 91 15251 1 15320
690 40 19460 1 19839
691 80 53222 5 53682
692 91 33511 2 34260
693 92 16050 5 16083
694 10 32269 3 32863
695 21 16175 4 16573
696 56 53216 1 53877
697 91 2361 1 2470
698 8 2614 1 3164
699 9 53685 2 54425
700 53 30597 3 30934
701 2 31877 2 32307
702 61 30056 2 30365
703 66 59741 2 60009
704 9 29922 3 30024
705 83 36058 1 36776
706 26 45499 1 45604
707 33 61613 4 62276
708 34 6222 1 6295
709 26 61314 2 61664
710 35 10147 4 10776
711 52 59768 4 59824
712 68 16446 3 16839
713 2 75218 1 75277
714 57 15251 1 15862
715 88 28576 1 28996
716 11 21988 4 22339
717 72 63356 2 63394
718 50 11084 2 11234
719 75 45499 1 46202
720 65 60168 1 60636
721 15 34260 3 34339
722 92 29177 5 29842
723 13 51774 2 51811
724 92 38757 4 39093
725 73 34260 1 34741
726 83 9300 1 9961
727 75 38336 2 38894
728 58 44350 1 44632
729 11 41125 2 41490
730 66 11084 1 11384
731 11 6222 1 6504
732 81 64398 1 65018
733 91 72882 1 73360
734 50 24278 1 24797
735 92 41932 3 42395
736 91 60880 1 61325
737 43 7540 1 8175
738 25 8598 2 8982
739 14 12337 1 13037
740 59 67047 2 67355
741 6 13531 3 14117
742 88 31877 1 31938
743 16 2112 3 2813
744 9 11084 2 11480
745 63 32464 3 32501
746 25 52717 1 53222
747 91 30418 1 30597
748 26 11465 3 11869
749 37 38757 1 38845
750 91 60831 1 61353
751 9 60463 2 60507
752 38 41967 3 42093
753 15 75764 1 75841
754 38 48634 2 49042
755 15 49522 2 49568
756 15 68847 2 68880
757 4 9300 3 9965
758 4 11084 1 11709
759 26 15611 6 16087
760 2 72098 2 72398
761 88 43596 1 43832
762 53 49702 1 50191
763 37 52717 1 52941
764 24 66095 2 66793
765 90 53216 1 53436
766 50 38336 1 38502
767 14 49311 1 49591
768 11 15251 1 15638
769 34 72918 1 73482
770 15 2693 1 4398
771 98 40430 2 40699
772 15 40040 1 40513
773 37 64398 1 64522
774 41 40917 1 41614
775 79 8744 1 8989
776 19 22963 1 23548
777 87 77549 1 78066
778 91 53829 2 54613
779 87 38336 1 38767
780 5 6222 1 6308
781 91 77565 3 77612
782 15 40040 1 40748
783 4 15611 2 16320
784 72 77013 1 77561
785 66 12069 4 12359
786 52 47668 1 48293
787 56 67582 1 68123
788 40 65121 1 65215
789 75 14064 1 14218
790 34 9300 3 9630
791 85 65508 2 65629
792 88 37084 2 37360
793 85 16050 4 16473
794 36 1839 1 2235
795 91 34903 3 36130
796 55 68127 2 68358
797 87 21165 2 21680
798 4 62430 2 63001
799 91 17803 1 18290
800 30 19164 2 19738
801 43 22339 6 23009
802 75 74413 2 74958
803 59 66095 4 66217
804 18 16446 1 16634
805 25 37183 2 37336
806 22 30418 2 30607
807 75 34440 5 35093
808 6 77565 2 78300
809 37 10119 5 10257
810 14 47282 6 47480
811 42 71370 1 71868
812 15 42512 4 43448
813 91 44892 1 45043
814 6 2112 1 3051
815 15 64239 1 64730
816 91 37793 4 38336
817 73 51105 1 51379
818 22 20548 1 20708
819 58 58719 1 58839
820 79 31877 1 32264
821 88 63915 1 64218
822 7 72623 3 72779
823 37 23773 3 24314
824 91 8744 2 9032
825 30 34595 2 34864
826 40 14106 2 15092
827 63 40748 1 41263
828 85 33511 2 33533
829 73 17900 2 18471
830 97 71360 2 71538
831 4 64398 3 65520
832 14 63325 2 63605
833 87 51611 2 52262
834 91 11872 3 11990
835 66 44406 1 44809
836 88 72669 1 73251
837 25 13531 3 13757
838 37 56387 3 56532
839 58 34595 6 35193
840 87 11084 3 11567
841 37 20395 5 20527
842 25 54038 3 54498
843 87 51105 3 51298
844 58 19988 2 20657
845 88 6529 2 7076
846 12 9300 2 9820
847 71 42095 2 42812
848 72 30597 2 30859
849 88 21165 2 21440
850 75 50378 2 51089
851 4 23557 5 24099
852 32 50384 1 50672
853 9 61861 1 62416
854 88 67913 1 68363
855 75 5879 1 6625
856 9 20196 3 20267
857 79 43033 2 43375
858 25 65121 1 66470
859 97 76342 1 76530
860 22 48334 1 48693
861 9 2361 2 2473
862 85 25174 2 25708
863 25 16175 1 16889
864 26 54858 2 55059
865 40 35572 1 36405
866 98 76958 1 77013
867 88 49494 3 49781
868 66 15905 3 16313
869 87 14064 1 14358
870 66 68847 5 68964
871 20 41967 5 42672
872 88 66095 1 66225
873 66 15638 2 16329
874 1 61314 6 61747
875 91 54613 2 55292
876 88 75218 1 75630
877 61 45670 1 46072
878 10 35345 4 35751
879 66 61780 1 62402
880 5 30418 1 30843
881 34 32269 1 32654
882 66 9300 6 9483
883 75 30418 2 30650
884 24 56387 2 57028
885 91 49494 2 49769
886 9 28569 1 28841
887 88 17803 2 17938
888 89 48147 1 48783
889 7 56461 3 56831
890 91 1839 4 2209
891 4 76904 1 77670
892 91 27590 1 27934
893 5 2112 2 2843
894 43 53222 6 53566
895 4 77483 2 77892
896 4 67073 1 67473
897 91 61780 1 62238
898 11 8598 2 8747
899 75 29955 2 30128
900 75 19460 1 20231
901 87 59010 3 59506
902 44 65876 2 66355
903 15 16511 1 17195
904 91 30639 2 30682
905 2 78665 3 79179
906 39 36250 3 36386
907 58 32311 3 32380
908 26 75218 3 75877
909 25 12337 2 12423
910 44 77483 2 78140
911 50 34903 2 34997
912 87 38845 1 39218
913 40 27502 2 27805
914 9 34595 2 34807
915 36 41932 2 42041
916 15 10119 2 10147
917 4 30056 1 30405
918 66 24580 1 25269
919 97 66355 1 66697
920 44 63091 3 63415
921 88 57138 2 57276
922 4 38987 1 40469
923 57 6222 1 6456
924 66 7540 2 7820
925 37 41551 2 41674
926 44 51176 1 51426
927 53 57159 1 57187
928 37 8744 1 9003
929 15 51611 1 51752
930 11 20296 1 20989
931 75 30861 4 31434
932 41 76342 6 76458
933 75 16938 1 17821
934 75 41551 4 42049
935 75 66095 1 67169
936 35 75218 3 75638
937 66 27146 2 27590
938 20 37793 2 38155
939 8 21165 4 21594
940 1 73229 4 73524
941 23 27590 2 27779
942 15 68511 1 68644
943 7 30597 2 30701
944 20 68511 1 68553
945 75 59010 5 59535
946 66 7623 2 8088
947 14 22339 3 22794
948 57 65121 1 65218
949 61 25121 1 25560
950 63 1189 4 1387
951 26 54858 1 55274
952 20 43666 2 44150
953 56 30418 1 30802
954 75 60880 1 61506
955 66 52188 3 52289
956 88 63473 2 63830
957 88 2902 3 3021
958 63 40040 1 40477
959 35 63001 3 63327
960 75 54038 3 54267
961 56 71887 1 72003
962 41 22339 5 22389
963 35 19164 2 19524
964 11 3120 1 3753
965 58 49731 4 50417
966 25 26860 1 27621
967 75 51611 5 51823
968 15 38905 1 39545
969 22 3558 5 4185
970 73 75218 2 75674
971 2 20296 1 20989
972 11 62430 2 63136
973 98 47768 2 48346
974 14 44350 2 44457
975 91 15320 3 16050
976 66 30597 2 30888
977 89 16511 4 16718
978 6 575 1 1086
979 14 58651 3 59005
980 63 63001 3 63633
981 40 3201 4 3296
982 30 21988 1 22426
983 4 65121 2 65504
984 74 56663 3 57118
985 91 18290 6 18844
986 58 57159 2 57671
987 15 29173 1 29843
988 75 12069 1 12362
989 60 59076 4 59411
990 11 69178 3 69558
991 88 56217 1 57011
992 9 10147 1 10861
993 4 63597 1 63895
994 92 31521 5 31563
995 14 25273 3 25955
996 5 59543 1 60097
997 37 33603 5 34115
998 22 33511 1 33634
999 8 69178 1 69813
1000 88 19460 2 19727
1001 64 36401 1 37112
1002 89 3201 3 3260
1003 9 2480 1 2674
1004 91 38757 1 39390
1005 74 65791 2 66025
1006 25 37084 1 37942
1007 50 60831 1 61176
1008 39 34595 2 34810
1009 87 27522 2 28041
1010 88 74775 1 76084
1011 56 77483 1 78033
1012 41 40040 1 40242
1013 97 3046 3 3295
1014 6 18354 1 18505
1015 75 65121 2 65434
1016 4 73229 4 73793
1017 52 15300 6 15982
1018 85 45499 2 45636
1019 9 46544 1 47122
1020 87 20389 2 20491
1021 88 59076 3 59746
1022 44 12410 1 12878
1023 26 50384 1 50764
1024 6 65121 2 65383
1025 10 58719 3 58893
1026 38 40430 1 41026
1027 11 562 3 623
1028 85 63049 2 63201
1029 97 33866 2 34384
1030 22 36488 4 36804
1031 91 54038 1 54517
1032 10 77537 3 77588
1033 91 24278 3 24775
1034 88 47732 2 47956
1035 25 60106 1 60463
1036 44 73229 1 73435
1037 91 69585 1 70172
1038 10 63325 2 63808
1039 87 2361 2 2424
1040 58 20548 2 20971
1041 37 25181 1 25315
1042 37 47228 2 47941
1043 91 24278 2 24531
1044 88 60740 1 60933
1045 44 61522 2 62144
1046 34 66470 2 67201
1047 15 63356 3 64079
1048 40 59741 4 60093
1049 74 19915 4 20434
1050 94 36215 2 36766
1051 74 25174 3 25770
1052 88 69585 2 70024
1053 69 54974 4 55424
1054 1 41967 1 42168
1055 55 19460 2 20144
1056 11 1107 6 1816
1057 75 25599 6 25676
1058 1 54613 2 55023
1059 73 67047 1 67537
1060 14 64398 1 65029
1061 91 5410 2 5524
1062 15 58719 1 60507
1063 15 48846 2 49702
1064 43 65121 6 65603
1065 58 50582 3 51105
1066 36 46544 3 47025
1067 8 70381 1 70954
1068 40 13531 4 14106
1069 87 17803 1 18354
1070 24 44016 1 44626
1071 15 50339 4 50495
1072 44 52188 4 52604
1073 8 65121 1 65629
1074 4 74661 1 75218
1075 91 28038 2 28504
1076 91 19988 3 20104
1077 35 14106 1 14324
1078 91 30418 1 31082
1079 37 17900 3 17936
1080 85 67073 3 67793
1081 4 51954 4 52117
1082 66 25132 1 25300
1083 8 72239 2 72820
1084 91 3602 1 4313
1085 10 54858 2 55371
1086 11 43033 3 43838
1087 44 27590 3 28038
1088 52 27446 2 27960
1089 19 4953 2 5448
1090 5 3201 2 3263
1091 91 69178 1 69833
1092 44 22908 1 23248
1093 2 47147 8 47667
1094 80 9300 6 9926
1095 95 21165 1 21736
1096 73 12410 2 12739
1097 14 35345 5 35705
1098 75 12020 2 12318
1099 91 30861 1 31453
1100 4 58651 1 59207
1101 91 5879 5 6329
1102 15 3979 1 4563
1103 40 8598 2 8927
1104 63 52287 1 52859
1105 37 52785 1 53377
1106 37 3979 2 4420
1107 75 33511 1 33864
1108 25 12020 2 12337
1109 88 439 1 970
1110 36 36281 2 36969
1111 2 3979 7 4553
1112 40 54613 1 55349
1113 91 53769 1 54346
1114 57 20389 1 20956
1115 40 21165 1 21494
1116 20 48730 2 49420
1117 34 30418 1 30874
1118 75 45296 1 46356
1119 15 58534 2 59416
1120 58 46544 4 47198
1121 92 50378 2 51022
1122 75 25174 4 25293
1123 68 34595 1 35012
1124 4 22963 1 23514
1125 91 3201 3 3293
1126 87 76904 3 77093
1127 82 25181 3 25505
1128 37 52117 3 52785
1129 6 52117 3 52337
1130 4 71360 2 72084
1131 91 53222 1 53497
1132 95 77549 4 77875
1133 65 53402 2 54037
1134 66 71881 1 72016
1135 8 33511 1 33633
1136 63 14822 4 15568
1137 53 16446 3 16612
1138 88 74605 2 74775
1139 25 7796 2 8339
1140 53 4867 1 5615
1141 91 12069 1 12403
1142 91 27590 1 28569
1143 68 28576 5 29235
1144 89 3558 3 4072
1145 15 4456 1 4992
1146 15 36215 1 36834
1147 74 30861 1 30984
1148 81 35093 1 35809
1149 91 23141 6 23804
1150 68 28576 1 28866
1151 87 78057 1 78275
1152 8 17803 1 18247
1153 11 68657 3 69178
1154 85 66453 3 66674
1155 11 22963 1 25590
1156 44 3602 3 4298
1157 98 3046 2 3410
1158 25 9300 1 9844
1159 88 36215 1 36316
1160 11 23804 3 23840
1161 25 56387 1 56422
1162 25 11872 1 12079
1163 88 68511 2 69585
1164 15 2112 1 2693
1165 15 29173 1 29858
1166 68 20640 4 21106
1167 7 25599 1 25686
1168 15 37958 1 38757
1169 57 3990 1 4658
1170 15 5879 1 6345
1171 52 46544 3 46727
1172 32 23397 1 23990
1173 50 17196 2 17805
1174 87 10339 1 10629
1175 44 65774 1 65876
1176 4 21165 1 21422
1177 4 26567 1 26710
1178 58 20296 3 20360
1179 91 32653 1 33511
1180 37 76958 1 77226
1181 92 14064 1 14273
1182 61 22339 1 22601
1183 59 16511 6 16786
1184 61 27398 4 28009
1185 20 15611 1 15884
1186 74 31088 4 31630
1187 88 23397 2 23773
1188 97 32554 1 32647
1189 43 74605 4 75213
1190 91 60772 1 61678
1191 75 0 1 562
1192 91 19164 2 19485
1193 84 43666 2 43874
1194 89 25181 4 25882
1195 74 30861 1 31450
1196 9 32269 1 32740
1197 85 45120 2 45845
1198 66 47668 3 47721
1199 34 38336 2 38758
1200 66 49397 2 49580
1201 41 75019 4 75165
1202 39 67073 2 67251
1203 26 63356 1 63585
1204 10 34440 3 34631
1205 52 67744 3 68020
1206 33 11084 3 11777
1207 15 4456 1 5171
1208 25 4953 1 7796
1209 13 25174 4 25588
1210 91 43448 2 43719
1211 63 16511 3 17208
1212 4 47668 2 48024
1213 9 24278 2 24488
1214 66 9803 3 10231
1215 73 27502 1 27624
1216 25 33511 2 34243
1217 58 4813 2 5215
1218 50 41732 1 42387
1219 11 35572 1 36168
1220 4 29333 1 30056
1221 64 68127 1 68826
1222 50 78665 2 79162
1223 34 43033 2 43287
1224 15 34817 1 35345
1225 13 78665 2 78953
1226 15 45670 1 45921
1227 65 42300 1 42632
1228 61 53222 2 53298
1229 60 78665 1 79297
1230 11 19164 2 19258
1231 66 41275 3 41323
1232 11 36215 3 36734
1233 87 1107 1 1167
1234 91 47282 2 47877
1235 8 11084 1 11456
1236 44 0 1 624
1237 44 59543 1 60111
1238 52 20296 3 20748
1239 85 53222 2 53950
1240 43 19493 1 19606
1241 91 15166 2 15731
1242 53 30993 1 31531
1243 29 61613 3 61935
1244 88 24278 1 25773
1245 68 66231 4 66647
1246 11 20043 1 20773
1247 94 14667 3 15269
1248 15 16357 2 17196
1249 25 53685 1 54258
1250 52 74764 2 75438
1251 75 13531 3 14064
1252 40 20138 1 20948
1253 36 4456 1 4865
1254 37 40469 2 41220
1255 52 49494 2 49719
1256 44 4298 2 4456
1257 34 52117 1 52177
1258 4 38336 2 38882
1259 15 41125 1 41841
1260 60 21165 8 21677
1261 89 4051 1 4170
1262 5 24528 2 24751
1263 26 32269 2 32579
1264 74 77425 2 78165
1265 5 28576 1 29284
1266 93 1189 1 1630
1267 50 19460 1 19712
1268 84 65121 5 65232
1269 15 70482 2 70798
1270 87 33511 1 33818
1271 29 30418 2 30527
1272 25 21988 4 22269
1273 44 37954 3 38402
1274 37 66691 2 67379
1275 15 16175 1 16431
1276 15 33511 3 33669
1277 11 25174 3 25232
1278 88 20395 1 20994
1279 44 68127 3 68511
1280 75 41275 1 41839
1281 37 44406 2 45120
1282 64 29173 1 29518
1283 91 78665 1 79099
1284 44 66691 3 66804
1285 44 68598 3 68945
1286 88 13531 2 13732
1287 68 33511 6 33977
1288 68 59012 4 59382
1289 85 15300 1 15789
1290 15 8744 2 8967
1291 88 4456 1 5065
1292 74 23557 5 24294
1293 91 7796 2 8341
1294 5 34260 1 34785
1295 8 63001 2 63653
1296 15 562 1 595
1297 58 69178 1 69424
1298 11 74661 4 75001
1299 11 22963 4 23263
1300 14 72690 5 73401
1301 37 39545 3 40068
1302 66 22963 4 23133
1303 20 49397 2 49419
1304 25 29333 2 29883
1305 69 17196 1 17378
1306 2 36058 6 36421
1307 58 27522 5 27967
1308 88 58399 2 58719
1309 46 5879 2 6594
1310 50 53222 2 53810
1311 49 30597 1 31005
1312 88 53402 2 54076
1313 75 11872 3 11908
1314 91 49311 4 49562
1315 86 3201 2 3275
1316 37 27502 1 28290
1317 87 2480 3 2694
1318 33 5410 2 5604
1319 43 55355 5 55521
1320 7 48147 2 48577
1321 65 65121 1 65433
1322 13 41551 4 41832
1323 19 19460 1 20181
1324 4 77537 1 77749
1325 66 63325 4 63641
1326 61 4456 1 4985
1327 40 9300 1 9676
1328 25 75708 1 75813
1329 35 63356 4 63588
1330 87 28576 2 29136
1331 91 45769 1 46188
1332 88 11133 1 11465
1333 2 51105 1 51816
1334 25 49927 2 50605
1335 85 60880 3 61031
1336 87 26567 3 27068
1337 15 20681 1 20968
1338 15 48147 1 48301
1339 43 9300 1 9493
1340 14 63703 1 63925
1341 8 11990 5 12195
1342 51 36772 3 37505
1343 87 47241 2 47930
1344 88 37954 1 38056
1345 37 46544 1 47217
1346 14 53222 2 53502
1347 2 52117 2 52403
1348 4 7540 1 8971
1349 63 67794 2 67872
1350 11 40040 1 40496
1351 75 70172 1 72324
1352 43 19988 1 20696
1353 14 48846 4 49395
1354 61 57138 1 57569
1355 4 6328 1 6688
1356 75 32269 3 32643
1357 52 17803 1 18372
1358 97 49311 2 49927
1359 11 75785 2 76374
1360 73 20548 1 20952
1361 91 22529 2 23141
1362 66 72084 4 72646
1363 75 47147 1 47241
1364 66 19164 4 19245
1365 44 32464 1 34512
1366 37 44016 1 44093
1367 91 63325 2 63882
1368 37 44892 1 45048
1369 66 47615 1 47645
1370 44 18354 1 18410
1371 66 40040 1 40705
1372 26 44016 4 44640
1373 25 5767 1 6147
1374 58 60463 2 60937
1375 38 27590 8 28071
1376 9 18354 3 18599
1377 36 38757 1 39369
1378 91 439 1 611
1379 53 77457 3 78199
1380 36 72690 1 73208
1381 75 23397 5 23807
1382 44 25174 1 25802
1383 6 41551 1 42008
1384 88 61314 1 61626
1385 58 65791 1 66084
1386 11 9803 3 10493
1387 87 9300 1 9976
1388 34 73512 1 74231
1389 91 42300 1 42450
1390 58 53402 3 54068
1391 37 29883 2 30592
1392 28 42056 2 42199
1393 44 30861 1 31493
1394 57 27522 1 27587
1395 25 25174 2 26033
1396 91 4867 1 5410
1397 74 63473 1 63652
1398 66 26567 2 26846
1399 25 32201 3 32849
1400 15 77013 1 77411
1401 52 22908 2 23165
1402 88 44880 2 45510
1403 15 64239 1 65037
1404 25 2614 3 3351
1405 4 3184 2 3979
1406 41 62961 4 63333
1407 25 39545 2 39746
1408 80 77483 1 77909
1409 85 12069 1 12578
1410 91 62430 1 62903
1411 52 22339 1 22997
1412 4 40507 1 41275
1413 66 26860 3 27346
1414 4 49311 2 49441
1415 15 54442 1 55077
1416 75 53222 4 53269
1417 91 67766 2 68005
1418 91 30597 3 30698
1419 94 25174 3 25211
1420 9 14064 3 14286
1421 5 68847 1 69210
1422 4 49311 1 49889
1423 11 53222 1 53273
1424 36 22339 3 22679
1425 51 10119 2 10192
1426 87 76904 1 77425
1427 58 53896 4 54264
1428 63 9300 4 9340
1429 66 29922 6 30636
1430 87 24718 2 25363
1431 4 36431 1 36619
1432 4 24278 3 24531
1433 36 14258 1 14496
1434 88 8598 1 9194
1435 65 66549 3 67003
1436 11 45341 2 46096
1437 26 4456 1 5027
1438 74 33511 3 33800
1439 43 46544 5 46628
1440 52 3558 5 4202
1441 50 22339 1 22646
1442 37 32269 1 33355
1443 69 67073 4 67389
1444 75 53769 1 54038
1445 34 40040 1 40770
1446 91 39545 4 40073
1447 91 14667 1 14737
1448 23 38757 2 39304
1449 37 45670 3 46284
1450 98 15320 1 15758
1451 15 0 3 139
1452 37 68511 3 68837
1453 15 24580 2 24775
1454 9 59523 1 59586
1455 88 49311 1 49494
1456 11 0 2 53
1457 5 56819 2 57032
1458 68 54858 1 54895
1459 80 63554 3 63927
1460 35 11084 4 11232
1461 15 65121 3 65446
1462 58 47228 1 47825
1463 11 64239 1 65791
1464 31 40469 2 40621
1465 36 36250 2 36271
1466 37 15905 1 16631
1467 91 47228 2 47414
1468 69 56461 4 56898
1469 15 13579 1 14058
1470 66 69585 3 69870
1471 34 20389 2 21038
1472 10 45268 2 45920
1473 42 63597 4 63760
1474 20 56819 1 56884
1475 15 47818 3 48468
1476 88 63356 1 63929
1477 27 34595 2 34771
1478 89 68845 1 68879
1479 11 63703 2 64239
1480 52 63001 2 63467
1481 4 24278 3 24530
1482 66 37958 3 38034
1483 40 11084 1 11184
1484 26 19988 6 20389
1485 10 15611 4 15852
1486 37 70796 1 71017
1487 8 53769 3 54175
1488 83 41551 1 41854
1489 26 37084 1 37678
1490 63 35345 3 35972
1491 20 61571 4 61986
1492 7 10147 4 10390
1493 15 75339 1 76342
1494 11 70172 3 70761
1495 73 23141 2 23509
1496 40 53222 2 53278
1497 37 60106 2 60282
1498 43 34260 2 34875
1499 39 77102 4 77366
1500 15 21988 3 22125
1501 7 59076 1 59207
1502 75 52117 1 52257
1503 92 46544 2 46667
1504 3 60831 1 61355
1505 11 9300 1 10531
1506 14 74413 6 74591
1507 15 61522 4 61571
1508 36 29955 3 30491
1509 84 30861 3 31123
1510 75 37340 1 37979
1511 5 16175 2 16409
1512 44 34595 2 35201
1513 1 35345 1 36021
1514 98 25181 2 25689
1515 31 51611 4 51692
1516 25 31877 2 32375
1517 37 17936 1 18049
1518 43 45499 6 46103
1519 88 9726 2 9869
1520 44 3046 1 3602
1521 6 74413 1 74997
1522 15 49731 2 50339
1523 25 68511 1 68717
1524 91 6222 1 6398
1525 37 77425 2 77883
1526 37 45120 2 45187
1527 6 11084 2 11267
1528 58 74605 1 75147
1529 16 63473 1 63694
1530 87 1300 2 1977
1531 37 25599 3 26156
1532 40 30418 2 30439
1533 11 63001 2 63199
1534 4 30861 2 31521
1535 65 43666 3 44388
1536 75 77565 2 77910
1537 14 13531 5 14044
1538 58 16946 2 17012
1539 19 67744 1 67810
1540 7 17803 1 18232
1541 4 6329 1 6784
1542 74 27502 4 27754
1543 44 54861 4 54909
1544 36 25599 5 26118
1545 92 31877 1 32162
1546 26 4627 4 4758
1547 10 0 1 109
1548 11 23397 1 23554
1549 51 48730 3 49158
1550 91 31877 2 32402
1551 73 42512 1 43105
1552 13 30418 1 30643
1553 81 2614 2 3258
1554 13 66691 1 66826
1555 4 56819 4 57243
1556 56 54076 1 54374
1557 75 68511 1 68674
1558 75 14667 2 15327
1559 4 30861 6 31354
1560 48 59012 2 59736
1561 81 54974 3 55627
1562 85 60772 2 60854
1563 15 26710 1 27024
1564 11 56387 1 57009
1565 92 60880 3 60907
1566 85 15688 1 15818
1567 92 68511 2 69017
1568 25 61780 1 62608
1569 50 56819 2 57392
1570 75 64081 1 64432
1571 8 30861 1 31266
1572 83 15688 1 16175
1573 9 20296 2 20477
1574 12 44350 1 44603
1575 53 68234 3 68370
1576 5 77226 1 77268
1577 24 77013 1 77508
1578 36 54613 5 55057
1579 88 77295 1 78709
1580 17 64398 1 65008
1581 63 71881 1 72103
1582 66 28038 3 28657
1583 66 66095 6 66713
1584 6 4298 1 4634
1585 35 20296 2 20872
1586 2 31877 2 32015
1587 65 51611 1 52119
1588 43 24528 5 24933
1589 66 60740 2 61388
1590 11 67766 1 68657
1591 88 32464 2 33063
1592 74 44880 3 45108
1593 44 41841 1 42743
1594 91 59010 1 59707
1595 10 76958 2 77474
1596 85 41967 2 42274
1597 88 71360 1 71881
1598 17 16511 3 16879
1599 43 63049 4 63665
1600 92 5767 3 6183
1601 13 55619 2 55795
1602 88 4867 1 5599
1603 68 29922 2 30428
1604 31 51611 4 51671
1605 91 14667 3 15251
1606 63 55619 4 55840
1607 52 16175 4 16463
1608 75 2480 2 2875
1609 10 48730 2 48974
1610 50 65121 1 65392
1611 91 3558 1 3697
1612 43 21165 2 21744
1613 44 52618 1 52943
1614 74 32554 2 33281
1615 87 50384 2 50582
1616 17 16511 4 16795
1617 91 47615 2 48088
1618 40 32269 3 32794
1619 83 73229 1 73284
1620 75 26860 1 27345
1621 7 2112 2 2682
1622 37 34260 2 34361
1623 34 63001 1 63513
1624 20 65121 2 65185
1625 91 19460 1 20214
1626 26 36594 1 37128
1627 50 38757 1 39215
1628 25 439 2 575
1629 1 55029 3 55772
1630 9 27146 1 27808
1631 91 9300 3 9963
1632 20 60831 3 61100
1633 79 17803 2 18115
1634 4 44278 1 44406
1635 91 36488 2 36869
1636 54 73229 1 73321
1637 37 73156 1 73839
1638 37 11872 1 12530
1639 94 52262 3 52705
1640 15 24971 2 25045
1641 17 77565 4 77744
1642 87 63756 1 64469
1643 63 76258 1 76746
1644 26 575 2 1132
1645 85 3558 1 3756
1646 37 51105 3 51669
1647 10 31088 3 31751
1648 33 72918 3 73332
1649 22 53222 3 53922
1650 91 27522 1 27587
1651 63 24528 3 24558
1652 9 36250 2 36462
1653 88 28576 1 30081
1654 11 63325 3 63568
1655 83 16511 1 16620
1656 75 59012 2 59427
1657 91 30597 1 30715
1658 91 76958 1 77384
1659 75 23807 2 24112
1660 25 27146 2 27344
1661 79 65666 2 65804
1662 22 61571 2 61953
1663 11 67073 3 67182
1664 64 25273 1 25862
1665 27 3979 1 4659
1666 39 21988 4 22417
1667 38 22339 1 23004
1668 15 76904 2 76995
1669 44 17900 1 18620
1670 8 43666 1 44337
1671 91 38336 1 39560
1672 15 14258 2 14822
1673 87 19460 4 20105
1674 35 78665 2 79398
1675 44 68271 1 68460
1676 14 63962 1 64217
1677 91 74413 2 74764
1678 87 50582 2 51087
1679 68 30418 1 30506
1680 40 43596 2 44182
1681 2 30597 7 31341
1682 8 49311 1 49948
1683 6 47147 2 47478
1684 24 41967 3 42080
1685 9 63325 2 63913
1686 58 17196 2 17891
1687 8 24528 1 24803
1688 57 66470 1 66679
1689 91 27486 2 27968
1690 68 72690 1 73388
1691 4 24580 1 25273
1692 77 60648 1 61036
1693 83 38757 1 38997
1694 50 22963 1 23316
1695 88 21422 1 21857
1696 88 7540 1 8949
1697 15 13531 1 13819
1698 63 53222 3 53343
1699 66 15251 3 15454
1700 44 41967 1 42273
1701 24 60450 1 61198
1702 75 31521 2 32213
1703 89 21988 2 22281
1704 85 36058 1 36733
1705 57 76342 1 76635
1706 91 75764 3 76258
1707 43 48147 6 48610
1708 15 45268 1 46159
1709 11 25776 3 25935
1710 91 3697 2 3752
1711 91 62430 1 63015
1712 4 49494 3 49665
1713 91 17417 2 17480
1714 53 49311 3 49436
1715 63 49311 5 49781
1716 64 30418 1 30659
1717 7 16424 1 16849
1718 10 27502 4 27817
1719 15 23397 2 23854
1720 14 49494 3 49716
1721 6 39545 1 39659
1722 51 59523 1 59632
1723 15 47668 3 47767
1724 63 20389 3 20611
1725 87 72394 2 72690
1726 75 40040 3 40443
1727 10 11084 1 11254
1728 25 28576 3 29046
1729 5 21988 1 22335
1730 68 77457 3 77788
1731 26 4298 1 4533
1732 92 6222 1 6521
1733 88 70172 1 70323
1734 26 59076 2 59593
1735 88 44016 1 44116
1736 1 34260 3 34678
1737 20 58651 4 58855
1738 75 49397 2 49731
1739 51 7796 1 8348
1740 91 64239 3 64398
1741 75 63703 1 64081
1742 24 65121 3 65218
1743 4 11726 1 12826
1744 1 63001 1 63095
1745 37 15251 3 15786
1746 44 51611 3 51723
1747 91 40430 1 44765
1748 91 48730 1 49854
1749 91 24580 1 24741
1750 75 77102 1 79750
1751 62 26710 1 27165
1752 25 59543 3 60243
1753 85 47668 1 48258
1754 16 46544 6 46754
1755 89 54038 4 54786
1756 5 41932 2 41955
1757 33 68845 4 69322
1758 60 3184 1 3479
1759 91 72623 1 73156
1760 44 9300 1 9766
1761 25 40040 1 40494
1762 26 45551 4 45996
1763 44 47615 1 48147
1764 15 60463 1 60711
1765 91 52618 1 53668
1766 15 21317 2 21988
1767 25 45499 3 45628
1768 75 41125 5 41460
1769 68 59012 2 59734
1770 14 19460 4 19774
1771 37 49311 3 49589
1772 75 1839 2 2177
1773 75 47768 2 48502
1774 4 38336 1 38493
1775 24 61314 3 61682
1776 37 53402 1 53896
1777 2 562 1 599
1778 59 73249 1 73495
1779 92 58534 4 58997
1780 37 19915 5 20395
1781 27 16050 1 16658
1782 1 47668 2 48329
1783 63 30861 5 31183
1784 75 72394 1 72727
1785 52 56819 1 56840
1786 21 41551 1 42153
1787 68 29333 2 29945
1788 44 9300 2 9803
1789 75 16175 1 16749
1790 44 66355 1 67047
1791 75 21988 1 22049
1792 26 67913 1 68068
1793 34 41551 2 42140
1794 44 60111 1 60875
1795 85 54076 2 54450
1796 41 51176 4 51441
1797 6 33511 1 34121
1798 91 63756 2 63915
1799 14 54613 2 55218
1800 9 50384 1 51019
1801 91 37340 1 37951
1802 40 69585 4 69956
1803 43 4813 1 5225
1804 15 30418 3 31088
1805 73 22339 1 22851
1806 57 7540 1 7751
1807 73 35572 3 36299
1808 20 48576 1 48612
1809 85 20296 2 20682
1810 75 70323 1 70838
1811 88 73229 1 73271
1812 37 68312 1 69676
1813 5 3979 1 4476
1814 9 40040 2 40692
1815 11 42300 1 42945
1816 31 63411 1 64099
1817 60 11872 8 11943
1818 86 21165 3 21527
1819 95 575 4 1084
1820 16 12069 2 12445
1821 11 5410 2 5562
1822 69 77425 2 78140
1823 11 21165 3 21790
1824 44 78665 1 79178
1825 5 52117 1 52842
1826 4 17105 4 17784
1827 61 15251 3 15649
1828 50 68511 1 68633
1829 57 28576 1 28836
1830 88 5524 2 5787
1831 91 61613 2 61942
1832 18 70172 5 70441
1833 87 54613 1 55342
1834 58 50495 6 50556
1835 91 3697 2 3756
1836 85 49311 4 49788
1837 87 70997 1 71832
1838 22 53769 1 54076
1839 91 51105 1 51774
1840 88 20395 1 20876
1841 44 67047 2 67582
1842 91 47282 1 47363
1843 88 12069 1 12342
1844 69 30418 3 31075
1845 26 3752 2 4057
1846 37 22339 4 22908
1847 66 2693 3 3414
1848 9 22963 1 23241
1849 50 76904 1 77038
1850 4 51611 2 51954
1851 15 2112 3 2785
1852 26 13579 6 13692
1853 43 21422 2 22144
1854 91 71496 1 72246
1855 25 33511 1 34093
1856 75 55619 4 55796
1857 53 38839 2 39263
1858 2 66336 1 67044
1859 4 14058 5 14262
1860 63 31521 3 32232
1861 37 67913 2 68353
1862 25 43774 4 44367
1863 85 27749 3 28349
1864 6 45341 5 45469
1865 44 38336 1 39029
1866 91 14612 2 15127
1867 91 66231 2 66886
1868 98 45187 1 45286
1869 35 29333 1 29402
1870 88 51611 1 51645
1871 40 12069 1 13873
1872 74 45187 1 45350
1873 4 77922 1 78057
1874 50 36250 1 36740
1875 5 41551 1 41833
1876 92 75019 4 75216
1877 74 65508 5 65537
1878 52 60880 3 61447
1879 6 42056 1 42391
1880 39 48147 5 48703
1881 1 70796 7 70960
1882 98 16050 1 16436
1883 37 49702 2 50704
1884 25 22339 1 25141
1885 66 63356 1 63574
1886 37 7623 1 8047
1887 15 11726 2 12163
1888 11 6836 2 7546
1889 66 59543 3 59681
1890 4 17803 5 17916
1891 87 23397 1 23727
1892 37 56217 3 56962
1893 91 59523 2 60106
1894 68 69191 1 69254
1895 29 43596 1 43856
1896 42 33603 4 33707
1897 15 9300 1 9766
1898 15 23728 1 24501
1899 11 41551 1 42246
1900 58 60831 3 61221
1901 25 49702 1 51717
1902 44 63554 4 64053
1903 41 21988 5 22102
1904 28 1839 2 2271
1905 34 26860 2 27313
1906 58 46544 3 46763
1907 4 58719 1 59543
1908 37 54038 1 54064
1909 73 52117 1 52257
1910 66 25181 4 25860
1911 26 77483 1 77540
1912 26 33866 1 34173
1913 91 21492 2 23074
1914 43 32464 5 33011
1915 37 19460 2 19915
1916 66 34595 3 35273
1917 20 48730 3 48754
1918 92 12069 1 12438
1919 50 34260 1 34828
1920 91 43666 2 44665
1921 35 37793 1 38403
1922 85 58534 3 59166
1923 88 11465 1 11832
1924 25 43033 1 43774
1925 25 61411 1 61543
1926 10 29173 4 29639
1927 98 63049 1 63405
1928 91 4051 1 4169
1929 44 48147 2 48879
1930 66 39545 4 40174
1931 63 41551 1 42168
1932 98 66549 1 66718
1933 8 35572 3 35977
1934 94 32269 1 32845
1935 26 56625 1 56778
1936 54 2112 1 2410
1937 57 8598 1 8773
1938 20 37340 2 37724
1939 26 22339 5 22710
1940 26 73156 2 73192
1941 91 36058 1 36488
1942 58 30597 2 31264
1943 87 22339 1 22531
1944 87 9300 1 9385
1945 25 30861 3 31582
1946 8 20389 4 20770
1947 9 19164 1 19231
1948 17 11084 3 11195
1949 63 15638 3 16131
1950 63 48634 1 48917
1951 46 19915 3 20592
1952 26 75764 2 75924
1953 4 38757 1 38987
1954 35 22339 2 22561
1955 91 0 2 587
1956 34 53222 2 53891
1957 25 70381 1 71003
1958 92 41551 1 41900
1959 74 16511 3 16797
1960 52 40507 1 41107
1961 37 48856 4 48921
1962 11 17803 1 18424
1963 75 67913 2 68259
1964 61 69178 2 69577
1965 4 17900 1 17943
1966 14 62430 6 62971
1967 61 63703 3 64264
1968 75 76342 2 76979
1969 85 21165 1 21905
1970 81 5410 1 5601
1971 4 66549 1 67091
1972 26 68845 3 69445
1973 15 37340 3 37958
1974 20 52717 2 53087
1975 66 41551 1 42212
1976 91 61780 2 62430
1977 11 13531 6 13657
1978 75 54974 1 55449
1979 87 52262 3 52367
1980 35 56975 2 57440
1981 40 59010 2 59303
1982 74 60450 1 60635
1983 42 56677 1 57199
1984 91 7433 2 8598
1985 37 66095 2 66603
1986 79 73229 2 73266
1987 11 52188 1 52813
1988 37 16511 3 17296
1989 37 67582 2 68186
1990 5 76904 2 77158
1991 75 44406 3 44448
1992 91 19164 1 19434
1993 43 1839 3 2286
1994 58 4813 4 5071
1995 91 28569 1 29922
1996 44 43033 1 43596
1997 75 64081 4 64673
1998 15 60880 1 61295
1999 4 69585 4 69615
2000 74 31088 1 31526
2001 62 42675 1 42780
2002 37 47668 2 48029
2003 87 63411 2 63756
2004 91 38905 2 39530
2005 92 49731 5 49751
2006 85 51105 3 51175
2007 57 2614 1 3206
2008 52 0 2 305
2009 85 52618 3 53112
2010 11 56461 4 56902
2011 11 57276 1 57600
2012 20 9300 1 9497
2013 20 49494 1 49907
2014 41 15320 1 15871
2015 4 65508 2 65972
2016 25 49311 1 49497
2017 13 76958 2 77515
2018 43 43666 3 43867
2019 10 22963 4 23630
2020 15 56819 1 56975
2021 87 13531 2 13678
2022 44 38757 2 39579
2023 87 34260 2 34324
2024 6 42512 1 42795
2025 14 30418 5 30959
2026 52 13531 6 14043
2027 37 48147 2 48317
2028 91 1777 1 2007
2029 53 35572 1 36171
2030 10 11465 3 11896
2031 21 20640 1 21091
2032 73 44016 3 44475
2033 65 54613 2 55311
2034 15 14667 1 15115
2035 6 58651 3 58978
2036 44 53992 1 54717
2037 91 21165 2 21881
2038 1 439 1 1014
2039 61 11990 1 12697
2040 28 8598 1 9339
2041 25 14064 1 14435
2042 98 41967 1 42192
2043 43 19493 2 20109
2044 25 47147 1 47479
2045 85 32269 1 32610
2046 92 59012 3 59453
2047 68 77425 4 77775
2048 42 54613 2 55339
2049 85 21317 1 21942
2050 20 63325 3 63851
2051 1 29922 6 30669
2052 44 18354 1 18735
2053 12 14667 1 15402
2054 15 10147 1 10327
2055 15 63356 1 64353
2056 66 20389 2 20574
2057 63 68880 3 69316
2058 37 42512 1 43190
2059 37 61613 1 63325
2060 75 60450 4 60819
2061 60 14058 2 14633
2062 37 43033 2 43378
2063 53 65508 1 65754
2064 60 76342 2 76506
2065 20 53222 2 53861
2066 61 6836 4 7506
2067 17 63915 1 64419
2068 52 16547 3 16930
2069 14 20296 1 20530
2070 44 40040 2 41293
2071 79 22963 2 22992
2072 26 50384 1 50932
2073 23 42056 2 42512
2074 94 16424 3 17082
2075 34 12069 3 12786
2076 75 76958 2 77237
2077 88 22339 1 22747
2078 63 72882 1 73240
2079 66 59543 1 60055
2080 8 66095 2 66726
2081 11 54613 2 54707
2082 16 54974 1 55467
2083 60 22963 1 23155
2084 75 27345 4 27391
2085 50 63001 1 63498
2086 9 41551 1 42125
2087 40 7540 2 7770
2088 37 67913 1 68234
2089 68 16175 1 16422
2090 79 14667 4 15235
2091 49 6222 2 6446
2092 27 60648 2 60931
2093 43 68271 1 68981
2094 46 45499 1 45666
2095 94 21988 1 22478
2096 37 2480 4 2614
2097 68 72690 1 72718
2098 43 52117 5 52558
2099 52 72084 2 72580
2100 91 65434 2 65633
2101 1 23773 6 24371
2102 92 21988 1 22518
2103 15 78665 2 79214
2104 15 51611 1 52287
2105 58 20640 2 21060
2106 91 70172 1 70800
2107 37 6328 1 6731
2108 85 59010 4 59259
2109 44 51611 1 51853
2110 85 12020 4 12186
2111 16 10147 2 10278
2112 4 16175 1 16439
2113 25 3697 1 3915
2114 2 43596 5 44228
2115 91 34903 1 35406
2116 15 44406 1 44956
2117 44 22339 1 22494
2118 10 67744 3 68044
2119 44 19493 3 20189
2120 11 58114 1 59026
2121 30 57138 2 57269
2122 91 1777 2 2029
2123 15 61314 1 61546
2124 20 65434 4 66159
2125 85 63325 1 63925
2126 4 63971 1 64387
2127 43 10147 2 10349
2128 43 12069 4 12714
2129 25 55029 1 55658
2130 91 68598 1 69829
2131 37 45187 2 45670
2132 25 36772 1 36895
2133 66 53222 1 53887
2134 75 65508 1 66277
2135 6 59010 1 59507
2136 9 72623 2 73255
2137 26 37340 5 37986
2138 92 2614 2 3315
2139 15 36215 2 36632
2140 75 9300 1 10266
2141 87 31088 1 31746
2142 91 29333 1 29543
2143 14 2480 2 2747
2144 4 2614 4 3143
2145 11 76342 1 76975
2146 22 66231 1 66296
2147 52 9300 3 9792
2148 50 27398 2 28065
2149 92 59076 1 59165
2150 4 75797 1 76572
2151 27 48730 3 49335
2152 91 54442 1 54493
2153 40 25132 1 25746
2154 11 41551 4 42046
2155 60 14064 1 14518
2156 13 14667 3 14999
2157 91 57159 2 57379
2158 35 58534 2 58841
2159 75 47768 2 49059
2160 6 68847 5 68917
2161 91 57276 1 58131
2162 81 17196 4 17231
2163 59 14667 6 14988
2164 6 49311 2 49692
2165 44 14667 1 15300
2166 80 5410 6 5558
2167 40 70800 4 70958
2168 44 9803 2 10011
2169 52 75764 1 75925
2170 1 14667 5 14872
2171 64 59076 2 59742
2172 19 9803 1 10217
2173 26 60463 1 60657
2174 25 14064 2 14221
2175 52 56387 3 56780
2176 7 35572 3 36129
2177 91 24580 6 25121
2178 15 6222 2 6733
2179 6 53216 1 53853
2180 36 66095 2 66684
2181 44 63356 1 65490
2182 79 74413 3 75063
2183 35 38845 3 39271
2184 11 17196 2 17762
2185 18 67913 3 68100
2186 98 72084 2 72367
2187 12 34260 1 34743
2188 10 78057 1 78101
2189 20 51645 1 52350
2190 6 31877 3 32713
2191 9 36561 3 36914
2192 8 60880 3 61005
2193 35 48730 3 49392
2194 9 35093 2 35308
2195 91 44016 1 44621
2196 84 63001 5 63174
2197 8 36250 4 36722
2198 52 21988 4 22126
2199 58 51105 1 51176
2200 10 59010 1 59403
2201 40 62430 1 63136
2202 88 65508 1 65770
2203 58 63473 3 63556
2204 44 40040 1 40705
2205 40 24528 1 25132
2206 17 20548 4 20582
2207 43 4298 6 4500
2208 23 20640 6 20776
2209 66 36401 1 36988
2210 44 48147 1 48215
2211 4 21988 4 22130
2212 75 45187 1 45632
2213 91 8598 4 8664
2214 15 53216 1 53685
2215 4 72882 2 72996
2216 8 58534 5 58754
2217 15 0 1 439
2218 89 72368 4 73099
2219 91 28038 1 28748
2220 4 16320 3 16975
2221 91 48846 1 49116
2222 87 17196 3 17450
2223 25 31521 2 31940
2224 87 30418 1 30993
2225 2 49702 1 49788
2226 58 19164 1 19808
2227 42 22339 3 22884
2228 58 5524 1 5810
2229 91 19485 2 19938
2230 58 43666 5 44069
2231 52 30861 1 31392
2232 2 48730 2 48780
2233 85 59012 4 59703
2234 66 51105 1 51216
2235 44 32201 1 32826
2236 43 30861 2 31217
2237 11 59768 4 60610
2238 37 9803 3 10074
2239 87 54613 1 54788
2240 40 61314 4 61528
2241 91 77918 4 78849
2242 74 45187 1 45791
2243 88 33511 1 33866
2244 88 47668 1 47732
2245 58 16511 1 17015
2246 63 4953 1 5043
2247 75 10119 1 10160
2248 75 9803 2 10472
2249 89 52188 3 52794
2250 37 18290 1 18517
2251 37 74605 2 74734
2252 22 30592 5 31335
2253 37 33511 1 33603
2254 11 47668 2 48402
2255 66 44350 2 44420
2256 8 9300 1 9641
2257 15 1429 3 2112
2258 65 9300 1 10019
2259 15 439 1 1189
2260 15 71887 1 72230
2261 44 45719 1 46731
2262 35 77102 1 77795
2263 58 54861 2 55109
2264 91 29922 1 30633
2265 87 68312 2 68549
2266 37 56975 1 57650
2267 23 10147 1 10400
2268 91 65666 1 66138
2269 4 15166 1 15601
2270 46 21988 1 22494
2271 75 63001 1 63400
2272 48 25132 1 25259
2273 94 40748 2 41005
2274 58 51105 1 51690
2275 26 66470 5 66804
2276 52 2480 1 2970
2277 20 21165 2 21518
2278 91 57138 1 57562
2279 25 54974 1 55029
2280 37 36431 2 36906
2281 58 50384 3 50421
2282 91 72472 1 73512
2283 91 25599 1 25776
2284 37 70172 1 70428
2285 44 49311 2 51162
2286 15 54076 1 54279
2287 7 70800 1 71494
2288 37 56387 2 56481
2289 88 53216 3 53402
2290 11 14612 2 14696
2291 87 20842 1 21471
2292 37 19485 2 19816
2293 44 13579 3 14515
2294 2 56387 6 56967
2295 75 28576 1 28781
2296 88 19988 2 20131
2297 65 34440 1 35060
2298 26 21165 2 21339
2299 91 3201 1 3427
2300 16 7796 4 8439
2301 43 38845 3 39025
2302 91 62430 1 62961
2303 92 11084 4 11317
2304 37 11084 2 11648
2305 85 11084 4 11581
2306 91 21988 3 22258
2307 58 51176 4 51648
2308 49 30861 2 31384
2309 85 62430 5 62800
2310 15 17803 1 17963
2311 14 34903 1 35269
2312 43 13531 6 14150
2313 15 21165 1 21317
2314 11 35572 1 37115
2315 37 5879 3 6318
2316 82 24278 4 24936
2317 17 439 2 508
2318 73 53685 2 54086
2319 44 42675 3 42976
2320 56 48147 1 48810
2321 88 3046 1 3201
2322 8 439 1 604
2323 11 71881 2 72577
2324 75 53216 1 53892
2325 52 60450 1 60673
2326 9 43666 1 44333
2327 26 15638 5 15749
2328 58 65121 3 65411
2329 82 59076 1 59608
2330 24 78665 3 78956
2331 4 33511 1 34158
2332 91 10339 1 11582
2333 44 53778 2 54600
2334 16 4456 4 4991
2335 66 1300 2 1941
2336 88 26710 2 27398
2337 91 78057 1 78199
2338 68 16175 3 16427
2339 15 53778 1 54072
2340 4 43596 2 44026
2341 91 68845 1 69328
2342 91 73064 2 73097
2343 9 47147 3 47281
2344 46 11084 2 11710
2345 52 73229 6 73463
2346 66 21988 1 22703
2347 19 10054 1 10731
2348 66 35093 2 35156
2349 25 43033 1 43633
2350 61 66175 3 66827
2351 32 46544 1 46693
2352 24 50339 5 50987
2353 8 56387 2 56602
2354 44 575 1 928
2355 59 24528 4 25002
2356 11 37183 2 37411
2357 14 63554 1 64247
2358 24 43596 4 43838
2359 89 17803 1 18000
2360 25 73229 4 73408
2361 6 48730 2 49136
2362 15 73037 1 74413
2363 87 14743 1 15114
2364 4 2614 2 3184
2365 40 30639 2 31743
2366 36 4867 3 5476
2367 26 66355 1 66636
2368 15 5524 2 5781
2369 26 44406 2 44854
2370 7 45120 1 45159
2371 30 77483 2 77564
2372 74 16050 3 16557
2373 36 58651 3 59345
2374 15 39545 3 40081
2375 91 44880 1 44927
2376 42 59012 1 59412
2377 44 17803 3 18317
2378 58 42300 2 42967
2379 64 77425 2 77517
2380 87 29955 4 30418
2381 58 19988 4 20446
2382 88 70323 1 70893
2383 26 60106 1 60847
2384 37 26710 1 27444
2385 52 70323 4 70612
2386 15 67831 1 68271
2387 37 30861 2 31306
2388 79 51611 1 51735
2389 26 4813 1 4883
2390 12 21317 2 21345
2391 63 36488 1 36623
2392 1 30861 4 31301
2393 66 60463 6 60507
2394 22 12069 1 12600
2395 6 46544 1 47118
2396 8 9803 2 10059
2397 37 24580 1 24923
2398 85 64239 2 64365
2399 20 19988 1 20318
2400 29 28576 4 28641
2401 90 38336 1 38497
2402 88 59768 1 59960
2403 44 46544 2 46918
2404 24 51645 4 51944
2405 5 75339 2 76045
2406 15 78665 1 79408
2407 66 38336 4 38484
2408 74 10119 4 10194
2409 75 36488 1 36949
2410 37 47282 1 47649
2411 2 23397 1 24137
2412 66 17803 1 18171
2413 57 41732 1 41947
2414 4 22963 1 23891
2415 37 62430 2 62831
2416 13 47228 4 47387
2417 4 65666 1 67073
2418 52 78665 2 78692
2419 26 58399 2 59021
2420 58 15300 2 15688
2421 91 76342 3 76904
2422 74 78057 3 78337
2423 35 69178 2 69675
2424 44 21165 1 21449
2425 44 43596 1 43943
2426 91 3979 1 4627
2427 88 30418 1 30693
2428 37 26567 1 27502
2429 20 30993 1 31167
2430 25 35572 1 35890
2431 75 24580 1 24612
2432 83 76958 1 77520
2433 75 66336 6 66850
2434 10 69178 4 69387
2435 30 38757 1 39094
2436 91 56217 4 56819
2437 6 40040 2 40917
2438 5 14064 1 14383
2439 37 20842 2 21072
2440 87 75708 1 76129
2441 91 42675 2 43033
2442 91 53216 3 53829
2443 15 68271 1 68932
2444 25 4456 2 4918
2445 88 4298 1 4629
2446 37 20548 1 21184
2447 20 24580 1 25296
2448 11 28576 1 28705
2449 37 45120 1 45404
2450 66 63597 1 64341
2451 50 43033 1 43687
2452 52 54038 3 54761
2453 11 50339 1 51694
2454 91 68845 1 69406
2455 6 65791 3 66144
2456 4 40469 2 40507
2457 61 25875 1 26300
2458 91 50495 1 50595
2459 37 25044 2 25181
2460 75 21165 2 21394
2461 52 25174 2 25688
2462 94 4813 1 5204
2463 58 66175 1 66373
2464 63 64398 3 64616
2465 66 21988 4 22091
2466 4 54442 4 54861
2467 11 1496 1 1548
2468 87 49311 1 49776
2469 9 77565 2 78077
2470 16 1189 7 1550
2471 4 59833 3 60168
2472 26 20389 2 21074
2473 15 60831 1 61487
2474 87 45296 2 45570
2475 30 17417 1 17531
2476 44 64398 3 64867
2477 25 51105 2 51371
2478 66 24528 5 25180
2479 37 4813 1 4919
2480 20 77537 7 78115
2481 9 45769 1 45953
2482 44 5879 2 6395
2483 9 1107 2 1836
2484 26 27146 4 27590
2485 15 65434 1 65921
2486 25 43666 2 43686
2487 26 30597 1 30637
2488 89 76342 1 76436
2489 89 20640 3 21360
2490 44 67073 2 67548
2491 19 37183 2 37837
2492 91 587 1 1256
2493 63 65121 1 65347
2494 52 52188 1 52854
2495 20 9803 6 10477
2496 37 65121 2 66336
2497 25 11084 1 11760
2498 93 76958 1 77340
2499 91 37183 1 37793
2500 65 11084 1 11401
2501 15 25044 1 27522
2502 88 23773 1 23913
2503 26 69585 3 70277
2504 27 4298 1 4460
2505 63 45499 3 46133
2506 66 64398 1 64862
2507 41 43033 3 43619
2508 75 40430 1 41125
2509 25 17803 1 18120
2510 9 56387 2 56515
2511 88 66549 1 66743
2512 13 12020 1 12154
2513 41 50378 4 50550
2514 85 76904 2 76944
2515 2 28576 5 29098
2516 44 38839 2 39585
2517 91 53992 1 54154
2518 47 56387 5 56576
2519 11 4867 2 5548
2520 2 10147 8 10467
2521 97 29922 2 30584
2522 68 15166 5 15858
2523 6 34260 2 34696
2524 69 4627 4 4649
2525 44 22339 4 22981
2526 34 3046 3 3528
2527 88 11872 2 11983
2528 74 49702 5 49766
2529 96 52785 1 52968
2530 37 56819 2 57342
2531 68 65876 7 66480
2532 14 41967 2 42396
2533 37 10147 1 10427
2534 43 6836 2 7473
2535 36 76958 3 77340
2536 87 62430 3 62737
2537 92 30592 5 30823
2538 15 47615 1 47818
2539 75 62430 1 62714
2540 43 41967 3 42046
2541 25 64398 4 64516
2542 15 50495 2 51246
2543 37 21165 4 21838
2544 63 62430 3 62960
2545 91 59076 1 59308
2546 20 26860 3 27276
2547 43 4813 1 5002
2548 43 20640 3 20974
2549 19 67047 1 67260
2550 24 28576 3 29220
2551 94 68847 1 69499
2552 37 74413 3 74433
2553 83 6222 1 6331
2554 66 19164 1 19580
2555 35 62430 3 62533
2556 50 77537 1 77670
2557 85 60463 2 60562
2558 91 55029 1 55758
2559 44 36215 2 37084
2560 36 28576 2 28823
2561 97 34595 1 35078
2562 66 3558 4 3712
2563 61 14106 4 14508
2564 6 75218 1 75642
2565 51 59076 3 59249
2566 85 59543 3 59910
2567 91 48147 1 48576
2568 44 1107 1 3014
2569 87 56975 3 57224
2570 83 54442 1 54573
2571 92 78665 3 79016
2572 22 52117 1 52248
2573 44 19460 4 19493
2574 14 59012 4 59762
2575 50 2693 2 2724
2576 7 59768 1 59848
2577 64 68127 3 68698
2578 66 38839 1 38878
2579 13 13531 2 13738
2580 41 65791 2 65948
2581 88 56461 1 56950
2582 11 34260 2 35175
2583 91 58534 1 58878
2584 97 35345 2 35773
2585 92 34440 1 34591
2586 9 20548 1 20674
2587 9 77226 1 77459
2588 22 6329 5 6830
2589 85 29843 2 30111
2590 25 38610 1 39284
2591 75 32554 1 33178
2592 91 65508 1 66185
2593 25 15166 2 15349
2594 64 30418 1 30786
2595 25 32269 2 32745
2596 66 52717 1 52974
2597 85 16299 1 16663
2598 25 63001 1 63180
2599 4 63049 1 63224
2600 15 16175 2 16357
2601 22 65666 5 66188
2602 4 10147 6 10669
2603 20 36488 2 36651
2604 74 45499 2 45573
2605 35 43666 1 44089
2606 41 78665 2 79201
2607 88 27398 2 27446
2608 66 45499 1 45790
2609 19 18844 2 19148
2610 2 40040 5 40454
2611 8 16175 4 16388
2612 87 32269 1 33382
2613 8 37954 1 38518
2614 23 14667 3 14716
2615 91 29173 5 29252
2616 91 21165 1 21364
2617 23 31877 3 32475
2618 37 0 2 265
2619 2 74661 6 75275
2620 58 19460 2 19651
2621 15 45120 1 45670
2622 10 5879 1 6570
2623 36 40917 1 41181
2624 26 62430 1 62813
2625 66 20389 4 20588
2626 91 27146 2 27486
2627 44 10054 1 10782
2628 66 439 6 821
2629 37 13531 4 14303
2630 7 60450 1 60907
2631 15 65446 1 65868
2632 6 59523 3 60051
2633 12 69178 2 69774
2634 15 74605 4 75339
2635 1 37954 8 38559
2636 20 1777 1 2057
2637 53 43666 1 44295
2638 36 20389 4 20830
2639 85 72098 2 72402
2640 25 30418 1 31045
2641 40 37183 1 38097
2642 9 63049 1 63671
2643 66 30861 4 31410
2644 24 37084 3 37719
2645 66 70893 4 71390
2646 9 38757 1 39407
2647 61 72084 2 72383
2648 91 66668 2 67744
2649 15 48576 1 49219
2650 28 6329 1 6784
2651 20 3990 3 4530
2652 87 56387 2 56846
2653 26 36215 1 36475
2654 6 60450 1 60880
2655 75 48576 1 48619
2656 88 14064 3 14612
2657 91 63962 1 64348
2658 36 74413 1 74802
2659 5 25174 1 25586
2660 39 27398 2 27916
2661 65 15611 3 16080
2662 53 34260 4 34678
2663 44 20389 1 20599
2664 26 12069 1 12759
2665 75 29843 3 29955
2666 26 68511 2 69043
2667 4 16357 3 16380
2668 15 6222 1 6293
2669 44 65121 4 65478
2670 91 44880 1 45499
2671 37 77226 3 77922
2672 2 41125 1 41417
2673 91 27398 1 27590
2674 40 3558 5 4241
2675 13 64239 3 64761
2676 44 23728 2 24107
2677 68 3120 6 3807
2678 22 73064 3 73201
2679 91 4867 1 5544
2680 91 2112 1 2962
2681 44 29177 2 29771
2682 20 12069 7 12692
2683 73 65121 1 65294
2684 10 74413 4 75003
2685 75 40917 2 41157
2686 26 16424 1 16953
2687 33 10119 2 10286
2688 94 1189 1 1632
2689 10 72918 4 73002
2690 31 48730 2 48896
2691 75 65666 2 66003
2692 58 54613 3 55176
2693 68 69585 1 70266
2694 66 14064 2 14364
2695 66 5879 1 6408
2696 85 24278 2 24567
2697 40 51774 1 51987
2698 91 59308 2 59338
2699 5 50384 1 50563
2700 91 3046 1 3329
2701 5 10147 1 10781
2702 66 20640 2 20757
2703 74 42512 1 42561
2704 15 43448 1 43683
2705 75 25174 2 25382
2706 91 14258 1 14651
2707 25 19164 1 19766
2708 50 5879 2 6526
2709 10 23773 1 23795
2710 75 24528 2 25165
2711 91 44278 1 44595
2712 22 11726 6 12457
2713 65 575 3 928
2714 42 14667 5 14942
2715 19 53222 2 53243
2716 25 1927 1 2495
2717 43 31877 3 32371
2718 50 38336 1 38690
2719 11 77237 1 77650
2720 74 44892 1 44989
2721 88 6222 2 6529
2722 55 42512 1 42849
2723 44 3120 1 3840
2724 33 65666 3 65980
2725 25 63597 1 64276
2726 91 2902 1 2941
2727 91 5524 4 5767
2728 35 49522 2 50022
2729 7 37084 4 37409
2730 37 7540 2 7597
2731 87 63001 1 63411
2732 15 56387 2 56788
2733 10 47147 3 47603
2734 88 60880 1 61415
2735 44 11726 3 12051
2736 7 25181 2 25567
2737 15 28576 1 29129
2738 4 72098 1 72342
2739 4 14667 1 15334
2740 11 9726 1 9794
2741 23 58534 2 58750
2742 75 59523 3 59935
2743 34 44016 1 44517
2744 27 52618 1 52922
2745 25 45120 1 45364
2746 10 44016 4 44114
2747 85 65121 2 65468
2748 85 1927 2 2548
2749 25 22339 1 22782
2750 2 27146 6 27883
2751 85 46703 1 47398
2752 98 30418 1 30730
2753 40 59543 5 59741
2754 87 68127 2 68234
2755 91 34260 2 34296
2756 85 25181 2 25768
2757 66 28569 1 29213
2758 34 28888 3 28971
2759 53 22963 3 23214
2760 8 34260 4 34643
2761 26 60880 2 61209
2762 17 11990 2 12510
2763 88 60463 1 60657
2764 6 29177 4 29528
2765 88 52117 2 52324
2766 69 71360 2 71932
2767 28 19988 2 20438
2768 73 71881 2 72605
2769 91 58534 1 59076
2770 4 3979 3 4391
2771 37 68234 1 68312
2772 88 31521 1 32923
2773 4 37340 1 38148
2774 42 47228 1 47373
2775 43 58534 1 59218
2776 20 65121 1 65627
2777 9 44880 1 45629
2778 4 3979 1 4552
2779 91 47241 1 47615
2780 10 4813 4 5295
2781 13 2614 2 3255
2782 66 46159 2 46732
2783 4 16547 1 17130
2784 37 63325 5 63979
2785 75 14258 3 14993
2786 38 25174 1 25633
2787 40 68511 2 69007
2788 6 45499 3 46054
2789 46 17900 3 18440
2790 6 66470 2 67209
2791 15 7540 1 8099
2792 43 37084 6 37369
2793 65 77102 2 77580
2794 71 12069 2 12283
2795 26 36561 1 37011
2796 61 8744 2 9155
2797 87 5410 3 5562
2798 75 21988 3 23397
2799 43 45187 6 45257
2800 88 60450 1 60648
2801 8 37954 3 38628
2802 13 29922 2 30269
2803 12 25121 1 25429
2804 75 72918 1 73390
2805 52 7623 1 8152
2806 88 11084 2 11133
2807 4 63325 1 63703
2808 91 37954 2 37992
2809 63 59010 1 59592
2810 8 32554 1 32661
2811 58 50384 1 50821
2812 85 48576 4 48874
2813 11 15251 1 16256
2814 15 73229 2 73602
2815 44 36772 1 36841
2816 15 75708 1 75992
2817 73 75708 2 75905
2818 12 30861 1 31358
2819 91 16299 2 16547
2820 34 43666 2 43885
2821 40 76823 5 76949
2822 14 59012 2 59294
2823 10 9803 1 10053
2824 34 46544 1 47216
2825 34 54613 1 55002
2826 69 18354 5 18558
2827 15 56677 1 56920
2828 88 75708 1 75845
2829 75 61571 1 62307
2830 91 32464 1 32488
2831 66 14064 2 14210
2832 12 33511 1 33695
2833 11 40507 2 40928
2834 58 66095 2 66175
2835 66 16050 3 16755
2836 87 53778 1 54525
2837 78 60880 1 61139
2838 11 41732 3 42300
2839 4 35093 1 35477
2840 37 51105 1 51937
2841 66 73156 5 73595
2842 1 46544 1 46653
2843 63 14064 4 14240
2844 68 66668 2 66864
2845 68 14064 4 14172
2846 9 68511 1 69005
2847 43 60880 2 61200
2848 75 70172 1 70192
2849 24 52717 5 52867
2850 15 41551 1 41778
2851 8 74413 3 75090
2852 88 48634 1 49370
2853 74 16511 2 16553
2854 16 11726 2 12234
2855 43 36488 3 36547
2856 20 60463 2 61213
2857 22 25875 5 26103
2858 94 58534 3 59027
2859 37 44278 6 44892
2860 88 52287 1 52615
2861 14 65121 2 65509
2862 50 32554 1 32787
2863 36 48634 5 49179
2864 13 32269 3 32909
2865 23 42512 5 42570
2866 6 30861 5 31146
2867 15 22339 1 22963
2868 29 12020 5 12181
2869 34 63554 3 63776
2870 15 69191 2 69748
2871 1 38757 2 39409
2872 34 10147 2 10679
2873 75 22339 2 22869
2874 75 75764 5 76350
2875 69 1927 2 2523
2876 91 74900 1 76237
2877 4 61411 1 62265
2878 37 4456 1 5095
2879 44 28038 1 28253
2880 91 48334 1 48903
2881 6 68271 1 68693
2882 4 75797 1 77292
2883 7 47668 1 48134
2884 58 19460 3 19592
2885 36 49731 3 50306
2886 16 47241 6 47984
2887 4 66095 1 66354
2888 88 49781 2 50800
2889 91 14258 3 14667
2890 2 63411 2 63721
2891 29 77612 3 78352
2892 44 30676 1 32451
2893 60 59076 2 59781
2894 8 68127 3 68746
2895 11 11084 4 11396
2896 69 40469 2 40790
2897 20 49311 4 49866
2898 66 51611 4 52188
2899 35 16050 1 16160
2900 66 34260 2 34753
2901 41 3979 6 4525
2902 85 77537 1 78021
2903 10 20389 4 21136
2904 4 76958 3 77515
2905 69 5879 3 6350
2906 15 44016 1 44499
2907 4 54861 1 56387
2908 76 77013 1 77751
2909 15 14822 1 15426
2910 83 26860 1 27079
2911 52 10054 7 10074
2912 47 59746 1 59912
2913 6 30597 2 30717
2914 66 27146 1 27356
2915 91 55355 2 56217
2916 20 7623 2 8164
2917 25 575 1 858
2918 88 27708 2 27943
2919 15 68511 2 68698
2920 44 11084 2 11502
2921 4 74413 1 74792
2922 6 23248 1 24130
2923 4 19460 2 19899
2924 4 31521 2 31766
2925 25 47228 1 47734
2926 44 5879 4 6002
2927 91 4051 3 4092
2928 37 58114 1 58793
2929 91 46544 1 46703
2930 91 8744 1 9096
2931 34 60450 1 60837
2932 26 4456 3 5020
2933 87 24580 3 24718
2934 44 77013 2 77483
2935 16 59523 6 59668
2936 37 43596 2 43671
2937 14 20640 1 20920
2938 73 575 2 985
2939 7 67582 1 68174
2940 52 29177 1 29493
2941 36 11726 1 12389
2942 88 19988 1 20077
2943 88 50378 1 50893
2944 91 67744 1 68032
2945 11 31165 1 31655
2946 1 22963 2 23291
2947 25 72669 3 73209
2948 8 59543 1 60174
2949 91 22339 1 22973
2950 87 46544 1 47047
2951 15 19460 3 20138
2952 11 67582 2 67666
2953 61 68511 2 69045
2954 1 65121 2 65832
2955 44 30418 3 30676
2956 4 18290 2 19460
2957 6 35572 1 35840
2958 15 32311 1 32868
2959 88 28038 2 28576
2960 87 2480 1 2818
2961 71 75708 1 75957
2962 74 1189 2 1600
2963 41 28888 6 29324
2964 50 3558 1 3751
2965 40 22963 1 23561
2966 57 36281 1 36583
2967 92 3558 3 4098
2968 13 15115 2 15432
2969 11 439 3 462
2970 75 20196 3 20296
2971 10 21165 3 21707
2972 37 54974 5 55619
2973 25 25181 1 25400
2974 34 77226 1 77427
2975 20 32269 4 32440
2976 4 45551 5 45969
2977 48 68127 1 68776
2978 37 72623 1 75708
2979 45 5879 3 6406
2980 37 57159 1 57421
2981 13 53992 1 54196
2982 63 37954 4 38227
2983 37 63001 1 63156
2984 1 46703 4 46962
2985 20 60106 2 60799
2986 68 60463 1 60507
2987 88 60648 1 60740
2988 66 23804 1 24336
2989 5 12410 1 12894
2990 91 17803 1 17878
2991 1 45120 6 45798
2992 85 22963 1 23268
2993 40 27398 4 27465
2994 4 67473 1 70770
2995 15 52287 1 53216
2996 88 10147 1 10455
2997 88 56819 2 57138
2998 68 15320 1 16004
2999 52 22339 1 22665
3000 96 30993 1 31059
3001 17 22339 2 22785
3002 4 60168 1 60831
3003 57 56663 1 57235
3004 28 65434 1 65697
3005 58 15688 4 16093
3006 7 7796 4 8499
3007 4 70800 4 71381
3008 4 48147 1 49000
3009 75 38867 1 39140
3010 6 17900 5 18319
3011 37 3120 1 3694
3012 20 16175 3 16511
3013 58 57276 4 57775
3014 50 24971 2 25612
3015 4 70796 1 71019
3016 91 16299 2 16946
3017 50 37183 2 37735
3018 65 33866 4 34113
3019 60 49494 8 49559
3020 13 68880 1 69408
3021 7 25875 2 26251
3022 91 60463 1 60569
3023 20 76823 4 77537
3024 85 28576 2 28873
3025 44 57138 2 57478
3026 4 34440 2 34595
3027 91 45499 1 45769
3028 44 52287 1 53023
3029 96 30861 1 30920
3030 1 75218 4 75717
3031 44 61522 1 63091
3032 8 38845 1 38882
3033 2 66627 1 66725
3034 91 71881 2 72434
3035 15 15611 1 16329
3036 41 27146 2 27363
3037 22 52618 1 53247
3038 4 56663 1 58399
3039 22 22339 2 23062
3040 25 65434 1 66117
3041 10 49522 4 49974
3042 15 69585 1 69916
3043 38 24580 1 25219
3044 36 51105 4 51602
3045 15 49702 2 50269
3046 91 64398 2 65143
3047 94 60450 1 60847
3048 37 48147 2 48747
3049 79 66668 1 67069
3050 88 22747 1 23088
3051 87 58534 1 58795
3052 12 53769 1 54307
3053 37 30592 1 31285
3054 44 16175 2 16378
3055 23 58719 1 58773
3056 10 63971 2 64673
3057 53 19164 1 19832
3058 8 19164 1 19748
3059 15 58534 1 59143
3060 36 49927 1 50128
3061 91 60772 1 61780
3062 40 9300 4 9734
3063 37 52262 3 52611
3064 41 1300 1 1843
3065 66 64239 4 64575
3066 4 60831 2 61411
3067 91 5767 1 6127
3068 17 11084 1 11552
3069 8 47668 3 48414
3070 91 71496 3 71863
3071 92 22908 2 23383
3072 15 33866 3 34010
3073 25 41125 3 41575
3074 9 30418 3 30606
3075 74 66331 5 66898
3076 44 17196 1 17837
3077 2 12020 3 12381
3078 24 30861 5 31310
3079 25 40748 3 41238
3080 35 36594 2 37186
3081 66 42512 3 42635
3082 9 52117 3 52469
3083 37 30597 1 30763
3084 9 74764 1 75168
3085 34 14064 2 14293
3086 91 71360 1 72098
3087 63 439 1 618
3088 10 62430 1 63038
3089 36 3046 1 3408
3090 53 53222 1 53565
3091 38 46544 4 46679
3092 58 10147 2 10634
3093 85 50378 1 50461
3094 9 16946 2 17266
3095 87 60106 3 60880
3096 4 34260 5 34320
3097 15 75708 2 75748
3098 43 14667 5 15416
3099 1 11084 3 11361
3100 97 65121 1 65707
3101 68 51611 3 52119
3102 91 20548 1 20733
3103 63 56387 3 56903
3104 4 29843 3 30050
3105 10 19460 3 19811
3106 11 34903 1 35538
3107 14 42512 1 42599
3108 2 13531 4 13925
3109 91 36869 1 37139
3110 15 38757 1 38884
3111 40 63915 5 64482
3112 87 33866 1 34472
3113 7 0 1 231
3114 37 22963 2 23632
3115 63 27522 4 27832
3116 91 11726 1 12353
3117 37 24278 2 24312
3118 37 55619 1 55954
3119 75 14064 1 14436
3120 11 37954 5 38024
3121 4 6529 1 7105
3122 8 41967 1 42062
3123 4 1496 1 2614
3124 80 48147 4 48221
3125 35 21165 1 21733
3126 13 77565 4 77730
3127 91 68511 1 68555
3128 44 19915 1 20196
3129 66 62430 1 62790
3130 91 67913 4 68598
3131 10 59768 2 59867
3132 15 14058 1 14223
3133 44 26860 1 27556
3134 4 36058 1 36342
3135 4 48147 2 48761
3136 66 37084 5 37697
3137 91 2112 1 2902
3138 69 15115 1 15484
3139 63 34260 3 34826
3140 87 8744 2 8960
3141 65 30861 1 31496
3142 94 78665 3 78742
3143 15 4621 1 6222
3144 91 8598 2 10054
3145 19 32311 1 33050
3146 85 58399 2 58795
3147 13 32849 1 33309
3148 91 25132 1 25288
3149 44 5879 1 7985
3150 20 49494 2 50167
3151 75 36058 1 37248
3152 37 1107 1 1927
3153 63 8598 1 8742
3154 85 35093 1 35115
3155 2 50384 2 50452
3156 58 65434 5 65978
3157 92 28576 2 28743
3158 88 37360 2 38335
3159 66 75019 3 75170
3160 63 22963 1 23472
3161 26 49494 1 49734
3162 81 11084 1 11795
3163 10 44880 4 44910
3164 75 52717 1 52771
3165 44 40917 3 41551
3166 91 25875 4 26567
3167 98 22963 1 23288
3168 15 13531 2 13946
3169 37 72368 3 72623
3170 63 25174 1 25637
3171 37 67073 1 67651
3172 75 51105 1 51599
3173 66 19460 2 19695
3174 75 49731 1 50201
3175 35 50378 1 51064
3176 75 3120 2 3765
3177 50 562 1 1311
3178 74 10147 1 10419
3179 91 17900 1 18091
3180 44 63091 1 63184
3181 75 31877 4 32554
3182 60 17803 8 18412
3183 85 74792 1 74835
3184 52 44406 7 45145
3185 34 19460 2 19679
3186 44 6836 1 7444
3187 1 56461 3 56797
3188 9 74605 1 75043
3189 44 24580 1 25174
3190 68 62430 5 62736
3191 37 59012 1 59221
3192 25 56461 2 56908
3193 20 56387 2 56456
3194 16 68511 3 68575
3195 37 63979 1 64745
3196 6 3184 1 4093
3197 94 30861 1 31195
3198 91 29843 3 30364
3199 37 37793 2 38530
3200 35 23397 1 23858
3201 75 2480 3 2953
3202 4 61571 3 61873
3203 68 3979 3 4701
3204 37 54144 1 54954
3205 91 23804 5 24278
3206 34 15166 1 15232
3207 9 12069 1 12214
3208 57 37183 1 37907
3209 87 52717 1 53621
3210 75 30597 1 31426
3211 8 28038 1 28729
3212 7 34260 3 34921
3213 98 38757 2 39087
3214 33 58719 3 59349
3215 91 3752 2 4051
3216 89 23248 3 23798
3217 37 30861 1 31548
3218 43 63411 1 63893
3219 36 33511 1 34242
3220 81 49311 4 49382
3221 88 63001 1 63155
3222 13 14064 4 14596
3223 11 2480 2 2645
3224 66 59543 2 59791
3225 10 22339 4 22920
3226 44 20548 1 20734
3227 91 58534 2 59523
3228 61 52717 4 52811
3229 15 56975 3 57519
3230 85 68511 2 68643
3231 22 60723 3 61098
3232 11 19460 4 20043
3233 13 63597 3 63966
3234 8 7796 2 8535
3235 73 9869 2 10581
3236 11 38336 2 39025
3237 87 43448 1 44350
3238 8 59012 2 59451
3239 25 29922 3 30267
3240 10 52117 4 52492
3241 50 7796 1 8460
3242 15 32464 2 33021
3243 12 37084 2 37791
3244 11 23557 3 23586
3245 37 34440 1 34494
3246 14 13579 2 14051
3247 17 2480 2 2970
3248 66 50378 1 50652
3249 23 34903 4 35072
3250 37 33511 2 33556
3251 34 47241 1 47888
3252 9 49702 2 50338
3253 9 21165 1 21370
3254 29 52618 5 52922
3255 36 63001 3 63528
3256 25 54613 1 54936
3257 34 77457 3 78116
3258 43 26860 2 27025
3259 10 24580 1 25066
3260 60 30597 8 31281
3261 91 10054 3 10339
3262 58 53778 1 53958
3263 91 20296 1 22529
3264 73 63473 1 63884
3265 8 5879 2 6455
3266 91 70800 4 71392
3267 2 68847 6 69407
3268 63 33511 2 33975
3269 15 7540 1 9300
3270 15 15638 1 16162
3271 91 38336 1 38905
3272 26 72394 1 72999
3273 11 44350 2 44956
3274 15 43596 1 44386
3275 66 78057 3 78601
3276 26 24580 1 24984
3277 15 38845 2 39494
3278 11 11726 2 12207
3279 4 75218 2 75797
3280 61 44016 4 44270
3281 6 18505 1 19037
3282 63 3184 1 3698
3283 88 3990 1 5512
3284 49 30861 1 31050
3285 66 23397 1 23575
3286 11 21317 2 21761
3287 5 40040 1 40385
3288 20 38757 3 39022
3289 88 67047 2 67794
3290 53 60772 3 60880
3291 36 68845 2 69196
3292 44 46159 1 46473
3293 73 40040 3 40411
3294 52 65121 4 65695
3295 15 48334 1 48846
3296 88 27446 2 27708
3297 25 19460 1 19788
3298 65 29177 4 29401
3299 91 46159 1 47239
3300 87 48147 1 48659
3301 88 23773 1 24463
3302 91 63012 1 63595
3303 4 17196 1 17772
3304 85 562 1 778
3305 94 35572 2 36149
3306 88 47732 1 48334
3307 4 16050 3 16126
3308 39 26860 5 27374
3309 88 78057 1 78765
3310 25 49397 2 49823
3311 53 65121 1 65410
3312 91 3427 1 3558
3313 19 56677 1 57366
3314 84 45499 2 45680
3315 68 72623 4 72657
3316 89 58534 2 59232
3317 73 43596 1 43632
3318 6 5879 1 7879
3319 61 42056 2 42219
3320 11 1839 2 2361
3321 41 77013 3 77738
3322 4 36215 2 36431
3323 1 76904 1 77599
3324 15 30592 3 30979
3325 44 71881 2 73249
3326 66 27446 5 27755
3327 63 54861 3 55092
3328 63 66355 1 66583
3329 17 439 4 894
3330 68 22339 1 22759
3331 64 73156 3 73831
3332 8 67073 2 67278
3333 80 59076 6 59499
3334 11 72394 3 72914
3335 66 49702 2 50157
3336 26 60831 3 61455
3337 52 10147 1 10854
3338 24 1496 2 1577
3339 66 6329 1 6824
3340 40 4813 2 4876
3341 43 70800 3 71515
3342 44 75019 3 75317
3343 4 59768 1 59833
3344 44 60880 4 60987
3345 43 2693 4 3380
3346 29 77013 4 77313
3347 66 24278 3 24578
3348 25 72239 2 72669
3349 43 16946 3 17631
3350 88 70893 2 71062
3351 12 3120 1 3720
3352 75 28576 1 30179
3353 36 11872 2 12424
3354 25 63554 3 64299
3355 89 22339 4 22561
3356 87 74605 2 75097
3357 52 34260 5 34807
3358 75 42095 1 44195
3359 87 27502 2 28350
3360 87 74413 3 74437
3361 15 49702 2 49851
3362 44 9869 2 9894
3363 87 48730 1 49311
3364 68 67794 6 68480
3365 91 10054 3 10647
3366 15 53685 4 53769
3367 91 57159 2 57225
3368 15 78665 1 78764
3369 20 4051 1 4164
3370 6 36561 2 37098
3371 91 76498 3 76580
3372 15 76823 1 76888
3373 37 41967 1 42577
3374 44 41551 2 41694
3375 11 15638 2 16222
3376 19 68511 1 69003
3377 44 73249 1 73449
3378 40 34260 4 34803
3379 58 52117 6 52717
3380 25 14667 1 15166
3381 88 65434 2 65600
3382 9 73271 1 73772
3383 5 62430 1 62894
3384 75 15115 2 15611
3385 43 21988 3 22017
3386 88 66331 1 66549
3387 75 562 1 1300
3388 34 67913 2 68042
3389 19 30861 1 31427
3390 37 67073 1 67235
3391 79 33866 2 34496
3392 37 17196 1 18310
3393 25 61571 1 61687
3394 37 46544 1 47161
3395 94 49702 3 50010
3396 74 32311 1 32516
3397 91 4627 2 4955
3398 25 51774 3 52247
3399 20 29333 4 29984
3400 16 2693 1 2922
3401 25 4298 2 4561
3402 34 33866 2 34275
3403 37 28569 2 28888
3404 4 77226 1 77959
3405 9 29177 2 29529
3406 6 62430 1 62515
3407 40 48147 3 48968
3408 20 66095 2 66380
3409 63 11084 1 11249
3410 97 63325 1 63862
3411 25 74413 3 74983
3412 46 9300 1 9928
3413 41 45670 5 46107
3414 75 44892 1 45296
3415 57 59523 1 59742
3416 37 4813 2 4869
3417 20 72394 1 72906
3418 26 37183 2 37209
3419 14 67766 4 67938
3420 97 76958 1 77666
3421 92 33511 2 33544
3422 41 4953 2 5331
3423 68 3120 1 3836
3424 73 3558 3 3740
3425 87 42512 1 43139
3426 64 66331 1 66390
3427 37 54613 1 54974
3428 75 67047 3 67423
3429 52 68511 2 68939
3430 92 67744 1 67952
3431 24 75764 4 75929
3432 26 43666 1 43739
3433 34 4456 1 5004
3434 26 72098 1 72442
3435 37 35572 4 36250
3436 75 13531 1 13745
3437 37 29333 2 29883
3438 11 70796 2 71504
3439 91 60831 2 60897
3440 66 22339 2 22788
3441 11 76904 5 76958
3442 43 9803 1 10137
3443 9 70997 2 71274
3444 58 72394 2 72670
3445 59 66549 3 67165
3446 75 71360 2 71715
3447 29 41967 5 42481
3448 88 36215 1 37276
3449 6 34595 3 35026
3450 75 2361 4 2457
3451 43 11084 1 11390
3452 88 17900 1 19978
3453 91 6329 3 6738
3454 40 76958 1 77148
3455 89 439 3 492
3456 4 74792 1 75034
3457 52 47241 1 47480
3458 88 16299 2 16424
3459 30 20389 1 20635
3460 35 13531 4 13965
3461 25 16175 1 16263
3462 10 14064 1 14681
3463 91 48298 1 48730
3464 6 5524 1 5774
3465 15 22963 1 23329
3466 63 58534 2 58770
3467 37 41551 2 42196
3468 8 33511 2 33834
3469 75 72646 2 72915
3470 97 29177 3 29601
3471 98 73229 1 73549
3472 25 41967 1 43706
3473 22 76258 2 76462
3474 14 65434 1 66017
3475 35 19460 2 19510
3476 15 12163 1 13579
3477 96 42056 6 42170
3478 92 25174 2 25239
3479 14 1927 4 2585
3480 37 24314 4 24528
3481 35 45120 1 45229
3482 15 68271 1 68847
3483 20 31877 5 32557
3484 61 62430 3 62773
3485 66 26567 1 26894
3486 34 40917 1 41530
3487 91 6836 3 7433
3488 75 19460 5 20090
3489 96 66355 2 67014
3490 52 58114 3 58806
3491 6 8744 1 9135
3492 5 19460 1 19899
3493 75 33511 5 33769
3494 42 30592 3 31285
3495 44 60772 1 61460
3496 75 49311 1 49976
3497 37 59658 1 59824
3498 10 41841 4 42167
3499 44 70796 2 71634
3500 26 22963 3 23570
3501 88 72681 1 73229
3502 87 65121 2 65658
3503 25 3979 2 4449
3504 65 36215 1 36707
3505 58 64081 3 64297
3506 91 71360 2 71496
3507 17 41841 1 42526
3508 58 20389 1 20446
3509 90 11084 3 11678
3510 60 75797 1 76471
3511 37 69585 2 69889
3512 23 52247 3 52695
3513 15 78057 2 78311
3514 26 76958 1 77080
3515 37 439 2 643
3516 40 21317 1 21569
3517 91 46944 2 47259
3518 88 16424 3 16446
3519 60 76258 2 76759
3520 85 3697 1 3791
3521 69 63915 5 64172
3522 68 65666 4 65874
3523 15 24528 1 24637
3524 11 78057 1 78719
3525 15 70800 4 71360
3526 25 41275 1 41965
3527 40 11465 2 11867
3528 15 4298 2 4621
3529 25 76342 1 78383
3530 64 34595 1 34890
3531 37 74764 4 75439
3532 88 40040 3 40748
3533 87 17803 1 18206
3534 11 20572 1 21283
3535 14 45268 7 45305
3536 40 30592 1 30639
3537 22 53222 1 53937
3538 88 67794 2 67913
3539 91 31165 3 31644
3540 88 65791 2 66459
3541 60 44016 3 44272
3542 43 41932 3 42103
3543 37 15611 1 15665
3544 94 31521 1 31574
3545 5 11726 1 12043
3546 64 72681 3 72738
3547 11 72690 2 73196
3548 65 36561 3 36690
3549 66 67913 1 68248
3550 15 28601 1 29173
3551 9 23141 1 23367
3552 4 63356 2 63971
3553 10 43666 3 43793
3554 91 30861 1 31010
3555 76 26710 4 27078
3556 85 63473 1 63747
3557 69 7433 4 8176
3558 15 27398 2 28068
3559 66 5879 3 6387
3560 21 78665 4 78769
3561 66 58719 1 59335
3562 74 15638 3 15748
3563 64 66095 2 66826
3564 91 40040 1 41338
3565 91 76823 1 77565
3566 40 46944 1 47403
3567 68 9300 1 9806
3568 19 59010 1 59205
3569 91 13531 3 14258
3570 26 56461 3 57124
3571 25 48147 1 48745
3572 87 20389 1 20941
3573 83 54974 1 55163
3574 85 57276 1 57823
3575 37 59768 1 60239
3576 37 22908 4 23512
3577 44 23248 2 23728
3578 30 2902 2 3037
3579 37 4869 1 5879
3580 57 38757 1 39160
3581 88 3558 1 3990
3582 58 64398 1 64765
3583 34 8598 3 8731
3584 85 51611 5 52311
3585 87 59523 4 59836
3586 87 439 1 1166
3587 4 11084 1 11547
3588 68 59746 3 60345
3589 25 71360 1 71758
3590 91 45499 2 45619
3591 61 65121 1 65730
3592 2 29922 8 30247
3593 4 63001 1 63049
3594 73 60463 2 60781
3595 9 48147 2 48629
3596 15 17196 2 17753
3597 55 63473 2 63884
3598 75 22908 1 23002
3599 87 56387 3 57061
3600 26 30861 1 30990
3601 79 52188 1 52803
3602 44 20196 1 20372
3603 20 30639 2 30895
3604 14 40040 2 40374
3605 15 17196 1 17395
3606 14 51105 7 51220
3607 91 46703 2 46806
3608 26 30861 5 31373
3609 74 77013 5 77260
3610 85 43596 2 44238
3611 37 18354 2 19040
3612 91 76904 1 77543
3613 88 32201 2 32276
3614 2 20640 1 20720
3615 66 71881 1 72558
3616 11 48576 5 48634
3617 25 36058 1 36281
3618 48 3201 1 3247
3619 44 6222 2 6464
3620 75 72368 2 72918
3621 44 37084 2 37954
3622 91 77612 1 77918
3623 75 7433 1 7933
3624 50 52117 2 52609
3625 63 60831 2 60903
3626 7 41551 1 42079
3627 44 16509 4 17199
3628 91 25121 2 25599
3629 79 24528 4 25277
3630 35 59543 1 60283
3631 87 34595 1 35267
3632 43 47147 4 47311
3633 10 67047 1 67426
3634 17 59523 1 60061
3635 15 37084 2 37585
3636 14 37954 3 38463
3637 63 16175 3 16474
3638 11 74413 1 74661
3639 26 50384 3 50606
3640 91 77565 2 77606
3641 15 36401 1 37354
3642 85 22339 2 22880
3643 7 19988 1 20608
3644 87 41551 1 42019
3645 12 56975 1 57515
3646 19 26710 1 26847
3647 80 77922 2 78085
3648 91 32464 5 32653
3649 58 58534 6 59010
3650 20 15320 2 15792
3651 58 8744 1 9025
3652 15 35572 3 36058
3653 88 46703 2 47174
3654 75 11084 2 11763
3655 25 59010 1 59566
3656 86 30861 3 30899
3657 87 4813 1 5006
3658 15 47147 1 47999
3659 32 9300 4 9907
3660 14 37954 2 38123
3661 91 49854 3 50467
3662 88 36281 2 36593
3663 56 2112 1 2814
3664 66 61571 3 62226
3665 25 40040 1 40507
3666 6 44880 1 45118
3667 25 37958 1 38610
3668 88 26860 1 27385
3669 87 65666 2 66095
3670 10 72098 4 72476
3671 63 72394 1 72583
3672 94 2112 1 2844
3673 25 7623 1 8125
3674 4 20640 5 20909
3675 40 6222 1 6437
3676 8 40917 1 41204
3677 75 17900 6 18499
3678 6 19988 3 20591
3679 43 20389 2 20549
3680 37 66336 1 66695
3681 73 68127 1 68763
3682 35 30418 4 30888
3683 22 20640 3 21267
3684 74 44278 1 45019
3685 85 77425 4 77572
3686 11 48634 1 49936
3687 11 4867 5 5591
3688 23 35572 2 35855
3689 94 76958 3 77247
3690 4 44406 3 45120
3691 15 38336 2 38375
3692 87 19164 3 19806
3693 37 14064 1 14778
3694 73 25132 3 25478
3695 87 43033 1 43308
3696 2 9300 2 9756
3697 91 57379 1 58534
3698 30 22963 3 23064
3699 88 9300 1 10034
3700 4 25174 2 25851
3701 1 27486 6 27998
3702 89 28576 1 29265
3703 44 12069 1 12410
3704 36 71887 1 72427
3705 91 31877 2 32464
3706 26 27590 1 27970
3707 63 20640 1 21089
3708 29 20640 1 20913
3709 88 18290 1 19412
3710 1 0 1 113
3711 26 57138 2 57647
3712 11 29333 1 30453
3713 37 59741 3 59768
3714 8 14667 1 14791
3715 66 77425 1 77627
3716 33 66095 2 66674
3717 25 11084 1 11794
3718 40 45341 5 46042
3719 37 36250 1 36594
3720 91 36772 2 37183
3721 75 73229 1 73671
3722 26 15251 2 15481
3723 15 64398 1 65125
3724 87 60880 1 61522
3725 7 78665 1 78879
3726 15 65774 3 66377
3727 20 59741 1 59974
3728 91 18844 1 19164
3729 91 2480 1 2870
3730 43 66331 2 66668
3731 25 60463 1 61424
3732 15 25132 1 25867
3733 75 30592 1 31298
3734 37 15611 3 16235
3735 52 14106 2 14449
3736 87 40748 2 41228
3737 15 19493 1 19616
3738 58 59543 1 60256
3739 17 59076 4 59824
3740 85 2693 1 2832
3741 8 62430 3 62796
3742 1 38757 1 39437
3743 6 75785 3 76189
3744 58 45670 2 46413
3745 26 72882 1 73215
3746 10 12020 1 12468
3747 44 58534 2 59288
3748 11 73229 3 73284
3749 63 45120 3 45409
3750 37 30418 2 30522
3751 15 23557 1 24029
3752 91 44765 2 45271
3753 4 72084 1 72882
3754 87 37084 3 37616
3755 91 54442 2 55120
3756 87 66095 1 68127
3757 85 7540 1 7660
3758 91 45271 2 45409
3759 25 37360 2 37413
3760 58 12069 3 12774
3761 13 64398 1 64822
3762 63 74413 2 74471
3763 20 63091 1 63602
3764 10 2480 1 2906
3765 91 11084 1 11181
3766 20 56461 1 56804
3767 87 20389 1 20868
3768 50 67582 2 67850
3769 15 72368 1 72421
3770 37 53896 3 54144
3771 15 3120 3 3743
3772 57 35345 1 36048
3773 75 38905 1 39427
3774 19 75797 1 76365
3775 4 16511 1 17632
3776 85 10054 3 10291
3777 24 32269 3 32485
3778 52 63703 4 63963
3779 15 56819 1 56917
3780 37 34903 3 35130
3781 73 11084 1 11306
3782 52 36215 2 36775
3783 37 25181 2 25806
3784 68 48298 4 48644
3785 75 60106 3 60450
3786 58 40040 5 40077
3787 10 57138 3 57759
3788 50 1839 1 2192
3789 4 5879 1 6328
3790 4 13531 2 13694
3791 65 22339 2 23027
3792 36 30861 5 30969
3793 37 24528 6 24580
3794 66 38845 1 38910
3795 25 58534 1 59128
3796 2 77612 4 77931
3797 4 9300 3 9798
3798 91 50467 1 51289
3799 10 73229 2 73690
3800 11 25174 1 25571
3801 87 11084 1 11124
3802 24 9803 4 10099
3803 26 16175 4 16620
3804 27 52717 1 53049
3805 44 47668 4 48073
3806 1 71881 3 72064
3807 82 47228 4 47291
3808 85 8744 2 9057
3809 65 59010 2 59175
3810 75 58399 2 58856
3811 64 59543 1 59930
3812 85 67913 2 68098
3813 8 41841 1 41877
3814 87 31877 2 32269
3815 87 61522 1 62349
3816 41 51611 2 52282
3817 9 21988 2 22356
3818 5 26567 1 26719
3819 23 60111 5 60423
3820 96 29883 6 30032
3821 98 47615 1 47700
3822 92 16547 2 16848
3823 20 43666 4 44231
3824 50 33511 2 34010
3825 88 47282 1 47384
3826 25 9300 3 10024
3827 11 16946 1 17105
3828 37 69676 2 70106
3829 2 66355 1 66420
3830 91 48730 1 48803
3831 4 30418 4 30861
3832 20 15300 5 15480
3833 85 14743 5 15041
3834 36 16946 1 17646
3835 43 10119 2 10209
3836 13 18354 4 18679
3837 47 4456 5 4901
3838 15 26860 1 26924
3839 85 61571 3 61867
3840 91 73156 1 73551
3841 74 72368 3 72666
3842 87 7796 1 8500
3843 65 75764 2 76427
3844 15 77483 1 77674
3845 15 439 1 477
3846 91 78665 1 78836
3847 11 65791 1 65835
3848 52 28576 6 28628
3849 15 54038 1 55824
3850 85 31877 3 32621
3851 40 10147 1 10555
3852 37 60772 3 61314
3853 51 30418 1 31081
3854 34 562 1 744
3855 84 14667 5 14767
3856 87 16357 2 17185
3857 8 13531 3 14243
3858 92 47228 3 47440
3859 88 3201 1 3293
3860 13 29177 3 29590
3861 50 75218 1 75273
3862 85 14667 1 14716
3863 23 44350 2 44884
3864 25 78665 2 78818
3865 34 59012 3 59726
3866 66 6529 6 7094
3867 37 73229 1 73688
3868 75 55029 2 55668
3869 88 38336 1 38839
3870 37 71881 3 72148
3871 9 23397 1 23432
3872 75 65121 4 65237
3873 91 65666 2 66231
3874 37 70323 1 70796
3875 88 61861 1 63473
3876 37 11726 1 12339
3877 64 34595 2 35152
3878 27 56677 2 57234
3879 80 33866 6 33974
3880 92 9300 5 10012
3881 91 73512 1 75764
3882 98 40917 1 41371
3883 88 38839 2 39373
3884 44 12410 2 12862
3885 91 68127 1 68928
3886 43 36058 1 36217
3887 22 66095 1 66577
3888 74 62430 1 62486
3889 57 59076 1 59444
3890 66 41732 1 42476
3891 5 9300 2 9794
3892 87 77425 1 77549
3893 11 16256 3 16810
3894 89 43596 1 44342
3895 91 51611 1 52618
3896 53 9300 3 10043
3897 75 69178 1 69630
3898 85 23397 4 23978
3899 92 65121 1 65822
3900 66 40917 6 41261
3901 91 6329 1 6836
3902 66 4456 5 4998
3903 15 62430 2 62614
3904 85 3979 3 4651
3905 34 19988 2 20381
3906 43 78665 5 78828
3907 2 73229 6 73377
3908 10 50378 2 50889
3909 53 12020 2 12266
3910 15 48730 1 49418
3911 74 41967 1 42483
3912 52 11084 1 11278
3913 53 63091 1 63258
3914 73 18844 1 19355
3915 91 37183 3 37253
3916 55 72690 1 72945
3917 90 19485 2 19979
3918 35 59768 3 60064
3919 66 53778 2 53813
3920 37 26710 3 27161
3921 44 67582 4 67766
3922 11 25273 3 25912
3923 91 22339 1 22522
3924 88 16446 1 17706
3925 92 31088 1 31476
3926 38 52262 7 52575
3927 22 22963 1 23252
3928 44 59012 2 59198
3929 44 1496 1 2974
3930 46 35093 1 35276
3931 26 59768 2 60358
3932 66 439 2 1096
3933 39 63597 5 64058
3934 75 48730 1 48778
3935 25 72394 2 72458
3936 15 56387 2 56677
3937 12 25875 1 26518
3938 75 65434 5 65508
3939 44 75764 3 76160
3940 30 53992 1 54267
3941 91 59523 2 59879
3942 92 19485 4 19915
3943 10 60831 1 60891
3944 14 15251 2 15277
3945 96 43666 7 44314
3946 15 68271 2 68312
3947 88 75218 1 75640
3948 88 31877 1 32128
3949 91 31165 2 31877
3950 11 2645 2 3597
3951 28 6222 3 6504
3952 20 31877 2 31903
3953 74 24580 4 24829
3954 15 52262 1 52337
3955 75 4456 2 4923
3956 85 2614 4 3250
3957 15 53769 3 54034
3958 43 30993 1 31682
3959 2 41551 1 41592
3960 35 3694 2 4319
3961 63 66627 4 66925
3962 4 46544 3 47651
3963 25 56975 3 57554
3964 43 30418 3 30826
3965 57 73229 1 73790
3966 61 47241 2 47649
3967 20 17105 1 17630
3968 37 37793 2 38757
3969 79 9803 1 10246
3970 15 18354 1 19047
3971 35 59010 3 59567
3972 91 30861 1 31165
3973 25 75218 1 75283
3974 20 56975 5 57572
3975 44 66355 1 66627
3976 61 20640 4 21164
3977 11 24278 1 24637
3978 96 52117 4 52633
3979 22 49311 1 49558
3980 44 70172 5 70598
3981 45 45187 4 45900
3982 15 36058 1 36215
3983 36 9300 1 9355
3984 88 2480 1 2714
3985 25 48846 2 49397
3986 34 58399 3 58823
3987 11 53216 1 53672
3988 2 77237 2 77388
3989 40 41932 1 42684
3990 9 63001 1 63166
3991 3 60450 1 61187
3992 4 34595 1 34972
3993 89 76823 1 77459
3994 87 1496 2 1547
3995 15 24278 1 24900
3996 26 49494 2 49742
3997 44 439 2 569
3998 92 45120 1 45748
3999 68 59768 1 60157
4000 15 58114 1 58477
4001 75 36058 1 36866
4002 68 25174 7 25682
4003 91 29333 2 29762
4004 6 35093 2 35374
4005 1 22339 1 22814
4006 25 29922 1 30259
4007 64 9300 2 9645
4008 8 17417 3 17587
4009 25 28569 1 28915
4010 29 70800 4 71052
4011 44 75708 2 76680
4012 88 58719 1 59012
4013 30 61314 1 61461
4014 62 27502 1 27744
4015 53 33511 4 33871
4016 15 72429 2 73037
4017 91 51774 3 52362
4018 26 30993 3 31307
4019 14 41551 1 41773
4020 15 68880 3 69191
4021 34 36488 1 37142
4022 12 0 1 575
4023 1 43666 2 43836
4024 68 36281 2 36698
4025 74 37340 4 37957
4026 44 58534 1 59142
4027 74 27486 1 27880
4028 37 77922 2 78622
4029 87 49776 1 50384
4030 37 75708 1 76958
4031 8 78057 3 78200
4032 64 25174 3 25852
4033 6 56677 2 56977
4034 44 56387 1 56461
4035 91 30639 2 31337
4036 8 63915 1 64656
4037 6 40917 3 41201
4038 5 59010 2 59121
4039 66 58114 1 58554
4040 8 42512 4 43080
4041 9 45271 2 45561
4042 14 562 4 1179
4043 14 48147 4 48322
4044 61 11872 1 12619
4045 91 42095 3 42663
4046 20 75218 6 75897
4047 26 72084 1 72666
4048 91 11990 1 12991
4049 44 76823 4 76922
4050 11 46544 3 47009
4051 25 35093 3 35433
4052 63 57138 3 57437
4053 4 49731 1 50378
4054 10 10147 2 10758
4055 21 40507 3 40976
4056 86 45268 2 45638
4057 66 62430 5 63152
4058 8 55029 1 55423
4059 66 78665 6 79415
4060 75 27502 1 27935
4061 91 19460 1 19988
4062 38 21317 2 21408
4063 40 18354 1 19018
4064 91 10339 4 10618
4065 60 22963 2 23037
4066 20 16511 4 17246
4067 44 4456 2 4829
4068 44 54858 1 56375
4069 1 3046 1 3420
4070 89 9726 2 9880
4071 63 65434 1 65983
4072 87 32311 1 32556
4073 58 1107 6 1856
4074 83 25599 1 26136
4075 74 65666 2 66111
4076 4 19915 1 20640
4077 1 46703 4 47239
4078 65 6329 2 6842
4079 92 34260 4 34917
4080 34 22339 3 22942
4081 50 37793 2 38006
4082 48 19164 1 19795
4083 11 32201 3 32792
4084 75 25875 7 26059
4085 15 41967 1 42090
4086 8 29177 1 29439
4087 79 53992 4 54216
4088 88 12410 1 13528
4089 85 71881 2 72539
4090 91 63091 1 63171
4091 63 47241 1 47932
4092 40 77457 4 78034
4093 89 21165 2 21585
4094 61 35572 2 36125
4095 91 68511 2 68992
4096 6 38336 2 39075
4097 85 44880 5 45244
4098 4 49781 1 50193
4099 43 2361 5 2485
4100 96 32464 6 33121
4101 35 16175 3 16581
4102 98 4298 1 4546
4103 20 37084 3 37202
4104 83 41932 1 42678
4105 52 44016 2 44376
4106 91 59076 3 59170
4107 15 1189 1 1330
4108 10 47615 1 47642
4109 10 3201 2 3307
4110 35 12020 2 12331
4111 91 1107 2 1777
4112 66 53222 6 53686
4113 36 45499 2 46220
4114 66 74413 3 75136
4115 91 67744 1 68495
4116 68 28888 2 29060
4117 87 15251 1 15836
4118 2 46544 3 46854
4119 34 22963 2 23109
4120 98 58651 1 58824
4121 20 4456 2 4895
4122 25 15349 1 16129
4123 36 13531 2 13705
4124 75 20296 7 20923
4125 11 65791 1 66738
4126 8 4456 1 4858
4127 6 5879 1 6022
4128 26 10054 1 10204
4129 37 78665 2 79311
4130 66 63473 2 64203
4131 20 3120 2 3822
4132 75 50378 1 50463
4133 87 68127 2 68706
4134 88 1107 2 2302
4135 5 19915 1 20547
4136 22 73229 1 73735
4137 15 2902 1 3056
4138 20 3120 1 3866
4139 85 54858 4 54887
4140 26 19485 1 19688
4141 63 70323 1 70992
4142 91 72098 2 72441
4143 36 27502 3 28142
4144 98 19460 1 19850
4145 26 45670 2 46133
4146 91 72394 3 72877
4147 25 36281 1 36611
4148 4 63703 1 64201
4149 40 60111 5 60540
4150 26 66470 2 66516
4151 79 1496 1 1623
4152 37 51645 1 52220
4153 17 29177 6 29798
4154 63 19460 4 20068
4155 55 13531 2 13933
4156 37 37084 1 37244
4157 42 46544 2 47201
4158 91 42056 1 42434
4159 55 52188 2 52735
4160 89 63915 1 63956
4161 25 1189 1 1720
4162 53 74413 2 75124
4163 58 27590 1 27772
4164 87 22339 2 23189
4165 58 65121 1 65802
4166 50 47147 2 47840
4167 10 18354 2 18865
4168 88 41967 1 42738
4169 37 31877 4 32207
4170 15 53222 2 53494
4171 96 25174 7 25543
4172 58 12410 2 12869
4173 66 43596 5 44207
4174 37 49311 3 49988
4175 40 439 1 2552
4176 15 10147 2 10513
4177 24 44016 4 44697
4178 66 48576 5 48639
4179 44 20389 1 21045
4180 36 11084 4 11563
4181 75 9300 1 9845
4182 15 61571 2 63356
4183 63 61314 5 61352
4184 66 15638 1 15692
4185 88 12069 2 12581
4186 91 46544 2 47282
4187 59 66470 3 66576
4188 75 56387 1 56621
4189 15 42056 1 42232
4190 91 25121 2 25671
4191 20 65666 3 66081
4192 40 67582 2 67991
4193 13 39545 3 39671
4194 74 44880 1 45590
4195 75 15611 1 15905
4196 34 2112 2 2839
4197 44 10119 2 10268
4198 91 74413 1 74727
4199 75 44406 4 44438
4200 36 65434 5 65494
4201 36 61613 1 61938
4202 15 46544 3 47147
4203 66 14612 5 15058
4204 37 37340 1 37971
4205 88 35093 1 36129
4206 36 77425 2 78042
4207 91 78665 1 79374
4208 43 28601 5 28665
4209 26 4298 4 4575
4210 58 49311 4 49899
4211 75 78665 2 79067
4212 7 15320 3 15822
4213 6 16446 5 16843
4214 66 17803 2 18094
4215 87 34595 3 34624
4216 76 4813 3 5130
4217 22 27502 6 27891
4218 85 34260 3 34963
4219 88 15611 1 16224
4220 15 46944 1 47135
4221 15 74413 3 74605
4222 15 58651 1 58678
4223 50 15638 1 15695
4224 37 67794 2 67834
4225 91 41338 1 41732
4226 75 7433 2 8529
4227 34 33511 1 33535
4228 52 57276 2 57492
4229 15 14064 1 14478
4230 22 52117 2 52679
4231 91 28888 1 29113
4232 15 35093 2 35161
4233 15 20548 1 21262
4234 66 60831 5 61550
4235 92 4051 2 4153
4236 91 27502 2 28246
4237 16 70997 3 71704
4238 58 42095 2 42228
4239 14 51611 6 51728
4240 87 35572 2 35971
4241 33 1300 3 1909
4242 91 439 1 1107
4243 85 43596 1 44244
4244 20 45499 1 46038
4245 12 22339 1 23065
4246 13 48147 4 48763
4247 44 76342 1 76823
4248 4 53402 1 54442
4249 64 62430 1 62527
4250 53 78665 4 79359
4251 54 63597 1 63705
4252 8 29843 3 30551
4253 37 40917 1 41070
4254 37 33603 1 34762
4255 4 76904 1 76949
4256 66 38336 2 38623
4257 25 14258 1 14913
4258 6 43666 1 44672
4259 29 63091 4 63718
4260 52 46944 2 47052
4261 92 59543 3 60161
4262 85 70796 3 71018
4263 26 76904 3 77128
4264 20 56387 2 56601
4265 6 54974 1 55546
4266 75 3979 4 4439
4267 4 37360 1 37817
4268 91 40430 1 41272
4269 63 77425 2 77720
4270 25 63325 4 63554
4271 11 7796 2 8402
4272 15 1189 3 1429
4273 43 34903 2 35230
4274 25 19915 1 20572
4275 87 40430 4 40690
4276 35 439 2 969
4277 4 35572 2 36007
4278 13 22339 3 22443
4279 9 49311 2 49617
4280 37 9300 2 9575
4281 4 52117 1 52643
4282 91 16050 3 16175
4283 21 65121 3 65464
4284 35 40469 2 41057
4285 37 20395 1 20842
4286 66 66355 1 66886
4287 37 55619 3 56261
4288 87 47241 2 47434
4289 13 41967 2 42392
4290 94 24971 1 25150
4291 88 51645 1 52940
4292 91 58114 1 58418
4293 90 40040 2 40272
4294 15 45120 2 45268
4295 88 36058 1 36274
4296 88 77425 1 77825
4297 66 11084 3 11332
4298 60 23804 1 24003
4299 15 72646 1 73195
4300 6 70172 2 70711
4301 37 50339 1 50824
4302 15 20474 2 20554
4303 83 562 1 795
4304 98 11726 1 12397
4305 52 59010 1 59741
4306 14 73229 2 73750
4307 94 75764 1 76116
4308 85 23557 1 23936
4309 70 25599 1 25732
4310 88 30861 1 31299
4311 26 61571 3 62248
4312 24 17803 1 18309
4313 22 17196 1 17907
4314 15 76342 1 78665
4315 11 42512 4 42883
4316 66 65490 5 66019
4317 6 1189 2 1457
4318 8 52188 3 52805
4319 11 30597 3 30891
4320 85 31521 2 32133
4321 86 73229 3 73300
4322 74 63356 1 63762
4323 62 75797 1 76164
4324 87 54861 3 55390
4325 12 67913 2 68535
4326 85 33603 2 33944
4327 20 36488 3 37010
4328 44 4867 1 5769
4329 19 2614 1 3298
4330 83 65121 1 65668
4331 58 52717 1 53400
4332 43 17803 4 17909
4333 15 36215 1 36401
4334 37 1927 1 2480
4335 91 52618 1 52812
4336 20 47282 2 48025
4337 43 49731 2 50191
4338 37 49702 3 49833
4339 15 44892 2 44999
4340 28 31877 1 32119
4341 33 77537 4 77694
4342 37 60450 5 60723
4343 25 0 1 204
4344 91 4051 2 4867
4345 89 58651 1 59097
4346 57 33511 1 33692
4347 11 26860 1 27589
4348 15 46544 1 46939
4349 74 59012 1 59481
4350 88 58114 1 58707
4351 66 19915 2 20300
4352 58 44406 1 44714
4353 66 49494 3 49798
4354 44 44406 1 45719
4355 96 30861 3 31004
4356 68 67913 1 68627
4357 46 40040 3 40349
4358 11 38336 1 38805
4359 17 73229 2 73801
4360 91 36058 1 36378
4361 12 7796 1 8501
4362 11 51774 3 52172
4363 88 57276 1 58114
4364 87 11726 1 12452
4365 91 48576 1 48682
4366 53 22339 3 22379
4367 4 21492 2 22429
4368 95 30861 3 31485
4369 91 25776 1 26365
4370 26 12163 1 12882
4371 41 9300 1 9656
4372 20 52117 2 52764
4373 44 71360 1 71445
4374 34 25174 1 25563
4375 75 32554 1 32880
4376 25 58114 1 58489
4377 35 70893 1 71623
4378 15 50495 1 50944
4379 58 49311 1 49400
4380 94 75218 1 75785
4381 36 40040 5 40560
4382 26 52117 2 52841
4383 73 4621 2 5337
4384 91 48634 1 48898
4385 58 66095 1 66168
4386 91 66175 1 67871
4387 37 68845 2 69419
4388 68 59543 1 60094
4389 37 28888 2 29305
4390 87 71881 1 71984
4391 37 60463 1 60715
4392 79 30993 4 31408
4393 88 59746 1 60542
4394 43 59523 6 60206
4395 50 21988 2 22125
4396 42 68271 1 68457
4397 36 23557 1 23800
4398 37 8047 2 8864
4399 91 11465 5 11872
4400 85 76958 1 77528
4401 72 64398 3 64539
4402 88 65774 1 66331
4403 58 37084 2 37406
4404 97 21317 3 21624
4405 89 74775 1 75008
4406 90 19164 3 19339
4407 12 40430 1 40521
4408 66 51105 3 51304
4409 37 48147 1 48856
4410 75 58534 1 58996
4411 45 63001 2 63239
4412 43 35572 3 36271
4413 37 40507 1 40917
4414 85 46544 5 46621
4415 87 7540 1 8744
4416 12 41732 1 42003
4417 91 26567 3 27146
4418 26 57138 1 57837
4419 91 56387 2 56516
4420 13 55029 4 55667
4421 91 45670 2 45910
4422 44 51774 4 51896
4423 50 66470 2 66594
4424 37 14667 1 15379
4425 22 59523 3 59696
4426 91 49702 3 50325
4427 44 66627 1 66691
4428 46 74605 1 75277
4429 4 52717 2 53393
4430 91 3558 2 3696
4431 92 27486 4 27803
4432 87 31088 1 31548
4433 89 11084 5 11601
4434 11 29173 1 29333
4435 91 15115 1 15743
4436 85 53222 3 53921
4437 35 4953 2 5499
4438 75 38757 1 38867
4439 37 28038 2 28654
4440 74 43666 4 44397
4441 25 66470 1 68341
4442 91 72098 1 72472
4443 73 47768 2 48001
4444 92 56975 3 57158
4445 75 41932 5 42095
4446 37 39545 2 40281
4447 14 44016 1 44470
4448 36 29177 1 29500
4449 15 47147 2 47434
4450 5 34595 1 35216
4451 22 60772 1 61452
4452 85 30418 2 31002
4453 75 29333 2 29429
4454 25 49702 1 49927
4455 37 36594 1 37319
4456 61 41932 3 42445
4457 88 9869 1 10687
4458 91 64398 4 65121
4459 75 25174 1 25875
4460 39 74764 3 75067
4461 16 54613 6 55030
4462 94 20842 2 21547
4463 66 36281 2 36906
4464 12 15611 1 16275
4465 85 63971 1 64338
4466 55 51611 2 52038
4467 91 42512 1 42675
4468 15 29843 1 30560
4469 73 60831 4 61262
4470 66 22963 3 23386
4471 4 2480 2 2880
4472 88 33866 1 34960
4473 37 46944 1 47672
4474 6 24528 3 25187
4475 85 19988 2 20706
4476 88 59012 1 59076
4477 44 18505 3 18673
4478 88 76258 2 76912
4479 15 31088 3 31308
4480 39 72368 3 72944
4481 63 38336 4 38628
4482 44 71881 1 72534
4483 12 19460 1 19793
4484 24 77549 2 77735
4485 94 43666 1 44011
4486 91 60450 2 60810
4487 14 1189 6 1562
4488 33 66095 1 66225
4489 37 43596 3 44016
4490 20 4627 2 5199
4491 14 30676 1 30714
4492 80 41967 5 42331
4493 52 66668 1 67080
4494 91 60106 1 60772
4495 13 34595 4 35193
4496 64 36281 3 36823
4497 12 59768 1 60183
4498 63 13531 1 13942
4499 75 56819 4 57381
4500 96 66355 1 66421
4501 9 9726 1 9808
4502 14 63325 1 63415
4503 88 56217 1 56635
4504 26 18354 3 18473
4505 37 2614 3 3120
4506 57 16511 1 16598
4507 23 16175 7 16890
4508 42 41551 1 42218
4509 58 22529 1 23217
4510 22 10054 1 10696
4511 6 22339 4 22375
4512 88 41841 1 42454
4513 52 3046 3 3545
4514 6 63049 1 63368
4515 2 42056 7 42234
4516 66 57138 1 57636
4517 63 29177 3 29709
4518 14 64239 5 64444
4519 26 63091 2 63275
4520 69 28576 1 28853
4521 62 41125 3 41296
4522 15 10147 1 10365
4523 68 29177 2 29520
4524 11 76975 4 77237
4525 8 72882 1 73282
4526 6 76958 1 77492
4527 6 37954 2 38216
4528 1 4456 2 4961
4529 88 48334 1 49475
4530 38 24580 7 24664
4531 1 44016 2 44455
4532 68 49781 5 50315
4533 39 30418 3 30747
4534 42 6329 1 6760
4535 25 4813 3 4953
4536 5 65121 1 65551
4537 68 73156 2 73335
4538 84 45268 1 45486
4539 8 56975 1 57520
4540 68 16511 1 16960
4541 15 11084 4 11726
4542 87 58114 1 58750
4543 34 17803 2 18434
4544 11 44956 4 45341
4545 6 63001 1 64422
4546 80 36215 6 36728
4547 10 75218 3 75245
4548 88 40748 1 41967
4549 6 70997 4 71201
4550 57 76958 1 77232
4551 10 38757 3 39440
4552 94 47768 1 47899
4553 15 28038 1 28601
4554 37 63091 5 63113
4555 11 54974 1 55780
4556 50 65434 2 66066
4557 88 14612 1 15344
4558 15 18844 3 19406
4559 91 73512 1 73798
4560 11 43596 1 44156
4561 92 53222 2 53284
4562 16 52287 3 52727
4563 20 59012 4 59318
4564 9 43033 3 43614
4565 13 11084 3 11228
4566 4 4552 2 5659
4567 38 25599 5 25955
4568 13 44350 4 45099
4569 31 31877 5 32356
4570 57 9300 1 9921
4571 75 52262 1 53221
4572 2 58399 3 58598
4573 92 63001 1 63089
4574 15 40430 2 40948
4575 87 66095 1 66356
4576 75 16050 1 16092
4577 25 63001 2 63296
4578 9 30861 1 31399
4579 56 58719 1 59222
4580 20 25599 2 25839
4581 85 12337 1 12532
4582 85 41967 3 42626
4583 52 48334 1 48574
4584 50 13531 2 13785
4585 17 11872 1 12180
4586 44 42512 1 42649
4587 44 15300 3 16509
4588 6 27146 1 27641
4589 25 2614 1 3251
4590 15 17196 1 17803
4591 66 65121 3 65369
4592 37 53222 2 53893
4593 44 37183 1 37833
4594 66 60111 2 60178
4595 29 10054 5 10354
4596 4 41275 1 42975
4597 40 75764 1 76289
4598 24 74413 2 74493
4599 66 72646 1 72829
4600 11 3979 3 4628
4601 44 54613 1 54858
4602 40 19839 6 20109
4603 75 53896 1 53956
4604 52 1300 2 1847
4605 88 67831 1 68475
4606 75 40040 2 40362
4607 74 41967 1 42693
4608 2 50378 3 50554
4609 25 5410 1 5526
4610 87 40040 1 40138
4611 37 9300 3 9439
4612 74 20548 1 20684
4613 15 54858 1 55277
4614 26 65434 4 65693
4615 65 78665 2 78970
4616 88 54442 1 56273
4617 9 56975 2 57339
4618 87 52717 1 53419
4619 68 45268 1 45422
4620 23 2614 2 3290
4621 11 75218 2 75652
4622 87 68847 2 69197
4623 91 22963 1 23126
4624 88 72681 1 73146
4625 4 58399 1 58651
4626 29 20640 4 21371
4627 91 20548 2 20967
4628 73 40430 1 41148
4629 87 23728 1 24382
4630 58 44016 1 44449
4631 17 70800 2 71206
4632 87 38757 3 39021
4633 15 61613 1 62159
4634 12 45187 1 45289
4635 59 66668 3 66881
4636 90 47228 3 47701
4637 4 72882 2 73064
4638 85 56461 2 56567
4639 4 59543 1 59757
4640 44 53222 1 53778
4641 79 63001 3 63635
4642 25 3558 2 4188
4643 37 18290 1 18570
4644 37 59010 1 59623
4645 8 11084 1 11289
4646 91 51611 1 52075
4647 37 70796 1 71370
4648 88 44016 1 45303
4649 9 62430 3 62542
4650 75 73512 1 74184
4651 8 56663 3 56734
4652 57 3697 1 3937
4653 37 58114 1 58800
4654 39 41932 1 42446
4655 44 36250 1 36277
4656 91 16946 1 18144
4657 66 45670 3 46369
4658 44 10054 1 10415
4659 11 34595 1 35073
4660 91 25875 1 26246
 调度评估结果
1. 任务等待评估 (Σ 等待×权重): 1521136658
2. 任务完成评估 (最大完成时间): 80214
3. GPU显存空闲评估 (平均空闲): 18881.41 GB/时间片
 额外统计
已调度任务               : 4660/4660
平均等待时间            : 31916.64
各服务器任务分布      : 服务器1=42, 服务器2=47, 服务器3=2, 服务器4=165, 服务器5=41, 服务器6=86, 服务器7=32, 服务器8=70, 服务器9=78, 服务器10=65, 服务器11=145, 服务器12=25, 服务器13=43, 服务器14=59, 服务器15=261, 服务器16=19, 服务器17=26, 服务器18=4, 服务器19=21, 服务器20=89, 服务器21=7, 服务器22=35, 服务器23=19, 服务器24=25, 服务器25=160, 服务器26=106, 服务器27=9, 服务器28=11, 服务器29=14, 服务器30=13, 服务器31=8, 服务器32=4, 服务器33=12, 服务器34=52, 服务器35=47, 服务器36=58, 服务器37=230, 服务器38=14, 服务器39=14, 服务器40=68, 服务器41=28, 服务器42=15, 服务器43=72, 服务器44=168, 服务器45=4, 服务器46=16, 服务器47=3, 服务器48=6, 服务器49=6, 服务器50=58, 服务器51=8, 服务器52=73, 服务器53=33, 服务器54=5, 服务器55=11, 服务器56=12, 服务器57=28, 服务器58=92, 服务器59=10, 服务器60=19, 服务器61=35, 服务器62=7, 服务器63=77, 服务器64=22, 服务器65=30, 服务器66=160, 服务器68=61, 服务器69=18, 服务器70=2, 服务器71=3, 服务器72=5, 服务器73=39, 服务器74=57, 服务器75=186, 服务器76=3, 服务器77=2, 服务器78=1, 服务器79=22, 服务器80=13, 服务器81=14, 服务器82=4, 服务器83=18, 服务器84=8, 服务器85=110, 服务器86=5, 服务器87=137, 服务器88=176, 服务器89=29, 服务器90=8, 服务器91=371, 服务器92=50, 服务器93=2, 服务器94=31, 服务器95=5, 服务器96=12, 服务器97=15, 服务器98=29
