1 24 77390 1 78381
2 47 74213 1 74873
3 4 52647 1 52903
4 53 26188 2 27010
5 77 51701 2 51804
6 51 51701 1 52657
7 89 74213 3 75112
8 60 28696 2 29184
9 76 22902 1 23083
10 90 42280 1 42413
11 89 26154 1 27101
12 79 21084 2 21430
13 27 3662 1 4592
14 54 39660 4 40172
15 49 74213 1 74496
16 80 20574 1 20810
17 4 11881 5 12716
18 11 69985 2 70657
19 79 59419 1 59971
20 81 60241 1 60476
21 78 59316 1 59844
22 12 24427 1 24772
23 65 62930 1 63612
24 93 56281 2 56401
25 77 77667 3 78598
26 31 38853 1 39572
27 33 32252 1 32529
28 12 69985 2 70079
29 96 23586 2 24128
30 57 38853 1 39674
31 27 75593 1 76291
32 46 4830 1 5170
33 93 27257 1 27714
34 24 45698 3 46047
35 79 60903 2 61537
36 80 46739 1 46930
37 21 16775 2 16965
38 76 62930 1 63897
39 20 48 2 710
40 93 10975 2 11340
41 65 57235 1 57577
42 28 5815 1 6019
43 10 23586 1 23931
44 69 13693 2 14572
45 88 62569 1 62779
46 9 55022 1 55155
47 9 35354 1 35728
48 86 43166 4 43293
49 80 76210 1 77137
50 31 9027 3 10016
51 91 31330 1 31412
52 89 50858 2 51701
53 55 71216 1 71406
54 14 11161 1 11888
55 11 49886 4 50297
56 49 10142 2 10609
57 66 77003 1 77958
58 82 38947 1 39718
59 6 10975 2 11935
60 88 9447 1 9798
61 4 26269 1 26870
62 46 62302 3 63121
63 27 5457 1 5790
64 89 9447 4 10299
65 21 22902 2 23571
66 76 54778 1 55343
67 8 60903 1 61442
68 98 67340 3 67497
69 32 41454 1 41546
70 24 20836 1 21051
71 80 25200 1 25600
72 69 14792 1 15330
73 63 27483 1 28454
74 92 290 1 1027
75 22 13086 2 13772
76 21 12617 1 12953
77 14 59448 1 59854
78 96 73413 1 73994
79 80 73745 1 74392
80 51 40098 1 40713
81 65 67340 4 67913
82 61 17543 1 18346
83 82 43166 1 44068
84 91 73745 1 74584
85 77 52647 1 53524
86 31 51701 1 52234
87 96 37336 2 38277
88 92 39300 1 39633
89 69 37845 2 38173
90 36 75305 1 75745
91 65 26928 1 27690
92 28 71216 2 71973
93 80 27257 1 28131
94 89 75723 2 77023
95 53 11881 1 12486
96 83 69985 2 70461
97 53 25390 2 26148
98 80 56830 1 57772
99 7 75931 1 76210
100 16 72169 2 72759
101 8 56830 1 57162
102 24 59316 2 59527
103 57 54917 1 55220
104 78 68204 2 68695
105 90 13776 1 14093
106 8 67548 3 68313
107 79 37122 1 38073
108 41 49768 3 50582
109 15 8048 1 8195
110 81 70795 2 71198
111 24 9447 3 10432
112 24 17753 2 18458
113 69 56498 2 57132
114 89 43629 1 44209
115 41 40098 4 40296
116 4 44609 2 45444
117 88 1999 1 2640
118 71 882 2 1433
119 4 13898 1 14765
120 12 33037 1 33182
121 90 64696 2 65476
122 4 52023 1 52236
123 69 6733 1 7235
124 53 50383 1 51252
125 89 22173 1 22595
126 92 44415 1 45795
127 9 23 1 290
128 2 4845 1 5366
129 99 54185 2 54376
130 90 9027 2 9383
131 61 31330 2 31907
132 90 26154 2 27129
133 58 56281 4 56999
134 92 16775 1 16998
135 89 62499 3 63490
136 89 41454 2 41886
137 82 71216 2 71403
138 15 33037 1 34039
139 79 29632 1 30519
140 77 15373 1 16333
141 57 51789 1 52682
142 94 11485 3 12218
143 61 30002 1 30145
144 2 53336 1 53431
145 82 75305 1 75812
146 30 882 2 1871
147 37 42001 1 42963
148 11 30663 1 31108
149 61 35601 2 36108
150 62 77390 1 78352
151 4 4845 1 5336
152 79 73745 2 74166
153 17 68810 2 69245
154 34 38947 2 39940
155 82 23586 1 24221
156 82 54778 1 55426
157 4 48259 1 49088
158 60 19229 3 19834
159 9 71875 1 72837
160 100 20836 5 21024
161 83 21758 2 22543
162 60 77390 5 77995
163 60 54185 1 54376
164 9 29632 1 30144
165 53 31806 1 32291
166 9 70888 1 71429
167 7 20224 1 21150
168 19 57075 1 57751
169 66 15856 1 16815
170 59 41454 1 41588
171 76 25390 1 25493
172 37 54894 1 54992
173 49 5336 2 6321
174 33 62930 1 63096
175 61 23586 1 23823
176 59 44209 1 44649
177 83 35249 1 35486
178 46 11820 1 12688
179 59 58364 1 58740
180 55 5815 3 6054
181 31 70961 3 71922
182 41 75931 1 76508
183 51 27483 1 27724
184 39 56485 1 57076
185 10 25200 1 25285
186 57 42829 2 43554
187 65 41454 1 42390
188 47 5062 1 5166
189 18 61765 1 62736
190 83 45985 1 46886
191 80 9667 1 10840
192 4 46739 4 46944
193 81 27921 3 28154
194 15 12617 4 13336
195 31 73745 1 74302
196 22 34272 2 34842
197 4 7763 2 8472
198 9 77667 1 78508
199 47 33382 1 33723
200 98 29967 3 30477
201 7 44415 1 44782
202 89 12829 1 13086
203 30 1999 2 2888
204 65 56281 1 56516
205 80 34563 1 34734
206 17 62149 2 62960
207 2 57235 1 58012
208 47 62859 1 63537
209 32 9447 1 10362
210 66 62622 1 63198
211 84 34563 1 35547
212 44 62569 3 63287
213 89 41994 3 42989
214 60 26928 5 27317
215 88 33037 1 33437
216 52 12617 1 13332
217 18 68810 2 69061
218 11 7552 1 7962
219 78 6461 2 6813
220 21 24167 1 25261
221 31 37336 1 37536
222 54 70341 4 70593
223 8 23729 1 24701
224 89 32030 1 32381
225 4 32153 1 33033
226 46 8048 1 8761
227 84 13693 2 14400
228 87 52477 1 52691
229 15 37122 1 37528
230 91 13776 1 14009
231 61 66900 3 68156
232 7 6 1 731
233 20 74266 1 74606
234 98 33200 2 33738
235 30 5815 1 6194
236 12 54778 1 55634
237 79 68637 2 69455
238 7 40098 1 40446
239 46 29967 1 30351
240 42 54778 3 55741
241 15 44415 1 44788
242 89 25318 1 26017
243 83 39196 4 39683
244 88 69542 1 70060
245 4 13086 2 13898
246 24 62622 1 63106
247 40 69985 1 70629
248 70 68810 1 69540
249 85 33200 1 34025
250 6 51701 2 52533
251 87 69985 1 70587
252 98 11820 4 12735
253 39 72812 1 73732
254 61 68762 1 69545
255 91 71875 1 72868
256 19 882 5 1673
257 87 59316 1 59791
258 36 77667 1 78459
259 69 65631 2 65711
260 61 15856 2 16248
261 51 74213 1 74789
262 36 73745 1 74158
263 47 61946 1 62742
264 52 68810 1 69568
265 21 5457 1 5623
266 23 49977 4 50328
267 78 5062 3 6051
268 66 30189 1 31000
269 28 32153 1 32357
270 4 24427 1 25200
271 82 19281 2 19838
272 77 74266 1 74475
273 39 63735 1 64257
274 9 9953 1 10913
275 77 24167 1 24506
276 19 1999 3 2599
277 7 731 1 1011
278 27 52070 2 52897
279 21 9984 1 10711
280 31 9953 1 10852
281 78 17260 1 17423
282 61 39424 1 40417
283 70 16050 1 16863
284 80 65631 1 66401
285 61 75305 1 75593
286 56 26154 1 26975
287 15 23186 1 24625
288 24 27407 1 27515
289 89 13693 3 14260
290 88 26251 1 26881
291 19 64696 5 65544
292 77 3662 1 4458
293 9 64849 1 64932
294 69 49077 1 50179
295 28 39261 2 39604
296 21 49263 1 49953
297 62 67548 1 68063
298 25 37336 1 37546
299 12 69283 1 69617
300 2 56281 1 56958
301 17 51701 1 51937
302 79 47414 1 47756
303 79 56830 1 57746
304 27 33200 5 33554
305 59 26251 1 27216
306 77 64849 2 65709
307 25 68408 1 69770
308 16 73046 1 73939
309 79 68255 1 68811
310 71 16775 1 17269
311 8 38853 1 39484
312 53 29632 1 29754
313 61 40098 1 41454
314 11 20836 1 21079
315 15 49077 5 49977
316 47 15856 1 16701
317 89 20836 1 21084
318 89 24167 4 24465
319 87 64849 1 65059
320 4 67969 2 68352
321 79 53336 1 54279
322 96 17665 1 17753
323 41 9791 1 10193
324 89 6858 3 7796
325 55 59316 4 59835
326 11 77003 1 77709
327 65 50272 1 51024
328 79 59419 1 60184
329 61 42 1 882
330 4 50272 1 51200
331 93 58364 1 58909
332 69 4830 1 5107
333 69 61765 2 62512
334 9 62930 1 63524
335 24 25092 3 25227
336 25 71194 1 72684
337 83 17260 1 18211
338 35 21084 1 21382
339 90 76968 1 77454
340 25 22902 1 24050
341 79 28696 3 28883
342 80 10299 1 11063
343 85 66900 1 67113
344 6 3084 2 3959
345 39 17910 1 18600
346 4 73745 1 74475
347 10 76210 1 76748
348 92 3084 1 3526
349 4 6733 1 7519
350 61 37122 4 37860
351 86 28137 5 28687
352 1 44801 2 45694
353 46 30661 3 31128
354 80 76968 1 77519
355 53 19054 1 19735
356 79 65631 1 66293
357 76 16050 1 16610
358 62 11881 3 12653
359 9 4830 1 5602
360 2 1999 1 2453
361 57 67548 1 67905
362 88 20836 1 21758
363 90 27257 3 27893
364 83 5062 1 5226
365 66 67969 1 68925
366 79 56485 2 56603
367 47 20836 1 21684
368 51 6461 1 7694
369 7 14891 1 15698
370 77 28696 2 29497
371 62 22902 3 23764
372 29 51701 1 52364
373 69 25200 1 26287
374 17 44765 1 45619
375 10 16775 1 17420
376 67 73745 2 74664
377 23 62930 1 63544
378 12 31034 5 31219
379 30 22902 2 23829
380 79 47816 1 48179
381 23 28737 1 29253
382 76 68810 1 69290
383 41 3084 1 3968
384 32 35249 2 36035
385 30 11820 2 12790
386 90 65631 1 65844
387 50 31330 1 32102
388 92 25318 1 26148
389 91 66201 1 67066
390 92 27921 1 28653
391 77 69542 1 70328
392 7 5062 1 5431
393 76 19054 2 19733
394 25 32153 1 32673
395 25 52647 1 53720
396 3 15856 1 16777
397 21 14155 2 14703
398 59 65631 1 65931
399 76 27407 1 27793
400 53 17910 2 18318
401 83 63735 1 64141
402 69 62859 2 63786
403 60 49263 5 50167
404 71 16965 4 17592
405 94 41454 1 42372
406 51 57003 1 57637
407 33 67340 1 67646
408 93 40098 2 40695
409 21 56830 1 57800
410 47 75753 1 76505
411 78 28696 2 28882
412 61 44415 2 44765
413 81 21084 1 21317
414 40 13693 2 14610
415 6 77003 1 77499
416 87 56281 1 56525
417 25 75753 1 76380
418 56 71875 2 72026
419 46 9027 1 9583
420 16 37336 2 38193
421 69 47414 1 48002
422 37 56281 1 57197
423 27 37122 2 37450
424 13 35354 2 35910
425 65 72274 1 72442
426 50 49263 2 50182
427 10 6560 2 7391
428 61 76517 1 77213
429 9 41454 1 42128
430 80 3084 1 3342
431 22 42807 1 43425
432 69 19054 1 20063
433 53 27921 1 28479
434 18 41723 1 42267
435 86 52070 4 52887
436 41 56830 2 57051
437 20 14155 3 15055
438 53 54798 1 55732
439 20 22902 3 23902
440 71 70961 2 71075
441 5 75305 4 75600
442 83 15391 1 16361
443 25 44209 1 45469
444 76 51789 1 52018
445 27 70543 1 71002
446 69 15856 2 16646
447 51 37845 1 38532
448 81 50858 1 51852
449 31 26966 2 27711
450 94 44782 2 45316
451 52 26251 2 26576
452 83 49077 1 49992
453 17 12235 1 12588
454 87 63392 1 63750
455 1 42807 1 43530
456 69 33540 2 34067
457 12 21758 1 22285
458 22 63392 1 64380
459 17 76968 1 77474
460 89 37122 3 37845
461 100 4003 4 4255
462 42 1999 5 2272
463 53 76380 1 77099
464 73 70964 1 71538
465 7 5815 1 7109
466 41 31330 1 31669
467 81 61871 1 62717
468 46 19054 1 20222
469 100 51701 2 52566
470 46 15856 4 16309
471 15 56281 1 57075
472 11 26193 2 26434
473 17 14765 2 15147
474 18 38853 1 39241
475 12 19054 3 19757
476 80 34272 1 34427
477 65 9027 1 9830
478 54 58364 1 58450
479 10 12617 2 13614
480 79 29632 1 30147
481 8 70961 2 71435
482 15 6044 2 6942
483 83 34272 3 35109
484 79 53336 1 53610
485 9 47552 1 47716
486 80 52647 1 53319
487 80 60241 1 60684
488 47 61765 1 61868
489 4 52477 1 53013
490 51 71875 1 72302
491 2 63392 1 64127
492 25 17543 1 18537
493 64 26269 1 26606
494 80 49263 1 49934
495 16 9027 3 9978
496 81 43629 1 44573
497 58 17543 3 18228
498 79 71875 3 72169
499 67 45673 1 46457
500 10 45676 1 45784
501 21 64079 3 64849
502 96 30145 1 30231
503 15 27216 2 27969
504 18 63392 1 63900
505 16 77667 2 78518
506 30 27921 1 28557
507 11 18 2 312
508 82 5336 1 5657
509 79 54685 1 55188
510 90 70888 2 71818
511 21 6560 1 7197
512 61 16775 1 17671
513 80 44415 2 44573
514 62 70961 1 71732
515 32 34272 3 34950
516 20 20574 1 21344
517 94 19292 1 19821
518 47 70795 1 71786
519 39 68408 1 69253
520 11 54185 2 54788
521 55 64030 1 64449
522 10 65631 2 65808
523 65 44782 1 45752
524 53 42923 1 43221
525 79 49263 3 50208
526 51 9953 1 10108
527 78 30145 2 31111
528 35 55679 4 55840
529 17 70961 2 71852
530 65 35354 1 35474
531 80 21758 1 22176
532 25 19229 1 19831
533 6 55500 1 55673
534 78 38947 1 39746
535 54 9027 3 9297
536 73 27921 1 28001
537 62 15373 1 16637
538 77 20836 1 21659
539 51 29967 1 30601
540 49 17543 1 17929
541 15 17543 2 18381
542 87 72812 1 73411
543 30 30878 2 31178
544 66 41723 1 42586
545 98 75931 2 76189
546 78 35249 3 35446
547 61 43387 2 43553
548 6 28696 2 29443
549 81 39660 1 40159
550 4 6461 2 7056
551 79 21430 1 22164
552 21 33229 1 34183
553 15 44801 1 44968
554 17 77667 1 77906
555 89 38947 1 39424
556 89 58364 1 59316
557 9 19281 1 20235
558 32 17586 1 17756
559 88 15255 1 15917
560 9 44415 1 45286
561 39 52243 1 52548
562 89 55500 1 55775
563 30 61765 1 62473
564 69 20224 3 20611
565 20 29632 3 29795
566 15 68582 2 69542
567 52 11485 2 11995
568 64 34272 1 34494
569 79 15444 1 16038
570 30 40098 2 40194
571 21 56281 2 56562
572 89 52243 1 52559
573 7 9791 1 9984
574 15 17543 1 17657
575 59 23669 1 24144
576 79 64696 2 65631
577 41 37336 1 38019
578 27 73745 1 73931
579 7 47833 1 48421
580 40 21758 1 22705
581 9 26966 1 27460
582 77 47816 1 48425
583 77 11820 3 12211
584 61 52070 2 52205
585 85 48179 1 48769
586 46 731 1 829
587 87 54798 1 55074
588 89 14765 1 15591
589 8 15856 1 16675
590 9 34272 1 35053
591 3 16775 1 17428
592 37 20836 2 21755
593 90 3953 1 4898
594 81 290 2 749
595 79 52647 1 53540
596 80 50660 1 51018
597 46 67969 2 68809
598 89 58364 2 59021
599 30 58364 1 58821
600 82 44765 1 45443
601 28 26154 1 26486
602 57 53336 1 54270
603 60 27921 3 28278
604 81 75889 1 76132
605 21 33037 1 33229
606 76 13231 1 13564
607 11 38853 2 39418
608 69 3662 3 3994
609 13 39300 1 40092
610 36 35249 1 35972
611 60 20224 5 20702
612 80 20224 1 20361
613 15 59316 1 60218
614 15 26966 1 27373
615 28 63735 1 64017
616 31 62499 1 62823
617 87 49768 1 50164
618 30 47751 2 48512
619 81 13776 1 14665
620 39 69985 1 70617
621 61 26154 2 26234
622 30 53693 2 54514
623 4 63392 1 64093
624 54 6461 1 6953
625 2 77667 1 78134
626 83 77667 1 78537
627 24 21758 2 22276
628 62 5525 1 5998
629 80 33037 1 33839
630 7 64696 1 64840
631 4 26193 2 26593
632 20 15856 2 16092
633 30 56401 2 57007
634 46 35249 1 35789
635 61 62930 1 63374
636 61 25262 2 26154
637 91 53336 1 53660
638 76 49077 2 49174
639 98 18 1 899
640 93 1999 1 2654
641 96 33388 2 34122
642 49 42923 1 43435
643 99 33388 2 33797
644 72 44415 2 45002
645 88 5253 1 5477
646 61 70888 1 71864
647 93 43629 2 43778
648 7 61765 1 63570
649 20 54685 2 55266
650 65 69985 1 70445
651 15 41454 1 42381
652 69 72169 2 72275
653 51 67969 1 68119
654 22 29632 1 30526
655 62 58364 1 59230
656 21 70964 2 71614
657 46 76309 4 76541
658 3 51789 2 52263
659 4 16775 2 17586
660 41 61765 2 62141
661 83 65631 1 66587
662 47 46739 1 47537
663 28 75753 1 76486
664 47 39238 1 39766
665 25 31034 2 31351
666 51 33200 1 33564
667 81 1177 3 1933
668 16 63735 1 64072
669 86 38853 5 39345
670 65 29632 1 29732
671 9 19054 1 19191
672 77 68255 1 69002
673 17 27483 4 28203
674 81 46578 3 47247
675 55 76309 5 76542
676 67 75305 2 75889
677 7 12235 1 13066
678 24 16050 3 16429
679 100 77667 1 78353
680 15 25200 1 25598
681 9 15159 1 15828
682 7 37845 1 38863
683 62 32252 1 33250
684 14 56281 1 56514
685 89 25371 1 26193
686 92 42829 1 43074
687 41 7763 2 8416
688 11 5579 1 5946
689 19 51701 2 51981
690 88 17120 1 17682
691 9 28696 1 28779
692 25 39261 1 41420
693 90 13231 1 13693
694 41 41454 1 41699
695 20 5579 3 5760
696 87 47816 1 48431
697 15 1999 1 2642
698 40 26269 2 26358
699 24 10975 3 11776
700 98 67590 1 67683
701 100 41454 3 42379
702 33 29632 1 30496
703 46 70961 1 71911
704 93 17543 2 17895
705 40 11820 1 12436
706 99 13086 1 13584
707 56 50272 1 50395
708 20 9993 1 10529
709 20 57478 3 58122
710 76 73745 1 74617
711 7 33037 1 33132
712 59 41650 1 42321
713 76 44415 1 44800
714 89 53693 1 54338
715 63 54917 1 55336
716 24 25371 1 25801
717 24 63735 1 64020
718 24 57003 1 57856
719 93 38853 1 39777
720 89 24465 3 25318
721 56 70964 2 71850
722 89 28925 3 29338
723 24 54338 1 54673
724 67 17586 1 18276
725 69 37122 1 37516
726 46 27744 1 28049
727 81 77390 1 77549
728 79 14792 2 15148
729 61 30661 2 31134
730 59 43390 1 44014
731 61 39660 1 39875
732 89 67969 3 68851
733 88 42556 1 43267
734 76 20836 1 21503
735 77 67340 1 68140
736 90 64030 1 64292
737 37 76517 1 76942
738 61 76968 2 77390
739 51 13776 1 14458
740 61 19281 2 20194
741 11 75305 3 75503
742 7 75112 1 75931
743 89 46571 1 47759
744 79 44691 1 45559
745 77 76968 4 77237
746 79 510 1 731
747 45 76968 1 77701
748 69 64696 1 65358
749 76 67548 1 68371
750 52 69542 1 70358
751 4 9027 1 9178
752 27 10142 1 10552
753 2 37122 1 38117
754 56 65631 2 65957
755 54 21758 1 22728
756 39 38947 1 39536
757 55 7409 2 8073
758 19 50272 2 51088
759 49 73189 1 73943
760 49 67969 1 68672
761 77 17543 4 17793
762 96 72169 1 72511
763 100 63003 2 63105
764 42 73046 3 73696
765 2 61765 1 61917
766 82 37528 1 37817
767 28 37845 1 38832
768 91 56281 1 56550
769 88 47552 1 48520
770 18 10711 1 11092
771 100 16775 1 17309
772 24 58364 1 59075
773 12 37336 3 37601
774 15 19054 2 19715
775 24 76210 3 77170
776 88 35521 1 36151
777 59 63392 1 64376
778 50 30661 1 31316
779 89 5763 2 6518
780 21 65631 2 66201
781 76 55500 1 56392
782 93 53693 2 53873
783 7 57478 1 58239
784 25 61765 1 62477
785 25 47751 1 48910
786 84 42829 1 43036
787 45 54185 2 55182
788 4 5336 1 5704
789 41 35249 1 35397
790 24 41831 1 42089
791 96 49768 2 50168
792 79 75112 1 76010
793 65 30189 1 30834
794 7 25200 1 26188
795 7 70341 1 70730
796 61 4705 1 5566
797 22 68204 1 68328
798 45 3084 1 4060
799 83 43029 4 43204
800 30 17120 2 17425
801 22 60903 2 61718
802 36 34796 1 34966
803 24 15159 5 15726
804 15 58364 1 59135
805 89 6600 1 7434
806 80 7409 1 8251
807 17 50660 1 51350
808 87 10711 1 11114
809 73 71875 1 72187
810 19 31034 2 31563
811 4 54185 1 54715
812 21 68255 1 68483
813 23 35249 2 35442
814 69 41454 1 41617
815 3 71194 1 71599
816 69 43029 2 44000
817 7 14458 1 14891
818 4 9178 1 9988
819 81 64696 2 65593
820 21 30878 1 31264
821 18 9180 1 10032
822 2 41454 1 42146
823 31 77667 2 77950
824 27 72169 2 72797
825 79 69542 2 70893
826 80 34796 2 35354
827 41 73745 1 73977
828 87 65631 1 66053
829 25 69985 1 70543
830 8 49077 1 49365
831 96 46751 1 46895
832 88 40170 1 40833
833 87 19054 1 20042
834 69 54185 1 54612
835 96 35601 1 36499
836 11 13086 1 13429
837 21 9027 1 9681
838 89 55679 1 56281
839 51 12235 1 12864
840 10 731 1 1711
841 59 3084 1 3388
842 83 76968 2 77598
843 96 15856 1 16203
844 22 26966 2 27916
845 33 7763 2 7933
846 36 10975 2 11665
847 81 8048 1 8616
848 24 9027 1 9883
849 27 63416 1 64311
850 99 3084 2 3849
851 39 75305 1 75936
852 3 33540 1 34296
853 61 77390 3 77667
854 21 37122 3 37616
855 20 37528 2 37970
856 96 20224 1 20399
857 57 52793 1 53463
858 51 11485 1 11583
859 39 51701 1 51818
860 51 53693 1 53797
861 79 64030 1 64930
862 63 9447 1 9785
863 77 33037 1 33572
864 71 26928 1 27172
865 24 16050 1 17010
866 12 33540 1 33959
867 66 29632 1 29822
868 75 52185 1 52909
869 46 63474 1 64201
870 7 37122 1 37679
871 8 73745 1 73957
872 59 28737 1 29428
873 69 32153 1 32242
874 78 25262 1 25419
875 4 9447 1 10167
876 11 59316 1 59749
877 94 47833 2 47997
878 31 43166 1 43478
879 69 41617 3 42462
880 3 63474 1 63679
881 79 33037 3 33715
882 59 8048 1 8722
883 24 33382 1 34181
884 12 2457 2 2733
885 99 20836 3 21663
886 96 45985 1 46294
887 30 25390 1 26366
888 41 49077 2 49589
889 79 68204 1 68875
890 66 44609 1 45541
891 80 9713 1 10119
892 77 17910 1 18022
893 96 31034 1 31258
894 25 27100 1 27921
895 74 70961 1 71123
896 4 22164 1 22600
897 15 6733 1 7552
898 100 53693 2 54553
899 1 1999 2 2437
900 30 63474 1 63902
901 89 16050 2 16916
902 4 43029 2 43442
903 100 24427 1 24517
904 54 30002 3 30422
905 96 43029 1 43706
906 31 60903 4 60995
907 11 61765 2 61886
908 11 30663 1 31583
909 27 43387 1 43757
910 69 73745 2 74444
911 77 40098 2 40553
912 46 10975 1 11774
913 76 52647 1 53177
914 61 64030 2 64696
915 15 45698 2 46751
916 39 44415 1 44506
917 40 6461 1 7004
918 3 731 1 1696
919 61 30145 1 30283
920 25 3084 1 3984
921 91 3662 1 4607
922 81 41831 1 42544
923 51 2457 1 2650
924 3 16050 2 16759
925 11 28696 1 29467
926 99 65631 3 65834
927 90 22902 2 23766
928 31 72274 3 72731
929 21 5815 3 6560
930 93 9178 1 9643
931 27 6858 3 7604
932 79 60184 1 60903
933 76 7 1 991
934 67 75889 1 76175
935 27 34563 1 34661
936 89 7763 1 9027
937 83 70961 4 71227
938 78 11881 1 12466
939 33 16775 1 17035
940 19 13776 4 14197
941 21 15856 1 16775
942 71 70964 3 71053
943 69 15373 1 15720
944 56 69985 1 70386
945 47 44209 1 45019
946 69 27216 3 27996
947 77 14891 1 15051
948 77 44209 2 44830
949 24 35249 1 35757
950 11 24427 2 25222
951 12 25390 2 26200
952 40 57003 1 57830
953 54 14458 4 15019
954 91 5431 1 5568
955 32 52647 1 52850
956 9 63524 1 64254
957 83 43267 3 44125
958 17 65631 2 65849
959 21 14703 1 15572
960 89 43267 2 43692
961 19 37122 2 37641
962 13 61871 1 62123
963 89 3084 1 3662
964 12 59448 3 59703
965 7 23287 1 23669
966 96 11881 1 12482
967 87 60184 1 60475
968 24 45676 2 45825
969 78 58364 2 58548
970 61 71875 1 72253
971 67 55500 3 56245
972 21 50272 2 50360
973 81 35249 1 36223
974 2 67969 1 68357
975 79 5525 1 5763
976 49 26251 2 26361
977 27 50383 1 51349
978 78 63392 1 63853
979 61 40170 1 40274
980 70 54778 1 55254
981 12 35249 2 35704
982 80 30189 1 30943
983 60 52647 5 52749
984 2 7763 1 8019
985 46 15391 4 15856
986 64 17120 1 17886
987 4 69542 1 70164
988 25 7409 1 8051
989 56 52793 1 52921
990 24 74213 2 74835
991 27 40098 1 40261
992 59 37528 1 38356
993 66 26251 1 27171
994 84 21 2 872
995 17 43629 2 44111
996 79 19054 1 19139
997 7 23669 1 24007
998 89 47816 3 48738
999 55 22902 3 23080
1000 7 4705 1 5045
1001 53 25092 2 25301
1002 46 18082 1 18602
1003 8 41 1 525
1004 21 20611 1 20726
1005 89 70888 1 71988
1006 91 35249 1 36015
1007 62 5062 3 5477
1008 8 25200 3 25867
1009 62 41838 2 42527
1010 17 75931 2 76163
1011 25 65631 1 66460
1012 81 17260 1 17958
1013 17 63474 1 63785
1014 80 27073 1 27963
1015 23 65631 1 66055
1016 7 27921 1 28195
1017 25 2117 1 2459
1018 61 42556 1 42923
1019 51 15373 1 15523
1020 65 31034 3 31391
1021 4 17690 3 17903
1022 10 42556 1 42984
1023 92 11881 1 12629
1024 96 9953 1 10173
1025 10 49977 1 50810
1026 92 54778 1 54917
1027 62 21084 1 21233
1028 19 63474 2 63675
1029 8 61765 1 61935
1030 21 3953 1 4935
1031 70 9447 1 9590
1032 80 28696 1 30156
1033 98 17690 4 18362
1034 41 6044 1 6274
1035 20 48259 2 48609
1036 56 42807 2 43048
1037 53 44209 1 45027
1038 61 49478 1 50334
1039 60 13086 4 13912
1040 41 10975 1 11221
1041 20 6858 2 7796
1042 3 54685 1 55355
1043 36 50215 1 50350
1044 82 32153 2 32419
1045 21 22 2 394
1046 100 76517 3 77473
1047 93 16050 1 16259
1048 96 48334 2 48741
1049 28 75305 1 75866
1050 17 41723 4 42137
1051 22 70543 2 71540
1052 41 65631 1 66051
1053 61 7763 1 8274
1054 11 9027 1 9352
1055 81 6461 2 6893
1056 66 23729 1 24134
1057 36 13693 2 13829
1058 100 5062 3 5555
1059 22 72169 1 72617
1060 18 34272 2 34980
1061 24 47552 2 48413
1062 79 10142 1 10603
1063 24 52477 1 53235
1064 57 52185 1 53107
1065 28 54685 1 55266
1066 100 32030 3 32252
1067 7 46739 1 47833
1068 10 1999 1 2766
1069 87 35354 1 36048
1070 96 41723 1 42575
1071 25 54185 1 55022
1072 80 68156 1 68645
1073 22 76309 1 76841
1074 57 9713 1 10095
1075 52 14458 1 15357
1076 67 65631 1 66509
1077 81 54185 2 54365
1078 53 67601 1 68220
1079 96 38853 2 39506
1080 41 54185 1 55133
1081 33 9027 1 9440
1082 54 19281 4 19553
1083 98 37450 3 38325
1084 98 68810 2 68908
1085 58 39660 1 39893
1086 9 15856 1 16018
1087 21 51701 2 52376
1088 15 30857 1 32162
1089 10 52976 1 53869
1090 88 25390 1 26092
1091 81 49478 1 50013
1092 47 15391 1 15683
1093 69 35249 1 36214
1094 25 15856 2 16097
1095 59 33605 1 34215
1096 53 38853 1 38933
1097 14 35354 1 36152
1098 8 20224 1 20342
1099 96 17260 1 17665
1100 31 61946 1 62830
1101 10 70888 1 71351
1102 89 57003 1 58045
1103 16 49077 3 49907
1104 67 13776 1 14421
1105 7 28195 1 28704
1106 61 1177 1 1791
1107 100 33200 4 33463
1108 78 33382 3 34039
1109 99 11485 3 11791
1110 94 73931 4 74252
1111 6 52647 2 53310
1112 93 62825 2 63016
1113 21 49263 1 49913
1114 47 17543 1 17872
1115 53 59469 1 59876
1116 100 39660 1 40458
1117 21 47816 1 48071
1118 96 19054 2 19888
1119 51 70961 1 71216
1120 54 5815 1 6096
1121 2 54185 1 54664
1122 40 28137 2 28970
1123 24 13086 1 13440
1124 21 19281 2 20211
1125 2 47816 1 48366
1126 87 62499 1 62990
1127 32 4705 2 5060
1128 28 55541 1 56258
1129 57 34272 1 34681
1130 24 32030 1 32974
1131 6 5062 1 5157
1132 69 26928 1 27085
1133 96 49263 1 49662
1134 53 9027 2 9579
1135 7 50383 1 51147
1136 69 64696 1 65488
1137 27 58364 1 59102
1138 89 22173 3 22651
1139 76 48179 1 48590
1140 33 38853 1 39826
1141 11 68810 3 68922
1142 2 60223 1 60347
1143 15 57075 3 57493
1144 24 19054 5 19229
1145 30 45673 1 46599
1146 24 9027 2 9257
1147 57 9227 1 9908
1148 89 63562 1 64767
1149 27 33605 1 34190
1150 82 55679 1 56639
1151 53 45444 1 46314
1152 56 64696 2 65319
1153 8 6600 1 7591
1154 69 11161 1 11404
1155 62 52070 2 52229
1156 77 5763 3 6384
1157 53 3662 1 4238
1158 83 62569 1 62845
1159 80 58364 2 58579
1160 52 10975 1 11559
1161 61 70321 1 70613
1162 56 16775 2 17643
1163 23 68255 1 68605
1164 19 36155 1 36386
1165 89 882 2 1999
1166 4 36155 2 37145
1167 61 5579 1 5815
1168 91 52647 1 53128
1169 18 75112 1 75899
1170 44 63474 2 63807
1171 66 38947 1 39470
1172 100 1999 1 2563
1173 61 22902 4 23586
1174 40 52185 1 52781
1175 12 0 1 213
1176 15 37528 1 38304
1177 96 19 1 957
1178 17 3084 1 3189
1179 67 58364 1 58987
1180 47 34272 1 35085
1181 69 10711 1 10830
1182 100 49263 3 50157
1183 54 76517 1 77233
1184 59 20224 1 20921
1185 52 39660 1 40003
1186 51 19054 1 20024
1187 89 14458 2 15139
1188 55 54685 4 55266
1189 7 35521 1 36796
1190 98 14703 4 15255
1191 52 5602 2 5843
1192 77 34796 1 34998
1193 93 41994 1 42764
1194 3 74266 1 75229
1195 29 45673 1 45817
1196 41 1999 1 3644
1197 88 39261 1 39746
1198 89 64030 1 64880
1199 91 20224 1 20336
1200 69 1999 1 3532
1201 2 50383 1 51298
1202 87 51701 1 52433
1203 15 75305 1 75459
1204 79 62499 2 63354
1205 25 59869 1 60226
1206 25 21084 1 21797
1207 8 28696 1 29500
1208 21 29632 1 30387
1209 15 34272 1 35391
1210 24 75112 1 76108
1211 27 59869 4 60393
1212 86 54338 1 54764
1213 62 28696 3 29232
1214 29 3084 1 3242
1215 47 28696 1 29302
1216 87 17543 1 17671
1217 99 69985 2 70823
1218 85 12235 1 12315
1219 57 73413 1 74405
1220 57 45985 1 46946
1221 3 50660 1 51077
1222 33 17543 1 18008
1223 81 69985 1 70388
1224 15 9027 1 11217
1225 59 42556 1 42765
1226 53 30145 2 30658
1227 6 45444 2 46373
1228 24 24427 1 25260
1229 30 15373 1 15678
1230 3 38853 1 39221
1231 25 6144 1 6842
1232 77 13086 4 13963
1233 12 63735 2 63905
1234 70 9791 1 10501
1235 92 70961 1 71820
1236 77 61765 3 62718
1237 3 4705 1 5084
1238 6 42556 1 43524
1239 29 882 1 1535
1240 61 46571 1 47528
1241 39 63392 1 63604
1242 24 5062 1 5425
1243 58 63735 3 64172
1244 24 43390 1 43629
1245 3 68582 2 69306
1246 42 61871 1 62228
1247 8 49478 1 50127
1248 77 42556 3 43440
1249 7 51701 1 52005
1250 45 14792 2 15672
1251 41 36155 3 36464
1252 42 16050 1 16517
1253 61 17910 2 18585
1254 41 41723 1 41941
1255 30 55500 2 56392
1256 81 34272 2 34625
1257 27 30519 1 30881
1258 52 15391 1 16002
1259 71 75593 3 75771
1260 98 63735 1 64435
1261 52 17260 3 17667
1262 39 41838 1 42296
1263 23 56830 1 57000
1264 69 59316 1 61058
1265 15 54685 3 55501
1266 87 53336 1 54296
1267 62 54685 1 55845
1268 11 26966 2 27059
1269 29 32153 1 32611
1270 61 2117 1 3084
1271 100 52243 1 53070
1272 67 50660 1 51421
1273 53 46571 1 47429
1274 89 49347 1 50863
1275 89 44209 2 44691
1276 96 73189 1 73850
1277 30 54894 2 55364
1278 30 21758 1 21838
1279 40 59869 1 60093
1280 18 72169 1 72443
1281 80 63392 1 64218
1282 24 72274 2 73238
1283 61 57003 1 58311
1284 89 54894 2 55172
1285 46 17260 3 18082
1286 61 73745 2 74008
1287 88 9993 1 10220
1288 45 23186 1 24133
1289 92 41454 1 41979
1290 60 67590 4 68247
1291 43 55541 1 56338
1292 36 54185 1 54864
1293 24 62302 2 62907
1294 57 3953 2 4816
1295 100 33540 2 33788
1296 59 19054 1 19383
1297 69 54685 2 55089
1298 77 13 2 995
1299 2 73046 1 73672
1300 17 55500 2 55834
1301 92 49077 1 50048
1302 100 53336 1 53768
1303 90 49077 1 50049
1304 89 3953 1 4413
1305 65 77390 1 78260
1306 75 26193 1 27141
1307 31 44765 1 45541
1308 53 60223 1 61068
1309 4 49088 4 50272
1310 51 45673 1 47122
1311 7 54798 1 55679
1312 98 22164 2 22284
1313 31 21758 1 22745
1314 56 9791 2 10187
1315 21 35249 1 35896
1316 4 31330 3 32153
1317 80 28737 1 29485
1318 12 26928 5 27177
1319 36 61871 1 62762
1320 19 60903 4 61108
1321 5 72812 3 73594
1322 17 46578 4 46946
1323 46 69985 3 70925
1324 78 50858 1 51048
1325 12 54185 4 54398
1326 28 71875 2 72271
1327 46 75112 2 75916
1328 84 32153 1 32239
1329 82 5815 1 6183
1330 8 26251 1 26691
1331 100 46578 3 47136
1332 20 17753 1 17855
1333 64 9447 1 10347
1334 52 52376 1 52496
1335 87 58364 1 58872
1336 3 26966 1 27078
1337 89 8048 1 8924
1338 41 1999 1 2736
1339 81 27257 2 27776
1340 3 61871 2 62547
1341 27 4705 1 4876
1342 87 41723 1 42651
1343 54 33037 1 34019
1344 46 46739 1 47666
1345 61 14703 3 15391
1346 90 25371 3 25490
1347 65 55500 1 55869
1348 49 47163 2 47537
1349 45 4830 1 5653
1350 83 58364 2 58644
1351 11 2457 1 3148
1352 24 35249 2 35823
1353 79 4830 1 5525
1354 83 8048 1 8318
1355 78 70341 1 71028
1356 81 77667 2 78134
1357 87 7409 1 7752
1358 100 9027 1 9180
1359 4 42829 1 42931
1360 85 42829 1 43823
1361 89 26193 1 27026
1362 24 31330 3 32030
1363 82 28925 1 29182
1364 99 50383 1 50766
1365 14 75305 2 75803
1366 18 13086 1 13399
1367 91 46578 1 46896
1368 16 26200 2 26496
1369 11 731 4 1412
1370 49 9027 1 9642
1371 99 9 2 471
1372 11 44415 4 45289
1373 24 29632 1 30546
1374 80 69985 1 70975
1375 77 25092 1 25541
1376 79 6044 1 7028
1377 24 68255 4 68952
1378 8 44209 1 44915
1379 84 11881 1 12278
1380 87 61765 1 62253
1381 100 59316 2 60259
1382 61 23729 1 24427
1383 4 54798 4 55723
1384 50 71875 1 72174
1385 69 16775 3 17116
1386 30 59419 2 59644
1387 71 43267 4 44098
1388 79 38853 2 39196
1389 47 59448 1 59961
1390 98 19292 2 19605
1391 46 7409 1 8048
1392 33 12235 1 12565
1393 20 24465 3 24887
1394 46 29632 1 29972
1395 24 69985 1 70795
1396 2 49077 1 50007
1397 21 10711 1 10975
1398 56 21758 1 22267
1399 78 49768 3 50123
1400 42 71842 4 72350
1401 2 27257 1 27813
1402 65 70321 3 70973
1403 29 33229 1 34136
1404 30 35249 1 36164
1405 66 63735 1 64248
1406 19 4 5 452
1407 83 42829 1 43025
1408 51 20224 1 20794
1409 21 66201 1 66425
1410 62 69985 1 70342
1411 93 27257 1 28063
1412 4 68637 2 69246
1413 19 14458 2 15286
1414 45 10975 2 11820
1415 91 10142 1 10992
1416 17 6858 1 7522
1417 12 31806 1 32485
1418 30 67340 1 67601
1419 24 62149 1 62570
1420 24 30663 5 31330
1421 87 4003 1 4412
1422 69 38853 1 39850
1423 49 13086 1 13923
1424 51 41590 1 41803
1425 4 44609 3 45340
1426 90 11881 1 13108
1427 15 30661 1 30857
1428 3 17260 1 17549
1429 3 76309 2 76439
1430 79 16050 1 16965
1431 96 6461 1 7265
1432 61 45676 3 45985
1433 61 6733 1 8305
1434 23 15391 2 16213
1435 53 75112 1 76096
1436 78 68810 2 69242
1437 19 76968 3 77322
1438 24 59869 1 60498
1439 12 13776 1 14541
1440 8 26928 4 27907
1441 57 6560 2 7095
1442 7 44782 1 45536
1443 90 37122 1 38236
1444 46 26193 1 27627
1445 21 59316 2 59598
1446 70 731 1 1680
1447 15 20224 4 20783
1448 39 61765 1 62343
1449 92 72812 1 73448
1450 40 26928 2 27846
1451 27 69283 1 69939
1452 65 47414 1 48039
1453 100 72812 1 73554
1454 62 72812 1 72908
1455 96 14458 1 14568
1456 81 57235 1 57465
1457 31 76309 1 76660
1458 1 41454 3 42315
1459 29 27446 1 28275
1460 3 13086 3 13758
1461 2 59419 1 60191
1462 46 54778 1 55366
1463 59 5431 1 5662
1464 11 57003 1 57554
1465 83 19054 1 19536
1466 46 43629 1 44361
1467 67 33388 4 34353
1468 22 47816 2 48402
1469 61 9227 2 9972
1470 80 41831 1 43383
1471 2 21758 1 22446
1472 86 61871 1 62026
1473 11 51742 1 52594
1474 91 9178 1 10125
1475 96 34272 1 34780
1476 13 63562 1 64169
1477 13 5579 2 5851
1478 83 33605 1 33741
1479 25 26966 1 27100
1480 67 16965 3 17538
1481 7 1999 1 2807
1482 16 61871 3 61972
1483 49 54778 1 55744
1484 54 882 1 1342
1485 69 34563 1 34869
1486 6 27257 1 27837
1487 36 1177 1 1449
1488 94 31330 5 31550
1489 17 5579 3 6091
1490 43 51701 1 52133
1491 52 14765 1 15444
1492 4 75753 1 76204
1493 30 20574 1 21488
1494 23 3084 1 3444
1495 9 9178 1 9953
1496 92 13776 1 14060
1497 9 5602 1 6144
1498 10 35249 1 35402
1499 77 72812 1 73399
1500 24 54185 1 54781
1501 31 2117 1 2206
1502 4 52647 2 53448
1503 20 28704 2 29418
1504 98 17260 3 17386
1505 17 39261 3 40218
1506 17 74213 3 74548
1507 42 27446 1 27659
1508 25 62569 1 62920
1509 54 1999 1 2740
1510 78 17543 1 18285
1511 88 44801 1 45127
1512 41 27553 1 28099
1513 16 63392 2 63601
1514 16 50215 3 50702
1515 30 77390 1 78330
1516 24 12617 1 12755
1517 60 46739 4 46995
1518 27 26154 1 26990
1519 47 14458 1 14821
1520 87 1999 1 2227
1521 11 4153 1 4594
1522 78 3953 1 4052
1523 36 21758 1 22218
1524 9 50272 1 51252
1525 80 10975 1 11069
1526 25 4845 1 5457
1527 96 50272 2 50994
1528 81 53336 2 53498
1529 25 1 1 1996
1530 31 69985 1 70775
1531 4 23186 1 24124
1532 33 49263 1 49700
1533 92 27446 1 27683
1534 56 3084 2 3190
1535 81 73745 1 74698
1536 34 45985 2 46826
1537 4 57235 1 57609
1538 4 51789 1 52439
1539 81 2457 2 3388
1540 41 290 1 673
1541 100 26966 1 27947
1542 18 49088 1 49561
1543 9 32252 1 33200
1544 79 30519 1 30918
1545 7 31330 1 31922
1546 83 3084 2 3426
1547 61 27446 1 27986
1548 67 9027 1 9933
1549 80 4705 1 4904
1550 4 47163 2 47552
1551 11 30002 4 30448
1552 82 67340 1 67679
1553 12 12617 1 13237
1554 11 39660 4 40559
1555 78 54185 1 54771
1556 69 51701 1 52604
1557 90 21758 1 22488
1558 46 16775 2 17105
1559 53 62149 1 62367
1560 6 48179 1 48338
1561 23 7763 2 7932
1562 61 12617 1 13453
1563 46 30519 1 30946
1564 20 39238 3 39987
1565 33 54798 2 55781
1566 28 25200 4 25294
1567 100 52647 2 53481
1568 19 44209 1 44904
1569 55 26193 2 26275
1570 89 30663 1 30878
1571 46 23186 1 24330
1572 55 59316 1 59678
1573 59 55500 1 56000
1574 54 63392 3 63884
1575 33 59316 3 59730
1576 9 26251 1 26966
1577 7 28704 1 30051
1578 89 3953 3 4249
1579 65 13086 1 13678
1580 7 27407 1 27584
1581 87 11161 1 11819
1582 6 54778 2 54977
1583 76 76010 4 76341
1584 61 64696 2 65593
1585 98 76210 1 76953
1586 46 33382 4 33828
1587 77 56830 1 57286
1588 24 13776 3 14367
1589 3 25390 3 25663
1590 30 75305 1 75519
1591 22 13776 1 14218
1592 21 42556 1 42769
1593 89 22902 1 23776
1594 36 41590 1 42337
1595 24 49263 2 50056
1596 46 14765 1 15253
1597 71 33388 2 34057
1598 48 70961 1 71465
1599 15 33037 1 34360
1600 4 41617 1 42770
1601 27 14458 2 15159
1602 51 77667 1 78664
1603 30 70961 1 71560
1604 15 29632 1 29967
1605 27 882 1 2010
1606 24 40098 1 40653
1607 61 45985 1 46751
1608 55 38 2 980
1609 78 62569 1 63213
1610 17 22902 2 23010
1611 46 60903 1 61102
1612 22 31806 2 32261
1613 10 31034 1 31770
1614 21 16965 2 17204
1615 61 54185 1 54699
1616 53 9791 2 10370
1617 53 52376 1 53357
1618 24 54185 3 54502
1619 100 14703 1 15216
1620 81 20224 3 20787
1621 36 47552 1 48121
1622 8 17543 1 17889
1623 25 72812 1 73651
1624 88 41454 1 41804
1625 87 15391 1 16020
1626 24 76968 1 77737
1627 32 63524 3 63677
1628 65 5336 1 5492
1629 79 27257 2 28174
1630 79 50660 2 51639
1631 77 37122 1 37867
1632 41 59316 2 60167
1633 59 45444 1 46135
1634 92 38853 1 39276
1635 11 51701 2 52101
1636 41 24167 1 24413
1637 30 42280 1 43245
1638 31 54798 1 55745
1639 62 6600 3 7388
1640 51 41454 1 41590
1641 24 731 1 1005
1642 19 9027 3 9989
1643 89 49768 1 50146
1644 70 70964 1 71620
1645 11 62569 1 63459
1646 9 59316 1 59811
1647 83 27483 4 27627
1648 12 64030 2 64778
1649 96 22902 2 23254
1650 61 9027 1 9227
1651 57 23729 1 23864
1652 21 50383 5 50848
1653 79 46880 1 47628
1654 79 50208 1 50384
1655 7 33388 1 34364
1656 30 51701 2 51992
1657 39 14765 1 15137
1658 59 77390 1 78200
1659 54 54798 2 55242
1660 40 10299 2 11245
1661 6 63392 1 64201
1662 26 10975 1 11392
1663 8 11820 3 12756
1664 89 21758 2 22173
1665 49 50272 1 50395
1666 30 49263 1 50125
1667 46 56281 1 56482
1668 83 56485 1 56958
1669 65 74213 1 74808
1670 28 75889 1 76871
1671 10 20836 1 21396
1672 15 69542 1 69706
1673 19 13086 3 13181
1674 65 68156 1 68847
1675 73 55500 1 55625
1676 39 55500 1 55600
1677 70 71842 1 72264
1678 10 61871 2 62788
1679 24 16965 1 17152
1680 96 39660 2 39952
1681 28 62859 2 63157
1682 12 62859 1 63265
1683 42 9953 1 10395
1684 81 37122 1 37975
1685 24 55541 2 56517
1686 69 43629 1 44445
1687 21 54798 2 55500
1688 50 26966 1 27057
1689 14 45676 1 46320
1690 51 58364 1 60229
1691 11 46578 2 46830
1692 51 35249 1 35737
1693 12 17543 1 18236
1694 9 49263 1 50209
1695 56 51701 1 52686
1696 1 62930 1 63601
1697 24 51701 1 52210
1698 65 62149 1 62336
1699 65 19054 2 19956
1700 100 71842 1 71958
1701 66 25390 1 26099
1702 65 39660 1 40246
1703 57 2117 1 2873
1704 21 26928 1 27231
1705 79 34563 1 35249
1706 5 1999 1 2218
1707 21 62622 1 62859
1708 42 27257 2 27345
1709 100 10975 1 11204
1710 89 43267 1 44054
1711 62 33388 1 34683
1712 47 65631 1 66029
1713 55 54685 1 55058
1714 6 31034 1 31925
1715 77 70341 1 71230
1716 88 27257 1 27595
1717 27 23186 1 24044
1718 15 73274 1 73744
1719 21 69985 1 70964
1720 94 22902 5 23086
1721 89 11881 1 12431
1722 12 38853 3 39627
1723 88 13086 1 13323
1724 22 5336 1 5485
1725 14 15391 1 15798
1726 69 72812 1 73293
1727 11 66201 1 66556
1728 76 9027 3 9594
1729 82 35354 1 35722
1730 17 57478 3 58138
1731 96 20836 1 21780
1732 3 14458 1 15433
1733 21 20224 1 20586
1734 65 59316 1 59815
1735 61 34563 1 34796
1736 77 49077 4 49293
1737 20 25092 3 25191
1738 81 76517 1 76757
1739 7 30145 1 31079
1740 21 64849 1 65566
1741 7 45676 1 46025
1742 92 11161 1 11416
1743 9 25092 1 25371
1744 67 26251 1 26341
1745 21 20836 2 21264
1746 31 77667 2 78320
1747 10 10220 1 10308
1748 100 21084 1 21610
1749 61 42923 1 43387
1750 77 9027 2 9188
1751 7 74266 1 75006
1752 77 66201 1 67177
1753 80 20836 1 21199
1754 75 26251 1 26929
1755 73 65631 1 66599
1756 76 21758 2 22721
1757 59 24167 1 24314
1758 19 34272 3 35107
1759 76 20224 2 20570
1760 36 33388 1 34203
1761 83 48334 1 48448
1762 27 46578 1 46907
1763 12 48259 1 49104
1764 7 41838 1 42472
1765 79 58364 1 58713
1766 79 70961 1 71440
1767 86 20992 3 21360
1768 25 62930 2 63553
1769 53 37845 2 38824
1770 1 48179 1 48774
1771 14 27257 2 28062
1772 86 53336 4 53500
1773 89 60223 1 61000
1774 53 41454 2 41951
1775 18 24167 1 24389
1776 41 4003 3 4196
1777 25 17120 1 17219
1778 10 54185 1 54822
1779 17 71875 1 72444
1780 79 77667 1 78048
1781 3 61765 1 61869
1782 67 70888 4 71351
1783 94 61871 2 62431
1784 51 42829 1 43252
1785 41 73745 2 74832
1786 52 75112 3 75307
1787 27 36155 2 36955
1788 79 50208 1 50856
1789 57 29632 2 30181
1790 28 72812 1 73722
1791 60 32153 4 32682
1792 9 56281 1 56491
1793 59 21758 1 21856
1794 53 22004 2 22536
1795 89 50208 3 50652
1796 4 71842 2 72281
1797 12 71367 1 72216
1798 81 55500 1 55973
1799 61 26928 2 27446
1800 24 290 1 633
1801 92 30189 1 30954
1802 80 56281 1 56752
1803 40 9027 2 10008
1804 62 69542 1 69640
1805 65 44209 2 44316
1806 4 72812 1 73683
1807 100 56281 1 57224
1808 49 41454 2 41909
1809 15 60241 3 60498
1810 9 31330 1 31806
1811 59 47816 1 48488
1812 67 48179 1 48424
1813 52 45673 3 45858
1814 79 23586 1 23853
1815 70 75889 1 76464
1816 10 11820 1 12375
1817 6 26251 2 26612
1818 62 63392 2 64117
1819 76 29632 3 30199
1820 90 17260 1 18059
1821 18 52647 2 53513
1822 67 56281 1 57146
1823 53 20574 1 21306
1824 10 3662 1 4496
1825 10 44609 1 45395
1826 25 47414 2 47751
1827 15 61765 1 63479
1828 53 4705 1 5217
1829 61 63374 2 64254
1830 7 21758 1 22584
1831 76 3084 1 4021
1832 53 20224 2 20482
1833 34 50383 1 51253
1834 82 24427 1 24635
1835 89 52793 1 53654
1836 78 72812 1 73130
1837 92 62569 1 62872
1838 15 23586 3 24368
1839 25 9027 2 9713
1840 12 68810 4 69114
1841 25 67340 1 67548
1842 62 26188 2 26532
1843 89 19054 3 20014
1844 49 45698 2 45941
1845 79 26928 1 27568
1846 62 8048 1 8480
1847 99 43029 3 43716
1848 27 15159 4 16039
1849 26 31034 4 31679
1850 7 71875 1 72823
1851 24 39660 2 40065
1852 69 76968 2 77161
1853 31 14458 3 15168
1854 36 27446 1 28230
1855 29 15391 1 16031
1856 82 45673 1 45851
1857 10 9953 1 10151
1858 89 27026 1 27767
1859 21 17543 4 17976
1860 19 17120 3 17606
1861 61 45444 1 46337
1862 7 15856 1 16369
1863 16 30189 1 30272
1864 89 68810 1 69283
1865 24 27257 1 27744
1866 92 60241 1 60338
1867 34 61871 2 62484
1868 17 75112 1 75572
1869 4 51701 5 51998
1870 55 63735 2 64710
1871 53 4 1 324
1872 59 64849 1 65482
1873 69 30145 1 30990
1874 61 52376 1 52630
1875 88 21758 1 21884
1876 93 45444 2 45803
1877 81 1999 2 2249
1878 82 74213 1 74584
1879 55 77667 2 78546
1880 79 290 1 1212
1881 49 58364 1 58520
1882 30 75889 1 76374
1883 53 14458 2 14801
1884 98 39238 3 39479
1885 8 50660 1 50906
1886 82 77667 1 78053
1887 23 26269 1 27127
1888 61 1999 1 2117
1889 22 37528 1 38281
1890 12 42556 1 42664
1891 12 29632 1 30584
1892 89 5062 1 5767
1893 4 24427 1 25006
1894 46 27446 1 27661
1895 7 52185 1 52623
1896 65 52793 1 53091
1897 6 66900 2 67495
1898 87 55500 1 55605
1899 58 63474 1 64309
1900 78 9178 2 9622
1901 80 9027 1 9667
1902 33 290 1 482
1903 10 40098 2 40302
1904 7 33229 1 33388
1905 92 54338 1 54484
1906 92 20224 1 21066
1907 8 22902 1 23134
1908 69 9027 1 9710
1909 69 21758 3 22291
1910 6 34272 2 34887
1911 22 61765 1 62710
1912 16 32153 1 32989
1913 80 71367 1 72349
1914 100 70341 1 70724
1915 57 4845 1 5311
1916 81 23586 1 23898
1917 4 75593 3 76521
1918 6 39660 2 39970
1919 100 43629 3 44127
1920 23 67548 3 67934
1921 61 58364 1 58825
1922 4 46739 1 47163
1923 15 44415 1 44801
1924 24 42280 1 42585
1925 85 52070 1 52633
1926 51 42556 1 42667
1927 27 51701 1 52055
1928 91 61765 1 62049
1929 61 50208 1 50914
1930 80 67590 1 67788
1931 56 41454 1 42339
1932 56 29632 1 29933
1933 47 68156 1 68946
1934 22 10975 1 11893
1935 98 11161 1 11683
1936 4 59316 2 60033
1937 30 72812 2 73338
1938 7 52647 1 52976
1939 19 27216 4 27767
1940 79 19292 1 19442
1941 2 30661 1 31451
1942 17 56281 1 56983
1943 15 11217 1 12203
1944 10 67340 2 67596
1945 9 30273 1 30503
1946 79 28925 1 29498
1947 47 26154 1 26995
1948 69 77390 1 77784
1949 21 22004 3 22309
1950 24 65631 1 66202
1951 27 19281 1 19686
1952 93 17925 1 18711
1953 77 26154 1 27131
1954 11 21084 2 21365
1955 65 10975 1 11890
1956 4 34796 1 35317
1957 28 68156 2 68767
1958 24 3953 1 4225
1959 43 57235 4 57464
1960 96 10975 2 11195
1961 42 52976 5 53762
1962 49 44415 2 44670
1963 76 34563 2 35049
1964 79 32153 1 32640
1965 92 51701 1 52215
1966 53 58364 1 58771
1967 80 49977 1 50577
1968 76 1999 3 2359
1969 33 4003 2 4410
1970 2 29632 1 30321
1971 22 77667 2 78354
1972 10 10711 2 11457
1973 72 44609 3 44997
1974 50 15159 1 16105
1975 45 45673 1 46607
1976 69 33200 1 33540
1977 27 69985 1 70316
1978 24 42829 1 43175
1979 60 51701 4 51947
1980 69 62569 1 62766
1981 91 77667 1 78484
1982 62 41454 2 41629
1983 52 72274 1 73066
1984 39 8048 1 8882
1985 10 17586 1 18304
1986 61 62569 2 63327
1987 15 4705 1 5503
1988 59 54185 1 54769
1989 16 54798 1 55392
1990 100 10711 1 10823
1991 80 73745 1 74759
1992 80 76517 1 76915
1993 22 56281 1 57132
1994 79 2457 1 3425
1995 25 71875 1 72833
1996 81 11820 2 12652
1997 24 1999 1 2226
1998 15 48259 3 49077
1999 10 28195 1 29163
2000 65 3953 1 4894
2001 19 5579 5 6109
2002 53 3084 2 3472
2003 33 70888 1 71191
2004 25 33037 1 33156
2005 41 11820 1 12063
2006 77 46571 1 46655
2007 61 30283 1 30661
2008 84 73745 1 74638
2009 61 73745 2 74304
2010 100 42829 1 42914
2011 15 41454 1 41692
2012 80 41454 1 41831
2013 76 61765 2 62647
2014 20 33037 3 33431
2015 25 20836 1 21084
2016 7 73745 1 74266
2017 61 73189 1 73503
2018 56 25092 1 25590
2019 21 44415 2 45509
2020 45 41831 2 42448
2021 24 68582 1 68899
2022 69 17927 1 18335
2023 13 13898 1 14019
2024 99 16775 3 17602
2025 89 33437 1 34227
2026 42 9953 1 10520
2027 88 63392 1 63965
2028 80 26193 1 27060
2029 69 45673 1 46469
2030 8 32153 1 33087
2031 21 72169 2 72779
2032 90 54798 2 55720
2033 30 71842 1 72236
2034 27 59448 1 59840
2035 61 4003 2 4405
2036 30 13693 2 13933
2037 23 27446 2 28362
2038 76 39261 1 39810
2039 93 64079 1 64923
2040 89 35601 1 35706
2041 92 17543 1 18340
2042 30 6461 1 6769
2043 87 16050 1 16273
2044 75 37336 1 37998
2045 15 22902 1 23417
2046 92 19054 1 20041
2047 59 9447 1 10069
2048 39 4830 1 5594
2049 4 22902 1 23186
2050 79 75593 1 75791
2051 15 20836 1 21487
2052 19 20836 4 21006
2053 21 24167 1 26315
2054 11 61946 2 62157
2055 79 45444 1 45673
2056 54 17925 5 18601
2057 79 51789 2 52915
2058 69 52976 1 53180
2059 33 15391 1 16181
2060 92 77003 1 77900
2061 10 26193 2 26401
2062 69 70961 3 71922
2063 4 29632 1 30273
2064 14 70543 1 71209
2065 16 28696 2 29367
2066 41 34272 1 34985
2067 6 37528 1 37673
2068 17 37122 2 37867
2069 100 38853 3 39118
2070 77 75112 3 76033
2071 25 55500 2 56485
2072 80 17260 1 17936
2073 64 38947 2 39785
2074 69 17120 3 17817
2075 76 58364 3 58829
2076 92 75305 1 75961
2077 78 52647 2 53227
2078 27 49077 2 49966
2079 20 41838 1 42207
2080 10 57003 1 57397
2081 4 21084 2 22069
2082 28 54685 2 55118
2083 90 7552 1 7831
2084 79 56830 1 57185
2085 98 32353 2 32700
2086 69 3 1 1605
2087 7 70888 1 71303
2088 31 71842 1 72341
2089 23 71875 1 72112
2090 15 75753 1 76003
2091 91 54185 1 54561
2092 99 59316 1 59803
2093 61 50334 1 51246
2094 8 63003 1 63932
2095 54 17543 1 17852
2096 69 44415 1 45113
2097 81 44609 3 45241
2098 4 20224 1 21004
2099 61 69545 1 70005
2100 28 5062 1 5585
2101 10 48179 2 48897
2102 49 42829 1 43122
2103 61 19054 1 19281
2104 30 57075 1 57491
2105 86 9791 1 10477
2106 96 17753 1 18329
2107 54 71875 4 72491
2108 69 57235 1 57502
2109 89 45673 2 45838
2110 41 77003 1 78372
2111 80 11161 2 11921
2112 14 5815 1 6058
2113 21 19054 2 19753
2114 30 28696 1 29418
2115 36 52503 1 53464
2116 83 75753 1 76621
2117 76 27446 2 28037
2118 81 61765 1 62495
2119 79 20224 1 21004
2120 24 34563 1 35020
2121 72 43267 5 43584
2122 27 9953 1 10037
2123 52 70964 3 71662
2124 61 9791 2 10190
2125 86 63735 1 64300
2126 28 10975 3 11402
2127 99 56281 3 56871
2128 100 26251 2 26468
2129 56 67340 1 68135
2130 50 9447 2 9588
2131 20 4845 3 5371
2132 11 17120 3 17925
2133 79 73046 1 73745
2134 27 42807 3 43272
2135 31 33388 1 33762
2136 46 75931 3 76802
2137 14 9447 2 10040
2138 66 52647 1 53113
2139 6 44609 1 45289
2140 41 48259 1 48717
2141 60 72169 4 73013
2142 81 62930 2 63724
2143 15 14703 1 15670
2144 69 31034 2 32027
2145 92 3953 1 4933
2146 41 67340 2 67452
2147 93 44609 1 45237
2148 42 41838 2 42786
2149 89 54338 1 55110
2150 10 62930 1 63380
2151 65 73745 1 73864
2152 59 29632 1 30555
2153 33 23186 1 24057
2154 79 70964 1 71684
2155 33 76210 1 76998
2156 6 71875 1 72119
2157 41 74213 2 74526
2158 20 3662 2 4411
2159 56 54685 2 55086
2160 7 16775 1 16901
2161 50 6144 1 6323
2162 6 4705 2 4982
2163 91 48259 1 48983
2164 77 6461 1 6545
2165 92 21758 1 22363
2166 77 27446 1 28277
2167 9 47816 1 48802
2168 21 21430 1 22004
2169 24 4705 1 5062
2170 25 37122 1 37247
2171 7 41454 1 41838
2172 30 19054 1 19885
2173 12 11820 1 12590
2174 25 51701 1 52492
2175 41 53336 1 53696
2176 15 25092 1 25900
2177 55 68156 1 68538
2178 10 15255 2 16114
2179 4 52243 3 52603
2180 89 19054 1 19724
2181 28 15444 4 16207
2182 28 17753 4 18656
2183 61 4705 1 5692
2184 54 77667 1 77813
2185 12 55679 2 56466
2186 40 39261 1 39677
2187 34 17120 2 17546
2188 79 46578 3 46880
2189 62 9447 1 10278
2190 51 28737 1 29964
2191 56 14765 1 15647
2192 27 11881 1 12412
2193 46 9583 1 9921
2194 24 34796 1 34944
2195 20 60241 3 60916
2196 98 74266 1 75199
2197 39 70961 1 71815
2198 25 33200 1 33687
2199 4 71216 2 71497
2200 91 26928 1 27658
2201 77 9791 1 10267
2202 49 52376 1 52903
2203 59 49478 1 50178
2204 40 20224 1 21014
2205 12 15444 1 16384
2206 81 19281 1 20216
2207 15 67590 1 67972
2208 59 3662 1 3785
2209 7 48421 1 49263
2210 47 9027 1 9706
2211 15 24465 1 24899
2212 28 9953 1 10717
2213 11 6144 1 6979
2214 93 30663 2 31260
2215 11 68156 2 68695
2216 18 3662 1 4108
2217 89 20224 3 20574
2218 56 70795 1 70963
2219 79 54338 2 55170
2220 33 34796 1 35404
2221 82 70961 1 71190
2222 11 14458 1 14827
2223 4 56401 1 57208
2224 9 25371 1 26251
2225 76 11881 3 12172
2226 59 68156 1 68268
2227 76 9953 1 10360
2228 79 9027 2 9381
2229 93 1177 1 1696
2230 96 41590 1 42584
2231 60 61765 4 62487
2232 76 32153 2 32866
2233 2 27921 1 28004
2234 83 54917 1 55674
2235 53 67340 2 67476
2236 65 32030 4 32782
2237 61 75593 1 76457
2238 7 9984 1 10188
2239 100 30145 1 31105
2240 79 76010 1 76309
2241 81 29632 2 29826
2242 16 45676 3 46615
2243 20 45985 2 46123
2244 87 11820 1 12212
2245 47 40098 1 40714
2246 21 53336 4 54036
2247 20 13086 2 14022
2248 7 57235 1 57478
2249 1 39300 1 40161
2250 9 42556 1 43506
2251 64 77667 2 78539
2252 85 75305 1 76215
2253 82 26188 1 26453
2254 28 44861 1 45352
2255 31 25390 1 26312
2256 4 47552 3 48180
2257 2 3662 1 4585
2258 79 26188 1 26911
2259 61 65631 3 66626
2260 99 70961 2 71437
2261 89 77390 1 78287
2262 20 62859 1 62974
2263 24 70795 2 71530
2264 63 27483 1 28450
2265 81 10711 3 11296
2266 4 60903 2 61765
2267 64 30145 1 30234
2268 85 25390 1 25679
2269 61 882 1 1177
2270 77 17120 1 17488
2271 25 37247 1 38021
2272 6 13693 2 14522
2273 9 45673 1 46106
2274 13 49263 2 49795
2275 14 39196 2 39526
2276 80 37122 2 38082
2277 31 6600 3 6920
2278 2 55022 1 55772
2279 17 16775 3 17665
2280 81 10142 1 10225
2281 46 48259 2 48826
2282 3 27257 1 28227
2283 4 27483 2 28246
2284 54 52793 1 53221
2285 61 52647 1 53187
2286 41 29632 2 30296
2287 82 6560 1 7127
2288 25 2 1 703
2289 53 28737 1 28986
2290 27 41994 1 42564
2291 59 56281 1 56776
2292 1 51701 2 52006
2293 79 7552 2 8436
2294 89 69985 1 70839
2295 61 29632 3 30002
2296 15 67972 2 68582
2297 83 72812 1 73280
2298 29 63474 1 63599
2299 51 10142 1 11104
2300 100 58364 1 59283
2301 3 56281 1 56931
2302 93 47552 1 48541
2303 60 11881 2 12102
2304 80 75112 1 75581
2305 8 37336 1 37654
2306 77 45673 4 46547
2307 24 52503 2 53100
2308 51 13086 1 13231
2309 65 22902 1 23827
2310 39 27921 1 28572
2311 53 6461 1 7446
2312 82 14458 1 14885
2313 30 10711 2 11422
2314 77 59316 1 59932
2315 94 52647 1 53124
2316 46 44609 1 45501
2317 69 22902 1 23232
2318 18 39660 1 40051
2319 52 69985 1 70682
2320 55 14458 5 14661
2321 100 37247 2 38094
2322 94 20992 2 21207
2323 60 4705 5 5414
2324 41 69542 1 69637
2325 91 30145 1 30570
2326 12 72812 1 73364
2327 4 34563 1 34728
2328 61 52503 1 53384
2329 100 63392 1 64320
2330 90 32252 1 33225
2331 93 67340 2 68256
2332 29 39300 1 39518
2333 88 73189 1 73793
2334 81 65631 2 65844
2335 69 69985 1 70827
2336 53 13086 1 13668
2337 51 26928 1 27479
2338 100 22902 1 23487
2339 12 65631 2 66615
2340 12 10711 1 10812
2341 49 4845 1 5175
2342 91 26154 1 26767
2343 76 41454 1 42441
2344 80 26154 1 26497
2345 66 27257 1 27725
2346 67 54798 2 55452
2347 69 34272 1 34542
2348 39 41454 1 41700
2349 82 49263 2 49763
2350 20 61871 1 62728
2351 61 72812 1 73422
2352 39 53693 1 53825
2353 81 39238 2 39494
2354 5 9713 2 10349
2355 100 67340 1 68011
2356 7 64849 1 65108
2357 89 10975 1 11643
2358 79 25371 1 25727
2359 94 51701 4 52521
2360 54 75305 4 75563
2361 88 6733 1 7209
2362 4 27073 1 27528
2363 80 13086 1 14271
2364 7 76517 1 77112
2365 76 3084 3 3856
2366 81 68637 1 69619
2367 53 35521 1 36278
2368 8 70321 1 70637
2369 61 9027 1 9462
2370 11 15159 1 15545
2371 10 68582 1 68855
2372 30 13086 1 13631
2373 8 4830 3 5267
2374 60 22902 5 23400
2375 29 63735 1 64586
2376 88 882 1 1806
2377 87 41454 1 41576
2378 40 5763 2 6050
2379 51 64696 1 64885
2380 21 55500 1 55649
2381 12 49263 2 49929
2382 89 39424 1 40098
2383 4 17 2 510
2384 78 29632 3 30059
2385 41 50660 1 50777
2386 10 37122 2 38115
2387 53 77390 2 77962
2388 10 7409 1 7744
2389 15 44968 3 45698
2390 11 1999 1 2393
2391 79 3084 1 3885
2392 81 42556 1 43078
2393 39 52647 1 53153
2394 57 45673 1 45844
2395 8 77003 1 77854
2396 24 5431 1 6135
2397 90 60903 2 61569
2398 51 24167 1 24698
2399 10 66900 1 67021
2400 82 3084 2 3635
2401 15 27921 2 28184
2402 89 10975 2 11485
2403 9 7409 1 7697
2404 80 53336 1 53496
2405 6 41454 1 41883
2406 25 73745 1 74497
2407 80 47552 1 49180
2408 2 34796 1 35762
2409 69 20611 1 21218
2410 80 5457 2 6403
2411 19 40098 3 40937
2412 91 67340 1 67819
2413 80 32030 1 32525
2414 52 64849 1 65155
2415 89 69985 1 70464
2416 40 16050 1 16356
2417 46 21758 1 22521
2418 59 71875 1 71967
2419 17 68810 1 69149
2420 19 19054 1 20030
2421 78 10975 3 11751
2422 89 46578 1 46680
2423 93 15856 1 16264
2424 39 11881 1 11980
2425 30 3953 2 4671
2426 3 17586 1 18489
2427 59 43029 1 43199
2428 89 731 1 1588
2429 79 26966 1 27257
2430 65 6144 1 6579
2431 41 37122 2 37336
2432 8 23186 1 23622
2433 78 61765 1 62101
2434 60 8048 4 8746
2435 25 26269 1 26958
2436 98 43029 1 43445
2437 21 45676 1 46571
2438 12 20224 1 20448
2439 1 75112 3 75667
2440 16 4845 1 5545
2441 69 11820 1 12721
2442 15 49977 1 50858
2443 23 10711 1 11346
2444 82 36 1 681
2445 93 34272 1 34622
2446 96 69985 1 70236
2447 8 39660 1 40253
2448 51 33605 1 34584
2449 7 13086 1 13742
2450 81 75112 1 75195
2451 45 17120 2 18090
2452 41 62569 2 62667
2453 24 58364 2 59076
2454 56 1999 2 2916
2455 87 73745 1 74548
2456 79 63474 1 64030
2457 89 40098 1 40498
2458 13 30189 4 31132
2459 3 3084 3 4016
2460 49 10711 1 11356
2461 75 6044 1 6153
2462 50 62930 2 63826
2463 36 14792 1 15571
2464 25 41454 1 42001
2465 10 73745 1 74727
2466 27 65631 1 66391
2467 90 67969 1 68859
2468 91 39196 1 40067
2469 93 23186 1 23535
2470 81 17120 2 17449
2471 22 75593 1 76269
2472 76 17543 1 17688
2473 96 56281 1 56887
2474 23 9178 3 9870
2475 23 17753 1 18216
2476 92 64030 1 64979
2477 54 41994 1 42891
2478 10 22902 2 23257
2479 89 73413 2 74213
2480 27 34796 3 35782
2481 61 52070 1 52275
2482 1 57075 1 57824
2483 62 38853 1 39430
2484 68 12235 1 13206
2485 19 68255 4 69214
2486 47 42829 1 43060
2487 83 50383 3 50480
2488 29 5579 1 6228
2489 27 47552 1 47832
2490 24 62930 1 63735
2491 61 20224 2 20992
2492 54 67969 1 68627
2493 36 28246 1 28885
2494 89 4705 1 5657
2495 1 67340 1 68106
2496 51 49263 1 49894
2497 19 6600 4 7515
2498 46 26154 1 26309
2499 7 65631 1 67025
2500 30 32153 2 32332
2501 30 67601 2 68320
2502 9 23186 1 24048
2503 14 67969 2 68605
2504 19 42556 2 43159
2505 46 42556 1 43088
2506 89 27026 1 27553
2507 57 19229 1 19470
2508 45 51701 1 52228
2509 60 16050 2 16853
2510 65 14703 1 15679
2511 78 44765 1 45414
2512 12 26200 3 26453
2513 30 4705 1 5657
2514 80 39300 1 39845
2515 53 40098 1 40290
2516 61 10539 2 11564
2517 21 48259 1 49035
2518 24 50119 1 50946
2519 79 68408 1 68565
2520 42 14765 1 15335
2521 25 69985 1 70485
2522 20 68255 1 68960
2523 41 44209 1 44661
2524 67 77390 1 77534
2525 83 11881 2 12641
2526 57 44782 1 45682
2527 21 1999 1 2128
2528 53 13693 1 13968
2529 19 54798 3 55011
2530 89 27921 1 28737
2531 49 16050 1 16391
2532 87 24427 1 24537
2533 52 63735 1 64056
2534 3 32353 1 32942
2535 80 45673 1 46540
2536 4 30857 1 31371
2537 65 75889 1 76133
2538 4 57235 2 57695
2539 65 42556 1 43245
2540 9 31806 1 32228
2541 11 58364 4 58709
2542 87 45673 1 46362
2543 62 29632 1 30130
2544 59 25200 1 25592
2545 3 24167 1 25053
2546 59 40261 1 40605
2547 100 16775 4 17467
2548 24 52376 1 52477
2549 92 62930 1 63512
2550 86 17586 4 18192
2551 78 56485 2 57123
2552 87 25200 1 25801
2553 12 53336 1 53930
2554 7 27073 1 27407
2555 10 63735 1 64514
2556 55 10142 1 10335
2557 28 58364 1 59026
2558 6 73413 1 73795
2559 21 52376 1 53254
2560 46 65631 1 66430
2561 1 9953 3 10237
2562 89 52243 1 52623
2563 61 48334 1 49161
2564 96 32252 1 32516
2565 77 10975 2 11455
2566 13 16050 4 16560
2567 61 16050 1 17018
2568 94 13231 5 13952
2569 29 34859 1 35418
2570 36 38853 1 39844
2571 90 61765 1 62233
2572 51 72812 1 73461
2573 9 6144 1 6232
2574 33 40261 3 40510
2575 82 73046 1 73826
2576 28 33388 3 34388
2577 2 20224 1 20800
2578 58 35249 1 35871
2579 32 39424 3 40047
2580 61 69985 1 70321
2581 98 6560 3 7465
2582 81 25200 1 25390
2583 24 4003 1 4211
2584 15 5815 1 6587
2585 1 32030 1 32891
2586 92 47552 1 48359
2587 78 27257 2 27365
2588 78 21150 3 21824
2589 15 52647 1 53443
2590 12 10142 2 10362
2591 51 55541 1 55758
2592 11 32153 2 32384
2593 80 5062 1 5431
2594 19 58364 1 59120
2595 5 20836 5 21712
2596 62 68637 2 69330
2597 6 75753 2 76427
2598 100 72812 2 73177
2599 33 20836 2 21360
2600 15 24427 1 25096
2601 65 64696 1 64819
2602 27 3084 1 3188
2603 91 44209 1 45188
2604 51 75112 1 75897
2605 89 12617 2 13553
2606 6 47816 1 48168
2607 12 7763 1 8737
2608 4 33037 1 33605
2609 85 51789 1 51925
2610 67 14458 1 14851
2611 47 48259 1 48582
2612 51 62499 1 63187
2613 83 10142 2 10986
2614 90 58364 1 58582
2615 33 5336 3 5829
2616 4 40170 3 40633
2617 89 54894 1 55213
2618 79 13086 1 13426
2619 30 31330 1 31592
2620 9 51701 1 52793
2621 57 30189 1 30918
2622 25 14458 2 14847
2623 89 72274 1 73413
2624 21 42807 2 42974
2625 4 70341 1 70927
2626 16 17120 3 17576
2627 76 15856 2 16029
2628 65 43267 1 43737
2629 93 9713 1 10176
2630 25 9713 2 9993
2631 79 11881 1 12121
2632 4 65631 1 65863
2633 81 32153 3 32897
2634 3 15255 2 16048
2635 28 9447 3 9922
2636 4 70961 1 71842
2637 56 27483 1 28360
2638 49 44765 2 45618
2639 15 1 1 961
2640 89 59869 1 60223
2641 22 67340 1 67660
2642 5 45444 2 46098
2643 59 67340 1 67534
2644 89 35706 1 36236
2645 88 51701 1 52023
2646 99 30661 1 31182
2647 83 31806 1 31985
2648 96 9027 1 9628
2649 25 67548 1 68408
2650 93 50383 1 51199
2651 29 29632 1 30271
2652 100 3662 1 3943
2653 20 26154 3 26370
2654 15 71367 3 72020
2655 75 14792 1 15503
2656 33 19054 1 19417
2657 45 63474 2 64226
2658 100 15391 1 16278
2659 65 14155 1 14537
2660 27 53336 1 53832
2661 6 56830 1 57400
2662 40 5336 1 5701
2663 7 10220 1 10919
2664 17 58364 1 58522
2665 77 5579 2 6247
2666 99 73745 2 73846
2667 32 11217 3 11333
2668 19 71842 4 72693
2669 87 57003 1 57097
2670 99 62499 3 63229
2671 63 22902 2 23481
2672 9 3084 1 3175
2673 89 56281 1 56877
2674 88 10220 1 11146
2675 57 10975 1 11463
2676 31 28737 2 29020
2677 24 57075 1 57975
2678 77 22902 2 23299
2679 52 16 3 792
2680 30 74213 1 74495
2681 3 76968 3 77698
2682 56 37247 2 37895
2683 46 29632 1 29774
2684 56 4830 1 5641
2685 27 56281 2 56724
2686 46 57478 1 57915
2687 4 45444 2 46578
2688 96 13086 1 13712
2689 4 17910 1 19292
2690 16 68255 3 68373
2691 24 19229 5 20186
2692 1 73189 1 73625
2693 61 49077 2 49279
2694 24 12617 1 13372
2695 69 13086 1 13204
2696 18 27446 1 27610
2697 71 37122 1 37927
2698 89 27216 1 27492
2699 56 40098 2 41001
2700 100 28696 1 29277
2701 91 33605 1 33958
2702 82 36155 1 37020
2703 8 77003 3 77222
2704 15 9791 2 10343
2705 88 11881 1 13080
2706 21 62859 3 63119
2707 17 3084 2 3604
2708 51 47816 1 48411
2709 79 10975 3 11591
2710 46 25371 1 26190
2711 35 77390 1 78027
2712 67 44415 1 45324
2713 94 1999 5 2114
2714 15 5503 1 5624
2715 89 12235 2 12829
2716 4 27921 2 28227
2717 10 73189 1 73308
2718 24 46751 1 46882
2719 30 64079 1 64162
2720 85 31330 1 31792
2721 100 42556 2 42829
2722 8 35601 1 36204
2723 11 33037 2 33659
2724 52 72823 2 73295
2725 3 12235 1 12694
2726 1 22902 1 23533
2727 90 67340 2 67950
2728 90 24167 2 24447
2729 80 68810 1 69630
2730 33 20224 1 20383
2731 15 54185 1 55682
2732 79 57235 1 58390
2733 16 19229 1 19518
2734 4 66900 1 69683
2735 11 10975 1 11777
2736 24 39660 1 40546
2737 22 15856 1 16016
2738 9 72837 1 73254
2739 61 33382 1 34272
2740 79 69283 1 70000
2741 15 65631 1 67260
2742 46 32153 1 33036
2743 21 26251 1 26822
2744 89 9027 3 9447
2745 5 11217 5 11790
2746 21 28737 1 28971
2747 28 77667 1 78115
2748 85 53693 1 54492
2749 33 75112 1 75321
2750 83 3662 2 4279
2751 70 11881 1 12602
2752 24 17120 1 17828
2753 92 72169 1 72463
2754 9 76169 1 76968
2755 78 3084 1 3921
2756 81 68156 1 68612
2757 61 14458 1 14761
2758 61 41650 1 41809
2759 90 15391 1 15909
2760 7 67340 1 68204
2761 16 35354 1 35634
2762 11 17925 2 18621
2763 24 41590 1 41750
2764 80 77390 1 78143
2765 49 29632 1 29791
2766 82 75931 1 76501
2767 100 3084 4 3557
2768 11 63474 1 64174
2769 94 27921 2 28668
2770 46 26966 3 27402
2771 92 65631 1 66386
2772 94 67969 5 68666
2773 28 49263 2 49533
2774 79 67590 1 68255
2775 69 48179 1 48618
2776 4 34272 1 35524
2777 61 47816 1 48524
2778 3 49478 1 50345
2779 4 64696 1 65600
2780 10 24427 2 24645
2781 82 11820 1 12218
2782 75 65631 1 66352
2783 47 45676 1 46036
2784 18 42807 2 43759
2785 3 69985 1 70410
2786 69 55089 1 56498
2787 88 61871 1 62010
2788 18 70888 1 71355
2789 18 73745 1 74095
2790 20 42556 3 43291
2791 62 48259 1 49329
2792 96 26966 1 27269
2793 58 14458 1 15025
2794 98 70341 1 71003
2795 2 33605 1 34426
2796 1 6044 1 6230
2797 69 67969 1 68225
2798 9 38853 1 38970
2799 9 54185 1 54989
2800 98 9713 3 10532
2801 41 62149 1 62912
2802 12 60903 1 61030
2803 65 20224 1 20710
2804 76 66201 2 66407
2805 100 63392 1 63984
2806 92 56401 1 58399
2807 18 64696 1 65253
2808 77 19054 2 19794
2809 9 16965 1 17352
2810 31 67601 2 68406
2811 15 26966 3 27056
2812 24 24167 2 24886
2813 83 6733 4 7084
2814 27 54685 1 55855
2815 17 33382 3 33743
2816 62 43267 1 43794
2817 31 16775 2 16948
2818 24 67548 1 68511
2819 46 38853 1 39307
2820 15 22902 1 23039
2821 46 67340 1 68416
2822 53 63735 2 64588
2823 23 42829 1 43593
2824 34 15373 1 16074
2825 51 50660 1 50998
2826 41 67548 2 67937
2827 81 3084 1 3565
2828 5 37845 3 38570
2829 33 59869 2 59954
2830 53 15856 1 15997
2831 81 25390 3 26298
2832 8 36155 3 36385
2833 56 76968 2 77933
2834 3 20224 1 20730
2835 67 24167 1 24403
2836 9 65631 1 65786
2837 93 19054 2 19618
2838 46 45673 2 46049
2839 61 68156 1 68752
2840 46 20224 1 20764
2841 55 63735 2 64558
2842 15 32252 3 32353
2843 25 55022 1 55331
2844 76 50858 2 51645
2845 56 61765 1 62318
2846 24 56491 2 56698
2847 41 51701 2 52373
2848 7 43029 1 43262
2849 27 32153 4 33060
2850 7 77667 1 78028
2851 4 67548 1 67947
2852 46 14458 1 14739
2853 22 51701 1 52154
2854 4 15122 2 15450
2855 61 26154 2 26285
2856 92 59316 1 59433
2857 83 37528 1 37922
2858 80 59316 1 59448
2859 42 39300 3 39792
2860 89 52647 1 53610
2861 15 51701 2 52647
2862 79 42829 2 43262
2863 46 30273 2 30509
2864 89 6600 1 7763
2865 25 35249 1 35967
2866 50 52376 2 53049
2867 4 66201 1 67358
2868 91 11881 1 12606
2869 88 49768 1 50646
2870 79 45673 3 46216
2871 1 17910 2 18269
2872 20 75593 3 76274
2873 27 20836 5 21506
2874 55 39196 1 39483
2875 82 13776 2 13876
2876 10 69985 2 70304
2877 100 19281 1 20011
2878 45 6461 2 6575
2879 96 40098 2 40852
2880 82 33388 1 33924
2881 25 64079 1 64231
2882 100 9791 1 10340
2883 16 10142 2 10941
2884 61 24427 1 25262
2885 71 65631 2 66133
2886 7 26928 1 27073
2887 16 40098 1 40570
2888 19 77390 3 77675
2889 3 35317 3 36290
2890 16 41454 3 41892
2891 66 70961 1 71193
2892 56 75112 2 75770
2893 81 4705 1 5335
2894 54 20836 1 21626
2895 81 5 1 290
2896 90 51701 2 52562
2897 24 6044 2 6479
2898 89 41454 1 41994
2899 59 72812 1 73044
2900 65 58364 1 58603
2901 88 44415 1 44623
2902 65 75305 1 75677
2903 92 9227 1 10001
2904 22 4705 1 4796
2905 25 22902 1 23837
2906 40 49977 2 50536
2907 32 16050 1 16268
2908 86 25200 4 25872
2909 49 19281 1 19805
2910 47 17910 1 18717
2911 8 10711 3 11332
2912 4 52976 1 53123
2913 57 32252 1 33252
2914 25 76380 1 77003
2915 20 1999 1 2800
2916 61 49478 3 50137
2917 4 19292 1 20119
2918 99 28195 3 28372
2919 10 38853 1 39830
2920 76 37845 2 38082
2921 49 37528 1 38482
2922 56 45676 2 46374
2923 21 39660 1 40517
2924 8 9447 1 10144
2925 57 41838 2 41922
2926 61 34796 1 36050
2927 89 13086 1 13693
2928 25 5457 2 5921
2929 89 3662 1 3953
2930 47 24167 1 24331
2931 90 34272 2 34819
2932 61 75112 2 75305
2933 52 33037 1 33383
2934 60 39196 2 39878
2935 9 7763 1 8653
2936 5 67340 2 68052
2937 93 68810 2 69807
2938 9 39196 1 40214
2939 49 28696 2 29511
2940 24 23586 1 24287
2941 20 50858 2 51277
2942 4 46578 5 46739
2943 79 32353 1 33037
2944 90 20 1 1929
2945 17 3 2 772
2946 15 29967 2 30189
2947 91 13086 1 13480
2948 30 62930 2 63449
2949 2 17543 1 18034
2950 92 26251 1 27431
2951 12 46571 1 46785
2952 91 20836 1 21714
2953 61 57235 1 58364
2954 75 6600 4 6965
2955 9 75753 1 76169
2956 65 16965 1 17528
2957 93 17120 2 17420
2958 41 69985 3 70564
2959 51 44609 1 44896
2960 89 43029 1 43628
2961 88 34563 1 35521
2962 62 52376 1 53410
2963 66 20224 1 20903
2964 41 15856 1 16489
2965 54 46739 4 47651
2966 100 61765 1 62210
2967 47 22902 1 23863
2968 25 66900 1 67299
2969 16 42556 1 43415
2970 89 22902 2 23838
2971 49 39300 2 39878
2972 30 3084 2 3761
2973 19 61765 2 61998
2974 21 74266 1 75401
2975 79 13426 2 13903
2976 46 20836 2 21714
2977 13 68582 2 68972
2978 11 11881 1 12659
2979 11 19054 1 19808
2980 19 41454 1 42002
2981 69 68225 3 68458
2982 8 31330 1 31626
2983 12 57003 1 57092
2984 21 62149 1 62622
2985 33 30519 2 31045
2986 90 73413 2 74334
2987 4 41454 1 41610
2988 62 3084 1 3778
2989 30 26966 1 27258
2990 99 75753 2 76416
2991 92 33037 1 33316
2992 89 27553 3 28060
2993 60 3662 2 3812
2994 66 17543 1 18200
2995 32 21758 2 22009
2996 100 54185 3 54521
2997 83 20224 1 21128
2998 95 13898 4 14069
2999 77 29632 2 30504
3000 18 16775 2 17246
3001 91 45673 1 46003
3002 96 61871 1 62475
3003 81 54365 1 55300
3004 36 46739 1 46827
3005 30 65631 1 66325
3006 93 5336 1 5977
3007 77 21758 5 22036
3008 82 61871 1 62247
3009 34 71875 1 72519
3010 89 5815 1 6461
3011 78 12617 1 12971
3012 79 24427 1 25767
3013 89 14703 1 15191
3014 77 4705 2 5356
3015 89 33200 1 33764
3016 65 10711 1 10965
3017 89 30878 2 31571
3018 27 15 1 875
3019 12 22902 1 23895
3020 85 44765 1 44994
3021 19 72812 1 73608
3022 100 42923 4 43415
3023 9 33200 1 33410
3024 12 50272 1 51064
3025 77 35249 2 35975
3026 46 42807 1 43493
3027 11 73745 2 73849
3028 83 33382 1 33589
3029 4 6560 1 7100
3030 89 61765 1 61946
3031 30 17543 2 18172
3032 68 52647 1 53088
3033 98 10142 1 10555
3034 51 13231 1 13776
3035 82 27257 1 27638
3036 27 62499 2 63416
3037 22 13 1 512
3038 87 40098 1 40290
3039 24 63392 3 63726
3040 81 45444 1 46189
3041 8 41454 1 42120
3042 34 7763 1 8693
3043 7 52976 1 53336
3044 65 22270 1 23055
3045 19 49077 4 49427
3046 77 1999 1 2529
3047 31 23669 1 24551
3048 90 39660 1 40556
3049 81 59316 2 59778
3050 81 38853 1 39043
3051 40 63392 1 63942
3052 21 23586 2 24102
3053 40 17120 1 17677
3054 86 45842 3 46289
3055 21 25318 2 26214
3056 49 62859 2 63791
3057 100 68156 1 69153
3058 27 12617 1 12995
3059 71 44415 1 45395
3060 46 76968 2 77365
3061 23 1999 1 2884
3062 88 3953 1 4705
3063 96 63735 2 64161
3064 94 32153 3 33094
3065 45 34272 1 34814
3066 69 66201 1 66505
3067 19 4705 4 5509
3068 15 75305 3 75927
3069 41 50777 3 51234
3070 79 38 2 234
3071 62 76210 1 76780
3072 18 44801 1 45329
3073 53 41994 1 42905
3074 65 75112 2 76064
3075 33 74266 4 74360
3076 31 61871 2 62316
3077 92 46571 1 46851
3078 53 16775 1 17048
3079 9 46739 1 46955
3080 80 38853 1 39300
3081 37 9791 3 10769
3082 4 23186 1 24290
3083 100 6560 1 6885
3084 22 41650 1 42228
3085 100 15391 1 16319
3086 10 6 1 280
3087 77 66201 1 66900
3088 11 29632 1 29847
3089 39 20224 1 20754
3090 46 58364 4 59016
3091 77 23411 1 23912
3092 40 56401 1 57025
3093 69 31806 1 32295
3094 33 24427 1 24828
3095 51 25390 1 25747
3096 80 51701 1 52561
3097 88 19054 1 20029
3098 12 34272 2 35185
3099 61 76309 1 76810
3100 61 31983 1 32470
3101 93 60241 1 60492
3102 47 5503 1 6208
3103 8 75112 1 75484
3104 77 7409 5 8130
3105 100 11820 1 12644
3106 8 70888 1 71142
3107 46 69542 1 70465
3108 15 63735 3 64641
3109 27 64696 1 64987
3110 71 43629 1 44340
3111 61 9953 1 10539
3112 20 67340 2 67776
3113 96 3953 2 4745
3114 15 28195 1 28696
3115 18 54685 2 55571
3116 67 35249 1 36227
3117 69 75112 1 76298
3118 89 60903 1 61415
3119 79 41454 3 42280
3120 45 70961 1 71295
3121 89 35706 1 36002
3122 77 58364 1 59259
3123 24 59419 1 59869
3124 14 47816 2 48380
3125 18 57075 1 57378
3126 87 21084 1 21428
3127 15 6600 1 7019
3128 46 57075 2 57991
3129 100 25262 1 26209
3130 54 24167 1 24646
3131 83 44415 1 44534
3132 69 5525 1 5888
3133 66 16965 1 17301
3134 15 32353 3 32503
3135 8 74213 2 75044
3136 25 64696 1 64897
3137 90 5763 3 6076
3138 40 15373 2 15507
3139 69 7409 1 7766
3140 40 45676 1 46155
3141 51 65631 1 66762
3142 14 46751 2 46855
3143 96 28696 1 28955
3144 100 70888 1 71521
3145 11 25390 2 25507
3146 67 37845 1 38565
3147 46 59419 1 59814
3148 79 22902 1 23411
3149 10 41454 1 42277
3150 56 50660 1 51532
3151 93 23729 2 24719
3152 18 35249 2 35842
3153 46 40098 1 40653
3154 7 19054 1 19436
3155 25 4003 1 4246
3156 28 30857 1 31139
3157 22 23586 1 24025
3158 89 45444 1 45842
3159 2 54685 1 54989
3160 51 5579 1 6410
3161 66 56281 1 56504
3162 21 5815 2 5905
3163 82 50660 2 51336
3164 89 15856 2 15976
3165 45 28925 1 29407
3166 65 9993 4 10576
3167 51 16775 1 17260
3168 34 54798 1 55091
3169 77 60903 1 61076
3170 24 13440 1 13619
3171 65 21758 3 22329
3172 56 13426 1 13640
3173 29 20836 1 21362
3174 61 6600 3 6733
3175 81 15373 1 15858
3176 83 53336 2 54134
3177 27 38947 5 39637
3178 65 1999 1 2423
3179 61 56281 1 57010
3180 29 67340 1 67851
3181 65 71842 1 71951
3182 22 3662 2 4521
3183 59 76517 1 76883
3184 19 24427 2 24520
3185 27 39660 1 39769
3186 96 26193 1 26442
3187 27 72812 1 73569
3188 8 42923 2 43076
3189 91 41831 1 42495
3190 91 60153 1 60761
3191 10 43629 1 44014
3192 29 9791 1 10556
3193 70 55500 1 56414
3194 14 71842 2 72123
3195 80 31330 1 31857
3196 19 69542 3 69688
3197 79 31034 1 31755
3198 22 49263 2 49960
3199 21 3662 4 3785
3200 63 56281 1 56900
3201 5 5062 2 5519
3202 15 39660 1 40507
3203 79 19229 1 19913
3204 65 54185 2 55095
3205 25 26154 2 26269
3206 61 60903 1 61063
3207 87 70961 1 71379
3208 9 58364 1 59288
3209 3 41454 1 41924
3210 9 21758 1 22416
3211 11 76210 2 76647
3212 92 37336 1 38228
3213 61 53336 1 54097
3214 100 17543 1 17973
3215 67 12235 1 12873
3216 93 3084 2 3525
3217 25 45676 2 46014
3218 100 75112 1 75222
3219 18 37336 1 37933
3220 61 13693 1 14335
3221 5 26269 3 26605
3222 62 27257 2 28225
3223 65 61765 1 61931
3224 17 16050 3 16624
3225 65 76968 3 77069
3226 65 48179 1 48876
3227 36 3084 1 3868
3228 12 3084 1 3320
3229 61 43629 1 44415
3230 63 23729 1 24121
3231 60 3953 5 4472
3232 42 55022 1 55197
3233 89 64030 1 65251
3234 36 51701 2 52315
3235 41 67969 1 68317
3236 81 41454 2 41729
3237 76 46739 1 47700
3238 11 60153 1 60572
3239 80 19054 1 20178
3240 57 38853 1 39031
3241 45 56401 2 57159
3242 9 20574 1 21530
3243 9 76968 1 77545
3244 98 42001 1 42822
3245 81 5503 2 6204
3246 16 17925 1 18416
3247 23 57478 1 57558
3248 30 14458 2 15164
3249 61 51701 1 52070
3250 25 9993 1 11485
3251 16 65631 3 66025
3252 3 70961 2 71150
3253 9 27483 1 28260
3254 8 14458 1 15151
3255 39 64696 1 65450
3256 7 32252 1 33015
3257 76 69985 2 70683
3258 89 26251 3 26618
3259 53 56485 2 57454
3260 27 40261 1 40889
3261 78 882 1 1478
3262 93 20224 1 21209
3263 54 37528 4 38300
3264 85 73189 1 74144
3265 24 9447 2 10286
3266 56 75889 2 76249
3267 24 20836 2 21006
3268 89 21084 4 21674
3269 15 38853 3 39660
3270 22 19281 1 19981
3271 9 52793 1 52935
3272 25 11485 1 12250
3273 82 10975 1 11121
3274 93 54185 1 54990
3275 94 50660 1 51375
3276 67 54185 3 54759
3277 7 53336 1 54131
3278 14 17690 2 18579
3279 81 30661 3 30946
3280 40 17910 1 18118
3281 36 9447 2 10236
3282 56 27257 1 27477
3283 79 9027 1 9389
3284 12 41454 1 42154
3285 24 44861 1 44976
3286 4 35317 1 36155
3287 51 71216 1 71748
3288 59 54798 1 55335
3289 88 54856 1 55600
3290 61 53693 1 54778
3291 2 24167 1 24811
3292 9 69283 1 70170
3293 11 3662 1 4153
3294 81 30145 1 30333
3295 83 61765 1 62217
3296 91 75112 1 75640
3297 100 75305 1 75427
3298 61 74266 1 74368
3299 31 66201 2 66556
3300 31 41610 2 41920
3301 81 75593 3 75855
3302 45 64696 1 65136
3303 61 70795 1 71272
3304 39 67340 1 68197
3305 41 39660 1 39895
3306 27 61871 1 62499
3307 65 7763 2 8513
3308 25 26269 1 26972
3309 18 61871 1 62021
3310 15 34272 1 34591
3311 16 38947 3 39452
3312 98 73413 1 73887
3313 11 65631 1 66084
3314 79 76447 1 77300
3315 36 6461 2 6965
3316 30 22004 2 22698
3317 16 44415 1 44538
3318 9 68204 1 68721
3319 47 8048 1 8193
3320 41 55500 1 56562
3321 17 24465 2 25346
3322 79 3662 1 3814
3323 61 2117 3 3064
3324 8 13086 1 13333
3325 94 75305 4 75748
3326 52 10142 1 11102
3327 49 77667 2 78551
3328 47 67340 1 67686
3329 24 37845 1 38495
3330 59 61871 1 62016
3331 34 77390 1 78295
3332 46 9953 2 10321
3333 51 30663 1 30982
3334 82 41454 2 42199
3335 100 73745 1 74468
3336 46 72812 1 73766
3337 24 14765 1 15108
3338 15 12235 1 12500
3339 89 15255 1 16050
3340 3 1999 2 2937
3341 1 76517 1 76836
3342 41 4845 2 5225
3343 39 54778 1 55155
3344 12 9180 3 10122
3345 90 56830 1 57079
3346 57 62149 1 63142
3347 89 36155 1 37088
3348 83 11161 3 11462
3349 59 64696 1 64834
3350 30 15856 2 16513
3351 77 58364 1 59219
3352 23 53336 1 53551
3353 41 47163 2 47503
3354 3 52376 1 52840
3355 11 67340 1 68026
3356 22 74213 2 74994
3357 25 38853 1 39369
3358 24 26966 1 27158
3359 81 33037 2 33770
3360 77 73745 3 73990
3361 46 39660 1 40016
3362 80 60903 1 61512
3363 8 16775 1 17401
3364 41 33527 1 34346
3365 90 19054 1 19144
3366 20 65631 3 66530
3367 94 3084 1 3424
3368 46 70795 1 71942
3369 98 15255 3 15636
3370 83 71842 4 72462
3371 4 53693 1 53889
3372 8 9027 1 9422
3373 71 60153 1 60676
3374 4 28246 1 28884
3375 92 61765 1 62461
3376 91 54685 1 55612
3377 14 77390 2 78294
3378 10 47552 1 47797
3379 61 70321 1 71083
3380 78 41454 1 42287
3381 15 21758 1 22440
3382 25 34272 2 34518
3383 90 9953 1 10341
3384 49 882 1 1437
3385 55 9791 4 10278
3386 47 56491 1 56892
3387 81 21758 1 22712
3388 73 52243 1 52413
3389 79 76968 1 77294
3390 12 42829 1 43443
3391 94 3662 5 4532
3392 47 41454 1 41962
3393 23 21084 1 21927
3394 15 16775 3 17382
3395 6 61765 1 61884
3396 27 68274 1 69147
3397 62 60241 1 61018
3398 76 76968 3 77805
3399 80 29632 1 31056
3400 9 6461 1 6556
3401 39 45985 1 46666
3402 11 4705 1 5512
3403 46 61765 1 62302
3404 15 17910 1 18441
3405 22 16050 1 17036
3406 41 19054 1 19797
3407 89 44691 1 45319
3408 19 45673 2 46004
3409 4 1999 1 2765
3410 88 33437 1 34363
3411 88 49263 1 49649
3412 7 34364 1 34859
3413 77 71842 3 72591
3414 19 70795 1 70960
3415 25 75112 1 75753
3416 79 20836 1 21314
3417 59 27483 1 28050
3418 3 42807 1 43461
3419 15 76003 1 77209
3420 15 16775 1 17062
3421 19 47816 1 48637
3422 81 23411 1 23548
3423 17 17910 4 18647
3424 73 50660 1 50970
3425 39 59448 1 60158
3426 79 43166 1 43390
3427 15 64696 1 65323
3428 61 45985 1 48334
3429 12 33200 1 34159
3430 89 61946 1 62328
3431 81 24167 1 24360
3432 91 49263 1 49407
3433 4 28696 1 28880
3434 5 55541 2 55804
3435 46 7409 3 7910
3436 15 59316 2 59433
3437 24 49263 2 50119
3438 79 20224 2 20657
3439 41 17690 1 18600
3440 22 6600 1 6953
3441 25 16965 2 17120
3442 51 9 1 706
3443 39 10220 1 11180
3444 3 24427 2 24608
3445 88 17931 1 19054
3446 51 14458 1 15373
3447 83 62930 1 63064
3448 18 33037 1 33959
3449 11 15856 2 16279
3450 4 68408 3 68637
3451 96 54185 1 54587
3452 30 33382 1 33651
3453 76 17753 3 18520
3454 91 19054 1 19761
3455 10 58364 1 58473
3456 41 47552 2 48199
3457 29 49478 1 50366
3458 3 64696 1 65426
3459 67 15856 4 16579
3460 78 4705 1 4959
3461 25 56485 1 57112
3462 27 5815 1 6858
3463 19 54185 4 54479
3464 80 33540 1 34095
3465 20 67969 3 68049
3466 43 67548 3 68347
3467 65 66201 2 66315
3468 49 6600 1 7449
3469 24 73046 1 73317
3470 4 40098 1 40817
3471 15 3084 4 3268
3472 24 25371 1 25860
3473 89 23411 1 24167
3474 54 25318 5 26061
3475 33 6600 1 6684
3476 82 51701 1 51996
3477 47 52070 1 52476
3478 9 73745 1 74251
3479 61 38947 1 40139
3480 96 67548 2 68146
3481 89 41994 1 42408
3482 28 6600 1 7160
3483 14 63474 2 63922
3484 59 17927 1 18101
3485 89 28737 1 29632
3486 46 5763 1 6113
3487 51 73745 1 74034
3488 16 11881 1 12729
3489 89 59419 1 60292
3490 64 6858 1 7386
3491 96 25390 2 25918
3492 82 1999 1 2642
3493 61 33382 2 34034
3494 78 64849 2 65421
3495 80 35354 2 36035
3496 8 76010 2 76944
3497 17 29632 1 30284
3498 99 15856 2 16666
3499 5 3662 2 3900
3500 69 19281 1 19868
3501 4 50660 1 51358
3502 89 66201 2 67099
3503 94 37336 5 37950
3504 22 9953 1 10405
3505 22 58364 2 58474
3506 12 37845 1 38125
3507 59 39196 1 40049
3508 62 19054 1 19211
3509 46 6044 1 6378
3510 61 16775 2 17308
3511 88 5503 1 5595
3512 89 39660 3 39804
3513 15 34796 1 35668
3514 83 29632 3 30581
3515 73 25200 1 25636
3516 25 25092 1 25957
3517 9 56491 1 56617
3518 34 65631 1 66224
3519 4 37145 1 38853
3520 79 40098 3 41014
3521 39 50215 1 51091
3522 10 34272 1 34954
3523 98 39660 2 40194
3524 24 54798 1 55524
3525 89 33037 1 33417
3526 87 33037 1 33775
3527 61 17120 1 17978
3528 100 55500 2 56021
3529 53 49077 2 49487
3530 89 63392 1 63808
3531 91 14765 1 15373
3532 28 30189 1 30772
3533 34 19054 1 19515
3534 89 8048 2 8381
3535 51 11161 1 11417
3536 19 15856 4 16381
3537 67 31330 1 32293
3538 9 56830 1 57183
3539 62 17120 1 18117
3540 92 7409 1 8134
3541 18 12617 1 13533
3542 100 54685 1 55469
3543 16 13086 1 13726
3544 24 70964 1 71841
3545 46 73766 1 73957
3546 21 41723 1 42104
3547 2 52647 1 52970
3548 41 45673 3 46496
3549 36 72812 1 73218
3550 8 54185 1 54820
3551 4 11485 1 11799
3552 45 75305 1 75413
3553 83 41838 3 42595
3554 25 29632 1 31034
3555 3 26193 1 26557
3556 49 75593 1 76323
3557 88 6560 1 6700
3558 73 17753 1 17977
3559 82 7409 1 7726
3560 95 44861 3 45775
3561 8 11485 2 11773
3562 41 73046 1 73383
3563 22 1999 1 2651
3564 81 50383 1 50604
3565 62 30661 1 31908
3566 17 10299 4 11107
3567 9 62149 1 62930
3568 6 50660 2 51438
3569 42 25200 2 26025
3570 89 34272 2 35601
3571 19 26251 3 26830
3572 57 55500 1 56474
3573 23 40098 1 41074
3574 30 62569 1 62843
3575 89 74266 1 74819
3576 69 28696 1 28842
3577 90 75753 2 76606
3578 80 0 1 618
3579 21 63392 1 63474
3580 91 15856 1 16748
3581 52 50272 3 50802
3582 9 17543 1 18497
3583 79 56281 1 57203
3584 82 34272 2 35137
3585 6 22004 2 22463
3586 79 11820 1 13305
3587 30 37122 1 37908
3588 57 17753 2 18148
3589 62 57235 1 57703
3590 46 56281 1 56926
3591 27 9447 1 9775
3592 24 27744 2 27899
3593 4 69985 1 70961
3594 10 33037 1 33854
3595 27 17543 1 18063
3596 61 28137 3 29001
3597 12 45673 1 46466
3598 87 28737 1 29447
3599 61 15391 2 16389
3600 49 45985 2 46447
3601 32 67340 1 67807
3602 1 25092 1 26012
3603 29 77667 1 77950
3604 3 14703 2 14982
3605 92 39660 1 40374
3606 89 29632 1 30663
3607 56 62499 2 63420
3608 65 7409 1 8308
3609 52 23586 3 23874
3610 4 33605 3 34283
3611 61 21084 1 22176
3612 8 20224 1 21166
3613 57 63474 1 63762
3614 77 41454 2 42357
3615 61 5815 1 6600
3616 15 13440 2 14155
3617 99 66900 2 67895
3618 100 14458 3 14887
3619 83 32353 3 33106
3620 46 27921 1 28572
3621 52 11820 1 12518
3622 59 21084 1 21408
3623 3 44415 2 45180
3624 22 54798 1 55601
3625 61 23835 3 24389
3626 41 12235 1 15774
3627 46 15255 2 15362
3628 99 67969 3 68936
3629 100 13086 1 13890
3630 81 52185 1 53095
3631 82 9713 1 9863
3632 21 50858 1 51399
3633 46 1999 2 2484
3634 2 13898 1 14768
3635 9 12617 1 13408
3636 78 10711 3 10806
3637 82 63474 1 64442
3638 79 66900 2 67506
3639 82 46578 2 47488
3640 51 60903 1 61665
3641 49 3953 1 4390
3642 79 61765 3 62352
3643 25 1999 1 3081
3644 42 40098 4 40506
3645 92 68810 1 69061
3646 71 3084 2 3817
3647 12 20574 1 21474
3648 14 76210 2 76997
3649 20 27257 1 28152
3650 21 68810 1 69611
3651 18 22164 2 22617
3652 86 47816 4 48774
3653 51 1999 1 2394
3654 78 33037 1 33193
3655 7 7409 1 8258
3656 19 52647 3 53351
3657 11 23232 1 23726
3658 4 10975 1 11881
3659 61 9972 1 11311
3660 61 15391 1 16004
3661 39 26269 1 26461
3662 22 17586 1 18286
3663 99 14891 3 15508
3664 81 14765 2 14958
3665 61 55500 4 55913
3666 28 2457 2 2981
3667 79 35249 2 35863
3668 34 25200 1 25335
3669 47 63735 1 64711
3670 93 31330 1 31742
3671 39 34272 1 34656
3672 36 64030 1 64801
3673 4 44765 1 45291
3674 41 32153 1 33527
3675 4 3084 1 3260
3676 80 67340 2 67537
3677 51 32153 1 33080
3678 79 34272 1 34437
3679 76 27921 1 28052
3680 76 23411 1 23726
3681 58 27483 1 28335
3682 89 65631 1 65732
3683 17 67548 1 68183
3684 77 20224 1 20619
3685 96 77667 2 78427
3686 81 3662 1 4258
3687 83 40098 1 41052
3688 67 50215 3 50450
3689 51 50383 1 50571
3690 56 76517 1 76827
3691 9 30519 1 31005
3692 15 47163 3 48070
3693 75 20224 3 20794
3694 65 29 1 859
3695 23 56281 1 56416
3696 20 63735 2 64054
3697 24 66900 3 67403
3698 79 42807 1 42993
3699 25 24427 1 24652
3700 25 39660 1 40195
3701 25 34563 1 35145
3702 41 6461 1 7688
3703 93 64696 1 64933
3704 27 30145 1 30415
3705 23 41454 1 41597
3706 4 50272 1 50652
3707 51 17260 1 17480
3708 25 70543 1 71194
3709 31 17543 2 18311
3710 8 29632 2 30543
3711 83 50858 4 51604
3712 39 44782 1 45390
3713 80 59448 1 60054
3714 46 71842 1 72755
3715 69 23232 1 24185
3716 41 16965 2 17690
3717 79 9447 1 9825
3718 24 16775 1 16858
3719 86 55500 2 56198
3720 91 29632 1 29791
3721 50 3084 2 3207
3722 65 49263 2 49832
3723 41 46578 1 47130
3724 28 67601 3 67876
3725 59 75112 1 76040
3726 98 25390 1 26264
3727 96 42807 1 42941
3728 41 5503 1 5964
3729 15 42829 1 43145
3730 32 73931 1 74684
3731 22 45673 1 46470
3732 19 10975 5 11262
3733 21 64849 1 65071
3734 76 33382 1 33796
3735 45 33382 1 34205
3736 21 32153 1 32586
3737 24 34272 3 34837
3738 25 73189 1 73831
3739 45 65631 1 66171
3740 90 19281 1 19557
3741 12 4705 1 5177
3742 86 13231 3 13841
3743 24 42807 5 43519
3744 22 21758 2 22032
3745 78 54798 2 55174
3746 61 75593 2 76260
3747 83 51701 4 52079
3748 12 70341 2 71067
3749 12 57235 1 57950
3750 17 23186 2 23797
3751 39 19281 1 19822
3752 76 34272 2 35122
3753 9 10975 1 11483
3754 19 65631 4 65996
3755 61 27446 3 28137
3756 89 46904 1 47816
3757 76 75112 2 75669
3758 54 74213 3 75013
3759 24 41610 1 42012
3760 33 51701 1 51863
3761 87 9447 1 10393
3762 82 59448 1 60020
3763 86 57003 2 57635
3764 65 3084 3 3857
3765 53 34272 1 34461
3766 91 32030 1 32959
3767 13 4830 4 5127
3768 41 23729 2 24934
3769 79 15255 2 16528
3770 22 9027 2 9638
3771 7 54185 1 54798
3772 100 5602 1 6337
3773 11 45673 1 46481
3774 25 20224 1 20844
3775 80 43629 2 44366
3776 27 9027 1 9285
3777 88 43267 1 44113
3778 25 77003 1 77898
3779 4 44415 1 44609
3780 15 41723 2 42426
3781 39 39660 1 40051
3782 47 27921 1 28073
3783 30 41454 1 42267
3784 82 17120 2 18049
3785 77 3084 1 3511
3786 39 15856 1 15944
3787 96 54685 1 55546
3788 62 10975 2 11468
3789 31 68810 3 69341
3790 12 56281 1 56555
3791 89 40098 3 40268
3792 63 65631 1 66579
3793 51 63562 1 64006
3794 94 53336 2 54241
3795 96 41454 1 41551
3796 62 21758 1 21870
3797 24 17120 4 17620
3798 15 73274 3 74138
3799 23 45676 1 46435
3800 3 47816 1 48806
3801 91 38853 1 39108
3802 36 22902 1 23417
3803 88 26966 1 27097
3804 61 35249 1 35434
3805 51 17543 1 18438
3806 41 62930 1 63866
3807 40 31983 1 32787
3808 52 41650 3 42242
3809 42 25390 4 25716
3810 25 882 1 1001
3811 30 32353 1 33317
3812 90 46739 1 47253
3813 84 24167 2 24670
3814 100 35249 1 35763
3815 4 33037 2 33776
3816 7 34859 1 35367
3817 86 71875 2 72111
3818 81 76210 2 76305
3819 65 17543 1 18445
3820 8 59316 1 60155
3821 18 66900 2 67868
3822 46 50383 4 51124
3823 25 42001 1 43603
3824 5 22902 2 23521
3825 41 42556 1 43266
3826 75 27257 2 27428
3827 77 12617 1 12965
3828 2 65631 1 65737
3829 88 56498 1 57104
3830 20 9027 2 9904
3831 25 17925 1 18711
3832 4 60153 1 61068
3833 89 71842 2 72812
3834 17 77390 1 78033
3835 51 38853 1 39890
3836 79 42280 1 42807
3837 56 56281 2 56791
3838 17 9027 2 10009
3839 4 10142 1 10911
3840 51 41831 1 42124
3841 35 40170 5 41035
3842 88 65631 1 66582
3843 7 72823 1 72958
3844 91 14155 1 14764
3845 8 5602 2 6538
3846 17 42829 3 43273
3847 88 7409 1 8150
3848 92 6733 1 6975
3849 76 70888 1 71642
3850 41 21758 1 22259
3851 12 10975 1 11742
3852 8 42923 1 43047
3853 88 4705 1 5253
3854 67 71842 3 72593
3855 69 50208 1 50872
3856 61 13231 1 14529
3857 77 30519 3 31468
3858 9 22902 1 23132
3859 12 75889 1 76115
3860 8 55500 1 56042
3861 11 48179 1 48788
3862 71 9447 1 9647
3863 81 47833 1 48669
3864 20 10711 1 11188
3865 24 56281 1 57015
3866 7 26188 1 26743
3867 15 42829 1 43166
3868 76 27257 1 27400
3869 10 72812 2 73130
3870 18 17586 1 17759
3871 34 6600 2 7487
3872 88 14703 1 15013
3873 47 51701 1 52058
3874 80 44765 1 45499
3875 96 59316 1 59995
3876 2 71875 1 72856
3877 89 15159 1 16412
3878 7 22902 1 23287
3879 92 21084 1 21602
3880 41 731 1 1149
3881 96 15159 2 15520
3882 53 33037 1 33556
3883 34 41831 1 42288
3884 15 77667 2 78656
3885 73 26200 1 27164
3886 51 21758 1 22668
3887 53 70888 1 71128
3888 7 21150 1 21593
3889 2 5763 1 6149
3890 81 16965 1 17089
3891 78 7763 1 8289
3892 89 67969 1 68810
3893 4 60184 2 60579
3894 99 54685 3 55175
3895 51 26269 1 26488
3896 92 32353 1 32853
3897 20 45676 2 45890
3898 22 50777 1 51631
3899 33 52376 5 53125
3900 28 37845 3 38711
3901 21 67969 1 68082
3902 2 43629 1 44010
3903 13 67969 5 68462
3904 65 26154 1 26267
3905 32 27257 1 27476
3906 4 30273 1 30740
3907 16 44609 1 44931
3908 11 49077 1 49886
3909 66 6144 1 6673
3910 91 7763 1 8094
3911 53 63392 1 63598
3912 7 73046 1 73249
3913 9 33605 1 33875
3914 64 10975 2 11191
3915 15 45985 3 46644
3916 52 47833 3 48008
3917 9 290 1 744
3918 79 9381 1 9988
3919 9 16050 1 16407
3920 76 45673 2 46329
3921 12 15159 2 15444
3922 11 42556 2 43486
3923 81 13231 1 13499
3924 29 41454 1 41768
3925 27 7763 1 8480
3926 5 68810 4 69167
3927 30 9447 2 10387
3928 27 22270 1 23004
3929 77 17586 1 18060
3930 2 40098 1 40862
3931 42 30189 1 30538
3932 32 70961 1 71886
3933 93 63735 1 63983
3934 100 10975 1 11413
3935 12 39660 4 40543
3936 81 13086 2 13207
3937 11 37336 1 38329
3938 15 56281 1 57031
3939 41 28195 1 28650
3940 26 56830 1 57339
3941 18 45676 1 46112
3942 83 54798 3 54905
3943 12 60241 2 60766
3944 1 5336 2 5876
3945 59 35249 1 35653
3946 41 26154 3 27012
3947 21 10975 1 11703
3948 83 41454 1 41749
3949 7 16965 1 18660
3950 17 6600 1 6732
3951 93 42829 1 43503
3952 78 23 1 428
3953 67 39196 4 39886
3954 65 51701 1 52029
3955 27 41454 1 41976
3956 98 67969 4 68268
3957 65 45985 1 46095
3958 21 77003 3 77300
3959 87 4705 1 5565
3960 22 27921 1 28705
3961 91 67969 1 68649
3962 15 69985 2 70888
3963 76 3953 2 4372
3964 27 21758 1 22270
3965 91 17753 1 18736
3966 98 52070 1 52766
3967 61 59469 3 60095
3968 15 46904 2 46993
3969 17 76309 3 77047
3970 86 26154 2 26326
3971 22 14458 1 15225
3972 52 34796 1 34912
3973 92 52243 1 52667
3974 90 38853 1 38969
3975 15 59448 1 60241
3976 65 60903 1 61321
3977 88 5602 1 6231
3978 35 9027 1 9203
3979 19 25200 2 26132
3980 18 5525 1 6342
3981 25 4705 1 4895
3982 100 44209 1 44886
3983 15 46751 2 48200
3984 3 63562 2 64321
3985 41 4705 2 4791
3986 58 34272 1 34788
3987 83 59316 2 59926
3988 15 11485 1 12427
3989 93 51701 1 52138
3990 49 33037 1 34018
3991 24 54685 1 55272
3992 2 62149 1 63028
3993 67 63474 1 64444
3994 30 59316 2 59413
3995 94 49263 4 49988
3996 64 47816 1 48187
3997 86 12235 5 12656
3998 62 56281 1 56955
3999 9 11820 1 12331
4000 61 56281 1 56654
4001 15 47816 1 48703
4002 29 58364 1 59101
4003 78 67548 2 68162
4004 99 49077 2 49771
4005 100 36155 3 36331
4006 52 72274 1 72559
4007 69 53693 1 53958
4008 89 32 1 632
4009 19 38853 1 39761
4010 85 6560 1 6647
4011 8 52647 1 53605
4012 69 46739 1 47186
4013 32 25390 1 26251
4014 45 1999 1 2903
4015 79 48179 3 48835
4016 92 33388 1 33805
4017 15 14155 2 14565
4018 34 72823 1 73330
4019 63 70964 1 71440
4020 89 37845 1 38362
4021 80 66900 1 67213
4022 16 33388 1 34036
4023 98 73745 3 74231
4024 24 53336 1 53986
4025 52 49077 3 49559
4026 40 30878 2 31857
4027 6 29632 2 30397
4028 15 882 1 1709
4029 56 38947 1 39904
4030 87 26251 1 27115
4031 73 40098 1 40336
4032 33 41454 4 42442
4033 59 49263 1 49478
4034 92 69542 1 70409
4035 61 33229 1 33382
4036 49 77390 2 77651
4037 92 34272 1 35253
4038 5 40098 3 40934
4039 3 9027 2 9748
4040 17 40098 1 40324
4041 81 76968 1 77387
4042 27 10711 1 11826
4043 2 32252 1 32577
4044 61 61765 1 62569
4045 93 25262 1 25949
4046 4 7409 2 8168
4047 4 26966 2 27835
4048 23 22902 2 23520
4049 24 76169 1 76653
4050 27 76968 1 77806
4051 39 6461 1 7376
4052 29 41831 1 42218
4053 58 57235 1 57582
4054 77 33605 1 34559
4055 30 68582 1 69464
4056 90 1999 2 2812
4057 86 42829 3 43066
4058 30 34272 1 35114
4059 89 75112 1 75723
4060 31 42001 2 42740
4061 47 43166 1 43560
4062 96 76968 2 77147
4063 89 17543 1 17983
4064 41 9027 1 9558
4065 79 17543 1 18285
4066 9 75112 1 75350
4067 31 41994 1 42974
4068 51 4705 1 5579
4069 11 50858 2 51742
4070 98 55679 1 56576
4071 53 22902 1 23083
4072 79 3953 1 4830
4073 92 67340 1 67760
4074 91 16775 1 17461
4075 52 63524 2 64071
4076 90 56281 2 56692
4077 45 53336 2 54111
4078 25 38853 1 39261
4079 12 67969 1 68545
4080 71 51701 3 52685
4081 3 39300 1 40076
4082 66 22902 1 23709
4083 36 44765 1 45527
4084 100 75753 1 76427
4085 55 42001 1 42600
4086 39 17543 1 17866
4087 6 54185 1 54777
4088 19 21758 1 22129
4089 41 44765 1 45476
4090 61 20029 1 20224
4091 88 27744 1 28645
4092 28 25318 1 26295
4093 15 63524 2 64292
4094 80 1999 1 2283
4095 27 37450 3 38258
4096 61 63392 1 63774
4097 83 9180 2 10055
4098 41 71875 1 72338
4099 14 53336 2 53874
4100 70 41723 1 42484
4101 88 13426 1 13891
4102 92 22902 1 23012
4103 61 11485 1 11820
4104 92 35354 1 35591
4105 83 38853 2 38994
4106 98 9447 1 9975
4107 46 13086 2 13253
4108 61 72169 1 72418
4109 79 9825 1 10547
4110 22 50272 2 50534
4111 92 68156 1 68806
4112 76 26188 1 27106
4113 94 24167 1 24710
4114 69 28925 1 29051
4115 46 53693 1 54518
4116 69 68810 1 69057
4117 76 24167 1 25069
4118 3 46739 1 47585
4119 4 76210 1 76736
4120 24 52503 1 52837
4121 15 15856 2 16317
4122 91 28696 1 29031
4123 91 70888 1 71231
4124 58 71194 2 71859
4125 30 50383 1 50760
4126 81 2117 2 2930
4127 17 45673 2 46111
4128 51 7763 1 8274
4129 91 1999 1 2388
4130 53 72812 1 73792
4131 8 57235 1 57541
4132 77 53693 1 54384
4133 16 67340 3 68224
4134 91 75889 1 76691
4135 19 75305 4 76070
4136 12 51701 1 52266
4137 12 77667 1 78624
4138 85 27216 1 27589
4139 91 69985 1 70098
4140 33 73189 1 74161
4141 11 44209 1 44295
4142 46 37336 1 38332
4143 12 44209 1 44472
4144 7 10975 1 11569
4145 19 56498 5 56655
4146 21 63735 2 64079
4147 71 3084 3 3239
4148 40 61765 2 62103
4149 2 26154 1 27070
4150 67 59869 2 60506
4151 80 26928 1 27121
4152 4 510 2 1257
4153 100 34272 5 35091
4154 52 13776 1 14630
4155 83 64696 1 64793
4156 79 73046 2 73475
4157 92 50660 1 51627
4158 10 64696 2 64906
4159 76 47833 1 48101
4160 31 63474 1 64136
4161 77 32153 1 32983
4162 65 46571 1 46873
4163 40 19229 1 19994
4164 100 45673 1 46092
4165 46 74213 1 74995
4166 41 22902 1 23729
4167 80 49263 1 50448
4168 11 56281 2 56849
4169 36 67340 1 67566
4170 41 64696 1 65666
4171 81 9027 1 9852
4172 33 68582 1 69210
4173 45 75753 2 76546
4174 42 77667 5 78393
4175 100 47552 2 48409
4176 42 64030 2 64234
4177 83 2 1 611
4178 56 12235 1 12466
4179 16 57235 2 57775
4180 92 13086 1 13572
4181 62 13086 3 13905
4182 19 62930 1 63057
4183 61 59469 1 59682
4184 98 40261 4 40430
4185 40 35249 1 36187
4186 17 73189 1 74128
4187 24 73745 1 74040
4188 70 6044 1 6439
4189 7 56401 1 57235
4190 28 17543 3 17726
4191 29 70543 1 70700
4192 65 73413 2 73728
4193 58 26154 2 27050
4194 3 22902 1 23789
4195 82 9227 1 9559
4196 25 71216 1 71385
4197 57 37528 1 37824
4198 90 41454 2 41989
4199 31 16050 2 16309
4200 33 57235 1 58042
4201 23 17543 1 18489
4202 65 35249 3 35352
4203 85 29967 1 30806
4204 78 45673 3 46572
4205 30 69985 1 70874
4206 21 13086 3 13966
4207 12 3662 2 3876
4208 81 58364 1 58575
4209 6 1999 2 2726
4210 24 44415 2 44861
4211 3 43629 2 43873
4212 92 6560 1 6704
4213 92 5431 1 6091
4214 4 42923 2 43611
4215 52 59448 3 59630
4216 89 76968 1 77740
4217 45 21084 2 21634
4218 15 17120 2 17543
4219 27 27257 1 28204
4220 89 45673 2 46579
4221 84 25200 1 25880
4222 69 50208 2 50780
4223 23 50777 1 51417
4224 3 42001 1 42519
4225 89 11485 3 12107
4226 88 22902 1 23428
4227 58 76517 1 76646
4228 61 77667 1 77959
4229 15 9027 1 9652
4230 89 31806 1 32384
4231 25 49077 1 49768
4232 63 6560 1 7006
4233 4 41610 1 42744
4234 27 13086 1 13854
4235 92 14703 1 15273
4236 40 65631 1 65776
4237 7 68204 1 68614
4238 21 17120 1 17419
4239 41 38947 2 40029
4240 61 54778 1 55263
4241 41 77667 1 78616
4242 11 22902 1 23004
4243 30 76517 2 77343
4244 15 4705 2 5298
4245 89 30663 1 31823
4246 91 6461 1 7314
4247 5 41454 2 41552
4248 61 76210 1 76524
4249 77 50660 2 51220
4250 86 4830 3 5398
4251 47 53336 1 53712
4252 76 38853 2 39205
4253 88 22004 1 22574
4254 61 41454 1 41650
4255 21 11820 2 12617
4256 2 42556 1 43193
4257 34 52647 1 53464
4258 28 74213 1 74949
4259 11 20574 1 20769
4260 17 50334 3 51115
4261 9 61871 1 61954
4262 29 45985 1 46305
4263 24 57235 1 58211
4264 4 64079 4 64921
4265 57 42001 2 42790
4266 90 53693 3 53964
4267 96 68408 2 68772
4268 78 13693 2 14166
4269 7 58364 1 59210
4270 88 58364 1 59272
4271 61 72274 1 73189
4272 62 25390 1 25918
4273 66 9447 1 9738
4274 42 54778 1 54938
4275 47 49077 1 49978
4276 15 55541 1 55755
4277 59 27216 1 27444
4278 11 28737 2 29626
4279 15 50858 1 51446
4280 89 43166 1 43594
4281 88 38853 1 39256
4282 87 10 1 910
4283 18 26154 1 26607
4284 82 29632 1 29799
4285 47 31034 1 31654
4286 8 58364 2 58948
4287 61 57010 1 57406
4288 51 22902 1 23351
4289 89 71842 1 72597
4290 36 77003 1 77572
4291 51 61871 1 62168
4292 88 17753 1 17931
4293 89 51701 2 52243
4294 96 5815 1 6375
4295 57 7763 1 8070
4296 79 32353 1 32698
4297 51 37122 1 37346
4298 88 54185 1 54856
4299 53 65631 1 65873
4300 17 5525 1 6095
4301 46 49077 1 50064
4302 40 24465 2 25151
4303 92 43629 1 44370
4304 53 68225 1 68315
4305 89 17927 1 18300
4306 10 59869 1 60174
4307 78 20224 3 20889
4308 22 52243 1 52814
4309 10 27257 1 28006
4310 25 57478 2 57985
4311 80 63474 1 64427
4312 45 35354 2 35786
4313 33 49768 1 50036
4314 55 17260 1 18250
4315 17 1999 2 2929
4316 92 74213 1 74633
4317 3 33037 1 33244
4318 98 52376 1 52911
4319 28 24465 3 25434
4320 11 71875 2 72297
4321 82 26966 1 27132
4322 6 24167 2 24822
4323 10 67969 1 68242
4324 96 45676 2 45977
4325 15 28696 1 29588
4326 7 71367 1 71875
4327 17 3953 3 4855
4328 83 57003 1 57326
4329 51 28195 1 28680
4330 76 30857 2 31624
4331 10 49077 1 49823
4332 96 14703 1 15034
4333 81 62569 1 63503
4334 100 31330 4 31975
4335 52 43629 2 43921
4336 80 14458 1 17192
4337 14 4845 2 5608
4338 17 26200 2 26613
4339 52 9447 1 10329
4340 4 61765 1 63003
4341 76 57003 2 57214
4342 25 50119 1 50215
4343 66 75305 1 75900
4344 65 44782 2 44909
4345 5 61871 1 62800
4346 39 74213 1 74454
4347 15 74266 2 74589
4348 90 29632 2 30124
4349 25 27921 2 28433
4350 94 66201 1 66468
4351 69 58364 1 58805
4352 92 17120 1 17316
4353 4 47552 1 48259
4354 54 72812 2 73764
4355 91 21758 1 22546
4356 89 6461 1 6810
4357 61 71272 1 72035
4358 15 39196 2 39473
4359 12 19281 2 19648
4360 54 15856 3 16156
4361 100 34272 2 35119
4362 79 27921 1 28692
4363 40 41831 1 42459
4364 21 38853 1 38947
4365 61 1177 2 1593
4366 89 46739 1 46904
4367 49 25200 2 25483
4368 76 42556 1 43257
4369 46 70961 2 71548
4370 31 5763 1 6697
4371 53 5431 2 6024
4372 28 39660 1 40596
4373 61 34272 2 34563
4374 89 62859 1 63295
4375 91 4705 1 5423
4376 31 32153 4 32377
4377 25 50215 2 51007
4378 87 38853 1 39785
4379 32 73046 1 73401
4380 89 57003 2 57442
4381 87 68225 1 68421
4382 9 13426 1 13873
4383 46 5431 1 5905
4384 69 15856 1 16240
4385 69 42923 1 43371
4386 59 13231 1 14194
4387 56 53336 1 53516
4388 69 67340 1 67712
4389 39 16050 1 16852
4390 36 12235 2 13204
4391 89 59316 2 59419
4392 82 11485 1 11676
4393 41 64030 1 64664
4394 83 45673 1 45891
4395 8 77667 1 77921
4396 12 3953 1 4616
4397 24 10220 2 10686
4398 26 27257 1 27382
4399 77 49768 1 50447
4400 41 25262 2 25841
4401 91 42829 1 43056
4402 7 49263 1 50383
4403 53 37528 1 37639
4404 49 38947 1 39137
4405 89 39424 1 39957
4406 82 30519 1 30952
4407 9 24167 1 25092
4408 92 15856 1 16550
4409 11 52647 1 53242
4410 7 55679 1 56321
4411 7 52070 1 52185
4412 30 7409 2 8166
4413 79 51701 1 51840
4414 27 45676 2 46520
4415 90 3084 1 3721
4416 39 32153 1 32404
4417 47 41994 1 42492
4418 12 59316 4 59411
4419 36 42556 1 43343
4420 10 32153 1 32940
4421 63 49263 2 49841
4422 80 62499 2 63028
4423 25 14847 2 15551
4424 15 29967 1 30493
4425 80 24167 1 24444
4426 11 73046 1 73479
4427 15 67340 1 67590
4428 89 72812 1 73299
4429 16 56281 1 56811
4430 3 59316 1 60010
4431 100 38853 2 39431
4432 92 1999 1 2196
4433 83 5457 1 5600
4434 88 11161 1 11678
4435 77 56281 2 56830
4436 85 66201 1 66900
4437 41 28696 1 29238
4438 31 42923 3 43268
4439 61 11820 1 12436
4440 25 46739 2 47414
4441 21 41454 2 41723
4442 86 67340 4 68254
4443 17 55500 1 56119
4444 33 63735 1 64539
4445 53 27257 1 27558
4446 46 20224 3 20836
4447 25 13086 1 13720
4448 65 72812 1 73039
4449 79 22164 1 22765
4450 100 58364 3 58853
4451 49 61765 1 62180
4452 61 44765 2 45676
4453 96 44415 2 44973
4454 80 75112 1 75799
4455 33 13086 3 13837
4456 52 54685 3 54964
4457 69 9713 2 10623
4458 64 68225 2 68932
4459 67 36155 1 36574
4460 21 61765 3 62149
4461 61 22173 1 22902
4462 45 48259 1 49140
4463 4 24167 2 24601
4464 93 56401 2 57258
4465 80 54406 1 55740
4466 89 49077 1 49347
4467 11 41454 1 42323
4468 78 42829 1 43773
4469 23 5815 1 6669
4470 75 38947 1 39319
4471 41 52376 5 52955
4472 81 72812 1 73166
4473 61 59316 3 59469
4474 62 73745 2 74614
4475 8 65631 3 65999
4476 13 37845 2 38748
4477 40 23186 2 23527
4478 16 20836 3 21265
4479 81 56281 3 57159
4480 19 49768 4 50082
4481 30 1 1 735
4482 56 24167 1 24528
4483 90 14155 1 14887
4484 76 59469 1 60447
4485 77 38853 2 39713
4486 15 3662 3 4434
4487 80 72812 1 73247
4488 52 13440 1 14002
4489 27 75305 1 75457
4490 7 11820 1 12235
4491 23 61765 4 62556
4492 79 25200 1 25368
4493 25 6842 1 7409
4494 88 20029 1 20797
4495 15 70888 2 71367
4496 49 72812 1 72941
4497 21 27257 1 27580
4498 9 3953 1 4760
4499 99 77667 1 78073
4500 76 53336 1 53708
4501 100 31 2 457
4502 12 52376 2 52657
4503 93 71272 1 71756
4504 12 27257 5 27851
4505 56 33382 1 33682
4506 17 53336 1 53920
4507 61 14792 1 16566
4508 20 41454 1 41662
4509 21 38947 4 39465
4510 41 73413 1 73495
4511 96 62499 1 62825
4512 20 69985 3 70754
4513 61 25262 1 25939
4514 3 9713 1 10124
4515 56 55541 1 56145
4516 15 35601 1 35932
4517 85 45444 1 46064
4518 76 35249 2 36099
4519 84 75112 1 75434
4520 61 43390 2 43858
4521 51 31330 1 31564
4522 65 15856 2 16782
4523 88 67548 1 68338
4524 79 43390 2 44186
4525 100 32252 4 32355
4526 30 24167 1 24359
4527 14 21758 1 21906
4528 27 16050 1 17240
4529 28 731 4 1264
4530 22 71875 1 71987
4531 4 38853 1 39238
4532 58 9027 2 9930
4533 89 14458 1 14727
4534 4 15856 1 16487
4535 24 38853 4 39543
4536 11 34272 2 34915
4537 24 17543 4 17756
4538 15 30189 1 30744
4539 89 16775 2 17453
4540 16 15391 1 16154
4541 76 13776 1 13926
4542 52 73274 1 73467
4543 24 27257 1 27367
4544 21 73848 1 74235
4545 46 63524 1 64496
4546 83 14155 1 14865
4547 61 60241 1 60955
4548 79 26154 1 26303
4549 19 3084 2 3506
4550 24 5763 2 5996
4551 17 17665 4 17775
4552 65 5525 1 6044
4553 79 55500 1 56464
4554 12 6461 3 7421
4555 96 4830 1 5707
4556 89 28737 1 28925
4557 19 32153 3 32567
4558 66 33037 1 33778
4559 61 30661 1 31983
4560 89 45842 1 46269
4561 91 49768 1 50328
4562 11 35521 1 35905
4563 79 72169 2 73046
4564 65 20836 3 21724
4565 7 43267 1 43738
4566 25 58364 1 59911
4567 12 5457 1 6202
4568 32 63735 2 64502
4569 7 68637 1 70341
4570 51 68255 1 69086
4571 79 25092 1 25193
4572 57 75593 1 76577
4573 41 38853 1 39603
4574 73 9953 1 10562
4575 27 44209 1 45111
4576 54 11820 5 12191
4577 89 69283 3 69985
4578 79 39196 1 40003
4579 15 43166 1 43951
4580 25 28696 2 29564
4581 77 63392 2 64110
4582 49 51789 1 52252
4583 98 5253 1 5697
4584 45 60153 1 60932
4585 16 68637 1 69412
4586 99 60241 2 60866
4587 88 24167 1 24551
4588 75 65631 4 66305
4589 28 55541 2 56100
4590 25 49768 1 50108
4591 41 3662 3 3880
4592 36 26193 1 26886
4593 15 54185 1 54569
4594 67 19054 4 19580
4595 15 72169 3 72274
4596 17 59316 2 59751
4597 89 41 1 761
4598 85 9953 1 10793
4599 39 27446 1 27917
4600 52 9713 1 9796
4601 87 37845 1 37969
4602 41 20224 4 20869
4603 93 11881 1 12158
4604 19 29632 2 30245
4605 77 14458 4 15207
4606 4 3953 1 4845
4607 69 53336 1 53569
4608 37 39660 4 40432
4609 87 21758 1 22751
4610 46 37336 1 38158
4611 80 53693 1 54406
4612 81 71367 1 72163
4613 44 39660 3 40444
4614 34 9027 1 9967
4615 46 52376 1 52979
4616 60 9027 3 9410
4617 93 59316 1 60129
4618 24 26193 2 26505
4619 20 16965 2 17482
4620 78 19054 3 19883
4621 23 14458 2 15218
4622 5 41723 2 42295
4623 67 5763 2 6539
4624 78 1999 1 2561
4625 62 65631 1 66069
4626 89 75723 1 76622
4627 59 14458 1 15220
4628 54 53336 1 53561
4629 18 69985 2 70183
4630 22 33037 1 33717
4631 61 60153 1 60800
4632 2 6560 1 7103
4633 96 73046 2 73160
4634 24 42280 2 43127
4635 7 3662 1 4322
4636 100 9180 4 9568
4637 30 9027 2 9330
4638 84 22902 1 23686
4639 14 65631 2 66385
4640 42 75753 1 76663
4641 8 45676 2 46581
4642 65 37122 1 37658
4643 69 10975 1 11161
4644 67 3662 2 3872
4645 87 71875 1 72629
4646 55 55500 1 56486
4647 34 74266 1 74801
4648 46 40 2 472
4649 29 7552 1 7634
4650 87 76517 1 77350
4651 77 54685 1 55593
4652 19 30145 1 30242
4653 31 26188 2 26748
4654 87 29967 1 30605
4655 79 37 1 360
4656 7 63735 1 64183
4657 5 14703 2 15210
4658 21 41723 1 42059
4659 53 51701 2 51873
4660 83 25390 1 26277
4661 28 30273 3 31041
4662 21 58364 1 59341
4663 30 38853 1 39684
4664 27 24167 1 24513
4665 89 42923 1 43115
4666 6 77667 1 78401
4667 93 65631 1 65793
4668 4 14765 1 15122
4669 98 61871 4 62051
4670 78 15391 1 16060
4671 9 67340 1 68174
4672 11 54798 1 55652
4673 89 20574 1 21046
4674 96 62825 1 63574
4675 27 73931 3 74369
4676 82 13086 1 13762
4677 21 73189 1 73848
4678 15 26188 2 26583
4679 16 27026 1 27575
4680 94 6600 3 7146
4681 65 63735 1 63966
4682 24 56830 4 56952
4683 79 23411 2 24299
4684 75 6858 1 7586
4685 61 26251 1 26928
4686 33 10142 3 11028
4687 57 73189 1 73404
4688 67 57235 1 57781
4689 49 30189 2 30335
4690 52 9027 3 9388
4691 20 72812 3 73566
4692 27 20224 1 20770
4693 79 22164 2 22457
4694 4 19292 3 20178
4695 24 43629 2 44223
4696 5 17120 1 18057
4697 10 44209 1 44379
4698 10 13693 2 14496
4699 12 58364 1 58544
4700 99 21758 2 22597
4701 51 54798 1 55541
4702 4 9993 1 10142
4703 80 22902 1 23948
4704 61 52205 1 52503
4705 41 30519 4 30706
4706 39 30189 1 30881
4707 7 42556 1 43029
4708 89 66900 1 67340
4709 4 731 3 1339
4710 22 39660 1 40255
4711 65 34272 1 35081
4712 10 75723 2 75954
4713 67 25200 1 25518
4714 89 1999 1 2820
4715 65 13898 1 14076
4716 7 38947 1 39923
4717 2 39660 1 39922
4718 61 68156 3 68762
4719 11 9447 2 10169
4720 21 46571 5 47549
4721 46 47816 1 47920
4722 61 68810 2 69197
4723 9 55500 1 55797
4724 88 52023 1 53787
4725 27 25092 1 25752
4726 51 56281 1 57003
4727 41 75112 1 75455
4728 82 54185 2 54665
4729 25 63735 1 63840
4730 45 26928 2 27522
4731 16 51701 1 52405
4732 39 9027 1 9545
4733 79 53693 1 54685
4734 25 17586 1 17693
4735 20 30273 3 31148
4736 41 20869 3 21690
4737 76 40098 2 40346
4738 3 9791 1 10567
4739 23 70543 1 71476
4740 22 69283 1 69684
4741 67 41454 1 42308
4742 65 76210 2 76778
4743 32 11881 1 12432
4744 100 7409 1 8264
4745 24 69985 1 70606
4746 12 76517 1 77362
4747 36 49077 1 49505
4748 47 27073 1 27597
4749 7 59316 1 60283
4750 31 52976 4 53094
4751 65 27921 2 28119
4752 17 54685 3 55394
4753 27 66900 1 68274
4754 92 20 1 237
4755 80 75753 1 76354
4756 29 23729 1 24181
4757 81 60903 1 61176
4758 12 16775 1 17104
4759 92 24167 1 24753
4760 80 61765 1 62481
4761 24 55500 3 56294
4762 100 50660 1 50882
4763 9 1999 1 2563
4764 78 14458 2 14585
4765 65 3084 1 3399
4766 16 10975 3 11845
4767 80 3662 1 4239
4768 100 65631 1 66519
4769 24 72169 3 73043
4770 20 49478 1 49928
4771 51 20836 1 21745
4772 89 44609 1 45448
4773 4 30663 1 31608
4774 10 76968 1 77928
4775 96 51701 1 52611
4776 75 57235 2 58063
4777 88 64696 1 64883
4778 9 53336 1 54185
4779 24 17910 2 18268
4780 66 40098 1 41001
4781 12 17120 1 17462
4782 10 29632 2 30303
4783 17 54185 1 54867
4784 8 62149 1 62841
4785 10 4705 1 5084
4786 100 4705 1 4870
4787 98 4705 3 5154
4788 41 23835 1 24044
4789 26 42556 2 43529
4790 5 42807 2 42972
4791 65 33037 2 33719
4792 89 54338 1 54894
4793 62 37122 3 37283
4794 98 46880 1 47379
4795 7 5431 1 5719
4796 51 3084 1 4025
4797 49 66900 1 67725
4798 18 56281 1 56961
4799 27 19054 1 19210
4800 10 51701 1 52219
4801 88 46578 1 47486
4802 89 42556 1 42912
4803 93 77667 2 78541
4804 73 44415 1 45183
4805 51 9027 1 9889
4806 96 68156 1 68360
4807 50 35249 2 35887
4808 79 24167 1 24765
4809 92 42556 1 42697
4810 67 20836 1 21605
4811 21 3084 1 3647
4812 3 53693 1 54594
4813 46 66201 3 66751
4814 1 13086 1 13838
4815 43 42807 1 43378
4816 51 63392 1 63562
4817 61 43166 2 43318
4818 4 28884 1 29234
4819 4 75305 1 75677
4820 65 38853 1 39301
4821 61 3084 1 4003
4822 65 44609 4 44768
4823 56 49077 1 49848
4824 17 54894 1 55536
4825 55 39660 3 40592
4826 97 9953 1 10733
4827 100 23586 1 24054
4828 8 63392 3 63614
4829 79 76309 1 76447
4830 87 5815 1 6745
4831 83 75112 1 75361
4832 56 63474 2 63728
4833 15 10975 2 11173
4834 47 9791 1 10365
4835 8 64696 1 65411
4836 10 75112 1 75675
4837 47 13086 1 13854
4838 34 59448 1 59554
4839 62 46571 3 47480
4840 69 40098 1 40615
4841 93 77003 1 77659
4842 89 3084 2 3382
4843 61 59869 2 60153
4844 65 70795 1 71599
4845 59 1999 1 2169
4846 100 33037 1 33613
4847 59 50215 1 50880
4848 4 39238 2 40170
4849 89 62302 1 62826
4850 62 49478 1 51790
4851 85 23287 1 23864
4852 95 510 2 1445
4853 2 10975 1 11174
4854 93 61765 2 62460
4855 8 16775 1 17263
4856 80 12235 1 12415
4857 7 76210 1 76517
4858 24 6461 1 7284
4859 59 70961 1 71368
4860 4 53336 2 53693
4861 79 5763 1 6044
4862 52 55022 1 55750
4863 100 77003 1 77336
4864 56 54185 1 54513
4865 77 62930 1 63392
4866 61 41809 3 42556
4867 11 20574 1 21281
4868 2 44609 1 45193
4869 62 62149 1 62777
4870 56 6461 2 6980
4871 89 67340 2 67969
4872 79 74213 2 75548
4873 61 34563 1 34671
4874 61 11820 2 13089
4875 46 64849 1 65623
4876 61 23586 1 23835
4877 58 27257 1 27354
4878 51 15856 1 16751
4879 4 17586 2 17910
4880 15 72274 1 73274
4881 4 25200 4 26148
4882 81 20836 1 20944
4883 79 14458 3 14792
4884 47 22173 1 22397
4885 14 30661 2 30967
4886 89 17543 2 18245
4887 98 34796 1 35514
4888 46 41454 1 42162
4889 76 14155 1 14678
4890 30 30145 1 30668
4891 57 10711 1 10793
4892 69 29632 1 29750
4893 9 37122 1 37960
4894 12 14703 4 14980
4895 41 58364 1 58893
4896 42 67969 3 68590
4897 41 35521 1 35667
4898 22 9791 1 9931
4899 24 67548 1 67821
4900 56 13776 1 14006
4901 4 39660 1 39761
4902 89 59419 1 59709
4903 22 26193 1 26924
4904 49 19054 2 19156
4905 89 70543 1 71715
4906 61 20992 2 22057
4907 15 46739 1 46908
4908 65 13693 2 13872
4909 8 17753 1 18632
4910 55 72169 5 72381
4911 61 49263 1 49397
4912 98 44765 4 45461
4913 76 52243 1 52447
4914 51 61765 1 61871
4915 45 37247 2 38223
4916 42 55500 2 56061
4917 22 20836 1 21620
4918 2 76517 1 77349
4919 82 72812 1 73681
4920 22 66201 1 66778
4921 91 51701 1 52405
4922 6 40098 1 40296
4923 71 74266 2 74943
4924 12 61765 2 62710
4925 18 62930 1 63016
4926 18 76517 1 76670
4927 21 63474 1 63727
4928 84 71367 2 71831
4929 33 56281 2 56704
4930 5 34272 3 34991
4931 71 60241 2 61088
4932 12 75112 1 75820
4933 56 72169 1 72955
4934 89 36155 2 37122
4935 36 44609 1 44729
4936 22 53693 2 54686
4937 69 76380 1 76726
4938 15 7552 1 7772
4939 91 63474 1 63888
4940 46 55500 1 56010
4941 92 54917 1 55826
4942 25 13693 1 14013
4943 89 16965 2 17927
4944 2 8048 1 8325
4945 61 19281 1 19772
4946 79 1999 1 2457
4947 90 72812 2 73272
4948 40 30145 1 30807
4949 89 50660 1 51133
4950 53 69542 1 70504
4951 59 30661 1 31429
4952 89 10975 2 11494
4953 54 30661 4 31580
4954 86 15856 4 16836
4955 93 73745 1 74664
4956 69 32353 1 33084
4957 42 13086 1 13378
4958 20 56485 2 57202
4959 89 10299 1 10649
4960 98 10975 1 11722
4961 79 50856 1 51789
4962 24 4845 1 5693
4963 7 9027 1 9791
4964 4 5815 1 6542
4965 65 24167 3 24824
4966 65 25200 1 25549
4967 11 28246 1 28734
4968 82 47552 2 47911
4969 100 50208 1 50660
4970 57 55500 1 56484
4971 41 27026 1 27553
4972 82 68204 1 68849
4973 54 9447 1 10038
4974 89 5763 1 6469
4975 47 1999 1 2729
4976 100 43629 1 44218
4977 83 5763 1 6448
4978 81 28696 1 29161
4979 25 43629 1 44111
4980 26 73745 2 74331
4981 76 5457 1 5849
4982 33 47816 1 48202
4983 4 63003 1 64035
4984 61 38853 1 39523
4985 17 49263 3 49373
4986 24 6733 1 7083
4987 25 58364 1 59521
4988 65 28737 1 29420
4989 22 38947 2 39555
4990 85 14765 1 15666
4991 79 31755 1 32302
4992 56 56830 2 57768
4993 4 26966 1 27483
4994 82 20992 1 21801
4995 93 7763 2 7985
4996 88 77667 1 78198
4997 82 15391 1 16068
4998 90 16050 1 16224
4999 87 75112 1 76088
5000 100 24167 1 24247
 调度评估结果
1. 任务等待评估 (Σ 等待×权重): 1857558808
2. 任务完成评估 (最大完成时间): 78664
3. GPU显存空闲评估 (平均空闲): 8179.51 GB/时间片
 额外统计
已调度任务               : 5000/5000
平均等待时间            : 36134.00
各服务器任务分布      : 服务器1=21, 服务器2=49, 服务器3=58, 服务器4=138, 服务器5=23, 服务器6=38, 服务器7=98, 服务器8=66, 服务器9=86, 服务器10=67, 服务器11=81, 服务器12=84, 服务器13=13, 服务器14=25, 服务器15=128, 服务器16=42, 服务器17=63, 服务器18=40, 服务器19=59, 服务器20=49, 服务器21=95, 服务器22=57, 服务器23=33, 服务器24=135, 服务器25=103, 服务器26=6, 服务器27=81, 服务器28=43, 服务器29=26, 服务器30=74, 服务器31=44, 服务器32=20, 服务器33=43, 服务器34=20, 服务器35=5, 服务器36=36, 服务器37=7, 服务器39=46, 服务器40=35, 服务器41=94, 服务器42=26, 服务器43=5, 服务器44=3, 服务器45=30, 服务器46=95, 服务器47=49, 服务器48=1, 服务器49=45, 服务器50=12, 服务器51=82, 服务器52=43, 服务器53=64, 服务器54=36, 服务器55=25, 服务器56=50, 服务器57=38, 服务器58=15, 服务器59=56, 服务器60=25, 服务器61=175, 服务器62=50, 服务器63=11, 服务器64=11, 服务器65=90, 服务器66=26, 服务器67=41, 服务器68=2, 服务器69=93, 服务器70=13, 服务器71=20, 服务器72=3, 服务器73=13, 服务器74=1, 服务器75=14, 服务器76=69, 服务器77=79, 服务器78=52, 服务器79=140, 服务器80=92, 服务器81=91, 服务器82=59, 服务器83=65, 服务器84=12, 服务器85=21, 服务器86=24, 服务器87=54, 服务器88=65, 服务器89=183, 服务器90=51, 服务器91=58, 服务器92=71, 服务器93=53, 服务器94=27, 服务器95=3, 服务器96=68, 服务器97=1, 服务器98=44, 服务器99=29, 服务器100=95
