1 41 265213 6 265966
2 80 331596 7 331758
3 55 334678 7 335530
4 80 62580 5 62730
5 91 286013 6 286693
6 71 125794 6 125987
7 41 50760 6 51172
8 39 240960 5 241080
9 57 345832 5 346064
10 25 180753 6 181470
11 1 116216 7 116456
12 34 170516 6 171273
13 50 144571 6 145316
14 57 315455 7 316324
15 34 63622 8 64179
16 71 314189 4 314495
17 91 169579 6 170136
18 57 93961 7 94169
19 63 357959 8 358728
20 53 21161 5 21445
21 91 11828 5 12695
22 34 372742 6 373182
23 57 83357 7 84152
24 71 218137 4 218958
25 63 116751 7 116998
26 41 276608 6 277543
27 76 347231 6 347799
28 41 201904 5 202611
29 91 5407 6 5697
30 71 88213 5 89061
31 76 255447 6 255728
32 71 292601 5 293507
33 71 309460 6 309580
34 91 52982 6 53673
35 76 192860 6 193089
36 94 113065 8 113869
37 94 52198 7 52391
38 91 135082 6 135920
39 91 256997 7 257353
40 1 53673 7 54499
41 91 5697 7 5841
42 76 157582 4 158457
43 55 308073 7 308414
44 34 384915 8 385069
45 76 108230 5 108953
46 41 56935 4 57777
47 63 238306 5 238760
48 34 33587 7 34142
49 55 190428 7 191406
50 41 173565 4 173753
51 91 149759 7 150355
52 71 340329 4 340741
53 63 337106 8 338040
54 53 145837 6 146619
55 50 316376 6 317150
56 91 265213 6 266001
57 80 323089 7 323878
58 1 113065 7 113361
59 91 173092 5 173764
60 91 111484 6 111673
61 94 114253 8 115084
62 47 202391 5 202671
63 34 315455 8 316222
64 91 349647 5 350494
65 76 230733 5 231690
66 80 252612 5 253327
67 91 316017 5 316715
68 71 64179 6 64907
69 55 250799 7 251297
70 1 300688 8 301458
71 41 221440 5 221994
72 1 138558 7 139159
73 47 347231 5 347973
74 57 92890 7 93025
75 25 325656 5 326645
76 55 78387 7 79152
77 76 274568 6 275047
78 50 301649 6 302468
79 57 191053 6 191998
80 1 17862 7 18079
81 41 173764 6 174495
82 34 256916 7 257491
83 80 380549 7 381396
84 91 160997 6 161174
85 80 188940 7 189308
86 53 138435 7 138770
87 57 146050 5 146203
88 63 282336 7 282876
89 41 289807 6 290794
90 47 222828 7 223088
91 80 56807 4 57603
92 39 373944 6 374343
93 91 293578 7 294394
94 41 187632 6 188190
95 55 238306 7 239054
96 55 227765 8 228543
97 71 235911 6 236651
98 34 332576 7 333369
99 63 225108 8 225387
100 41 350044 5 350846
101 91 292417 5 292902
102 63 369230 5 370006
103 91 259071 5 259809
104 57 348715 7 349307
105 47 313881 7 314264
106 71 18758 5 19406
107 80 228485 4 229255
108 1 244814 6 244961
109 91 167206 6 167786
110 41 134504 6 135324
111 91 235264 5 236056
112 25 334678 5 335521
113 80 207390 7 207849
114 57 109157 6 109799
115 80 345118 6 346085
116 63 181624 5 182260
117 34 128569 6 129316
118 50 240981 5 241195
119 34 279251 6 279599
120 50 223622 5 224410
121 91 83908 7 84336
122 63 87471 7 87713
123 63 14100 7 14588
124 57 326796 5 327024
125 57 307093 5 307223
126 63 128896 8 129759
127 39 292902 5 293574
128 76 319298 6 320186
129 34 223772 7 224594
130 91 340329 6 341294
131 71 307871 5 308691
132 71 20109 5 20890
133 94 367454 5 367648
134 53 106414 7 106753
135 41 17041 5 17677
136 91 84336 5 85240
137 55 96294 7 96466
138 39 14100 6 14638
139 34 77954 5 78433
140 63 271603 7 271862
141 80 67441 4 68208
142 91 47110 5 47437
143 25 300688 6 301164
144 41 120591 6 120806
145 57 27547 7 27910
146 39 141006 5 141832
147 91 53673 7 54479
148 41 17677 6 18424
149 91 87679 7 88213
150 91 74806 4 75466
151 53 13566 7 13852
152 34 34611 5 35383
153 34 88866 7 89067
154 80 219393 7 220175
155 41 77172 5 78038
156 50 40441 6 40638
157 55 68719 7 69025
158 76 357959 6 358456
159 41 130343 5 131227
160 76 358947 4 359349
161 91 59728 6 60889
162 91 116809 7 117655
163 47 17990 7 18561
164 47 102979 8 103296
165 34 96253 6 96546
166 41 136521 6 137223
167 55 209711 7 210311
168 71 99185 5 99990
169 39 218563 5 219466
170 80 317324 6 318123
171 41 239284 6 240081
172 91 160023 7 160189
173 91 358947 6 359441
174 71 16118 6 16270
175 1 371963 8 372110
176 71 333754 5 334626
177 91 319182 5 319898
178 1 69443 8 70204
179 55 284815 7 285505
180 91 289807 7 290246
181 1 256997 8 257834
182 47 198048 7 198890
183 71 179255 6 179971
184 55 27685 7 28236
185 47 144627 4 145356
186 34 46886 7 47617
187 50 121439 6 122268
188 25 68719 5 69325
189 47 305259 8 306140
190 94 79771 6 80203
191 34 22511 4 23485
192 91 12978 4 13212
193 1 87679 7 88566
194 50 200811 6 201696
195 55 65116 7 65957
196 94 133597 8 134498
197 41 76347 5 77172
198 80 123761 7 124244
199 41 69060 5 69774
200 63 124920 7 125606
201 80 287660 7 287976
202 91 36101 4 36996
203 94 339235 8 339395
204 39 4577 5 5398
205 94 93205 8 93847
206 34 273280 4 274137
207 41 36226 5 36948
208 34 144571 5 144996
209 57 253043 5 253464
210 63 256916 5 257813
211 55 359774 8 360609
212 47 370053 7 370930
213 57 227761 5 228340
214 57 218542 5 219258
215 25 53623 5 54371
216 34 73879 7 74042
217 1 107000 8 107718
218 94 190016 8 190780
219 63 83357 7 83770
220 55 74078 8 75010
221 63 170516 6 171254
222 50 145924 5 146189
223 91 126831 7 127415
224 94 317602 8 318391
225 34 125068 5 125263
226 91 134084 4 135082
227 63 362888 6 363075
228 80 185143 7 185894
229 1 366554 6 366811
230 63 272899 7 273245
231 63 248752 5 249458
232 1 169917 7 170696
233 80 107000 6 107749
234 71 89346 5 89828
235 34 102025 6 103005
236 80 195754 7 196273
237 80 235911 7 236788
238 50 116355 6 116934
239 57 229293 7 230114
240 53 304152 7 304806
241 91 48981 5 49826
242 1 258265 7 258522
243 91 74078 7 74806
244 53 281868 7 282078
245 91 318290 5 318590
246 41 27280 6 27502
247 63 20109 6 20944
248 47 350044 6 350657
249 57 378280 6 379023
250 76 145119 6 145354
251 63 184233 7 185069
252 63 292417 7 292979
253 53 262449 4 263172
254 34 265341 6 265710
255 63 263113 6 263848
256 91 282840 7 283663
257 91 104843 5 105625
258 34 101203 8 101570
259 63 250976 5 251639
260 80 20109 6 20915
261 94 293590 7 294294
262 71 381109 5 382109
263 34 9257 8 9387
264 34 219929 7 220717
265 1 254750 6 254931
266 41 150468 4 150607
267 47 156755 7 157720
268 63 104843 7 105741
269 39 303861 5 304269
270 1 372150 6 372979
271 39 125794 5 126667
272 76 122645 5 123208
273 91 32535 6 32801
274 39 79771 5 79919
275 25 119981 5 120522
276 71 202391 6 203062
277 91 312339 7 313123
278 41 321706 6 322700
279 76 163448 5 163879
280 50 9257 6 9642
281 39 5841 6 6136
282 94 107000 7 107814
283 57 372742 7 373004
284 41 280361 5 281197
285 55 243178 7 243884
286 80 314189 7 315064
287 34 366554 5 367548
288 57 226017 6 226282
289 57 71872 6 72381
290 63 43873 8 44396
291 34 108078 6 108681
292 34 5854 7 6149
293 34 265710 6 266209
294 94 46174 6 47147
295 63 277570 5 278330
296 34 383216 5 383610
297 25 239284 6 240150
298 47 127670 7 127950
299 50 233513 6 233964
300 63 323612 7 324350
301 41 179269 5 180106
302 34 175088 4 175533
303 63 92890 8 93738
304 80 144360 7 145264
305 94 47147 8 47474
306 34 370981 5 371327
307 57 44481 4 45291
308 25 240960 6 241192
309 80 99089 7 99514
310 55 36226 7 36702
311 94 244951 7 245889
312 63 133182 8 133928
313 39 202391 6 203194
314 34 36782 8 37502
315 50 200654 5 200811
316 63 88213 8 88877
317 63 36226 5 37131
318 76 73993 4 74268
319 91 105904 6 106644
320 53 95624 7 96618
321 80 134504 5 135072
322 80 213565 7 214358
323 34 109157 6 110001
324 63 322231 7 322889
325 1 58915 6 59900
326 25 231433 6 231955
327 25 304152 6 304931
328 39 328361 5 328947
329 53 85370 6 85946
330 47 96253 8 97109
331 63 56935 8 57062
332 80 138558 7 138747
333 41 282336 6 282793
334 63 375508 7 376461
335 57 81163 7 81933
336 39 317459 5 317841
337 57 8018 7 8697
338 55 125959 7 126702
339 47 28264 8 28987
340 47 277734 4 278555
341 57 245761 7 246542
342 1 144837 8 145373
343 1 6751 8 7432
344 91 226917 7 227630
345 63 33244 6 33690
346 39 244030 5 244436
347 63 185143 7 186124
348 91 237528 7 238306
349 41 356286 6 356770
350 47 27280 7 28264
351 57 220466 6 221226
352 50 17046 5 18010
353 57 57425 7 57852
354 41 123698 6 124162
355 50 240229 6 240480
356 50 311084 5 311908
357 63 331596 4 332411
358 1 313881 7 314329
359 55 213565 8 214405
360 91 140541 6 141006
361 41 20878 5 21438
362 34 235911 7 236782
363 39 189862 6 190307
364 55 125068 7 125959
365 71 250799 5 250959
366 91 147209 6 147445
367 39 284815 5 285664
368 57 134084 6 134340
369 94 242495 7 243267
370 41 347885 5 348263
371 34 346108 5 346502
372 41 283533 5 284160
373 1 199730 8 200610
374 53 334678 4 335486
375 47 290518 5 290769
376 63 274568 7 275409
377 41 34611 4 35365
378 1 259940 5 260654
379 71 242251 5 243068
380 57 143702 4 144360
381 91 268748 6 269358
382 34 47617 8 48156
383 34 6149 5 6613
384 91 214494 6 214826
385 47 322810 7 323161
386 39 247194 5 247499
387 34 160781 5 161582
388 55 114253 8 114695
389 91 34611 7 35313
390 91 144081 4 144380
391 91 382476 7 382891
392 55 305533 7 305870
393 63 333754 7 334203
394 34 134369 4 135019
395 41 320806 5 321051
396 55 366554 7 366853
397 57 17046 6 17852
398 80 278725 7 279569
399 47 231433 7 232153
400 41 133114 4 133522
401 57 70990 5 71872
402 57 287627 6 288125
403 55 105635 7 106428
404 71 5365 4 6324
405 80 48156 6 48916
406 34 135292 8 135973
407 34 190428 7 191023
408 94 131487 8 132168
409 94 55180 8 55924
410 76 78387 5 78749
411 91 171818 4 172304
412 41 278393 4 279329
413 71 256201 6 257162
414 94 6613 7 7171
415 63 228340 8 228640
416 71 86567 4 86834
417 91 206664 7 207394
418 41 308073 5 308879
419 63 109801 4 110538
420 47 234850 7 235590
421 71 199209 5 199850
422 1 317324 8 318191
423 80 229766 7 230430
424 41 292601 4 292962
425 76 173934 6 174841
426 41 338342 6 338775
427 34 44215 6 44932
428 63 6286 7 6780
429 47 107000 8 107824
430 76 52198 6 52610
431 25 16149 6 17130
432 76 253180 4 253893
433 34 262070 5 262585
434 47 342536 8 343061
435 91 10305 7 11063
436 94 377291 7 377982
437 94 236657 7 237501
438 55 372150 8 372691
439 34 130230 7 130760
440 94 322660 8 323428
441 34 55180 5 56106
442 1 140541 7 141514
443 94 333944 7 334073
444 91 209596 5 210537
445 80 157582 6 157853
446 63 314601 8 314761
447 80 171818 7 171960
448 94 129541 8 129984
449 41 175533 6 176178
450 55 352100 7 352812
451 91 381670 6 382476
452 80 346207 6 346349
453 91 102025 4 102651
454 94 205021 8 205755
455 25 142073 6 142811
456 94 294775 8 295606
457 63 1512 5 2270
458 57 333944 7 334678
459 63 320806 6 321737
460 25 56392 6 56711
461 63 309460 7 310185
462 94 303861 7 304170
463 57 235261 4 235975
464 39 49826 4 50632
465 55 10084 7 10831
466 50 207390 6 208198
467 91 259940 6 260569
468 50 374017 6 375013
469 34 45817 4 46729
470 91 89346 5 89599
471 34 43486 8 43756
472 94 128128 7 128416
473 55 345832 7 346390
474 41 254750 6 255425
475 71 177629 6 177776
476 34 210507 5 210785
477 91 131487 7 132099
478 94 78433 7 78941
479 63 373004 5 373917
480 57 176930 5 177381
481 34 322557 4 322810
482 34 142258 4 143017
483 57 93025 5 93180
484 55 170516 8 170998
485 47 250799 7 251598
486 63 280326 5 280461
487 57 210537 4 210952
488 25 253015 5 253350
489 71 13566 6 13847
490 91 327733 7 328100
491 55 261929 7 262270
492 34 373944 7 374524
493 57 307871 6 308710
494 94 213565 5 213764
495 80 163448 7 164215
496 55 55180 7 55929
497 47 290794 8 291396
498 80 331836 5 332482
499 80 168635 5 169051
500 57 74285 6 75196
501 41 348871 4 349199
502 39 381401 5 382251
503 57 369230 5 369706
504 53 22511 7 23292
505 25 21027 5 21739
506 57 117487 7 117949
507 91 210537 5 211276
508 55 138051 7 138439
509 25 356286 5 356880
510 94 255310 6 255610
511 1 319182 7 319958
512 94 319298 8 320179
513 63 35313 7 36140
514 50 38961 5 39665
515 91 81797 4 82196
516 25 201140 5 201927
517 1 3263 8 3412
518 34 194585 6 195132
519 76 250799 5 251337
520 91 185946 5 186347
521 53 357605 7 357964
522 80 199730 7 200462
523 25 333944 6 334266
524 41 176178 4 176575
525 91 241312 5 242251
526 80 94694 7 95198
527 41 230212 5 230733
528 34 139337 7 140056
529 55 152316 8 152677
530 41 277570 5 278270
531 53 306271 7 306991
532 25 74806 6 75515
533 1 242495 7 242803
534 91 198103 7 198914
535 41 149473 6 150215
536 57 94634 5 94970
537 63 123698 7 124284
538 91 160650 5 160997
539 1 26856 6 27592
540 71 383216 5 383429
541 53 190780 7 191506
542 41 380549 6 380992
543 71 361700 4 362590
544 25 196845 6 197633
545 80 272267 5 273167
546 91 173934 7 174277
547 55 234850 8 235304
548 41 128432 4 129407
549 41 71430 4 72393
550 39 341442 6 342248
551 80 349696 7 350477
552 76 92015 6 92715
553 39 361756 6 362696
554 94 346104 8 347010
555 57 236657 4 237645
556 63 243053 5 243773
557 71 67986 6 68768
558 76 23360 6 23971
559 91 92105 6 92890
560 76 46174 6 46347
561 63 218525 8 218880
562 50 286693 6 286838
563 47 333754 8 333897
564 41 366554 5 366824
565 1 36101 7 37080
566 57 381109 7 381428
567 47 312074 5 312969
568 80 158463 4 159460
569 91 57581 5 58193
570 50 346502 5 346761
571 25 213565 5 214088
572 91 29532 6 30351
573 41 22977 6 23867
574 41 138953 5 139131
575 94 230786 6 231540
576 57 282840 6 283666
577 55 99540 8 100511
578 57 205157 7 205629
579 41 108078 5 108823
580 57 191998 5 192811
581 91 314189 7 315028
582 53 379886 7 380296
583 34 52475 7 52952
584 55 371101 7 371702
585 80 141006 5 141597
586 55 84468 6 85452
587 57 275826 5 276743
588 34 17046 5 17862
589 34 255447 6 256201
590 57 6613 6 7217
591 80 85370 5 85700
592 63 90202 8 90344
593 1 341741 5 342242
594 57 336871 6 337658
595 57 281833 6 282662
596 63 100286 5 101201
597 71 93749 6 94228
598 91 19369 5 20109
599 63 212734 7 213545
600 63 326076 7 326221
601 47 122860 7 123692
602 91 256296 7 256997
603 57 339235 4 339451
604 47 226917 7 227109
605 80 244030 7 244695
606 25 37585 6 38011
607 91 11063 7 11828
608 57 230114 7 230950
609 76 340086 5 340567
610 80 265341 6 265762
611 1 128734 8 128930
612 91 333228 7 333754
613 1 21601 8 22318
614 41 307507 5 307885
615 41 317091 6 317673
616 41 316204 6 316708
617 57 29544 7 30502
618 1 116809 7 117028
619 41 275826 6 276608
620 53 374427 7 375195
621 91 316715 6 317459
622 91 77612 6 78387
623 94 53623 8 54347
624 1 367775 6 368547
625 34 250976 5 251569
626 91 26039 5 26606
627 76 259071 6 260053
628 76 322231 6 323046
629 91 260569 5 261241
630 55 93779 6 93991
631 91 163641 5 164349
632 53 229556 7 230551
633 1 382476 8 383182
634 34 153017 5 153918
635 41 338775 6 339622
636 71 293590 6 293751
637 34 43756 4 44215
638 34 120274 6 121044
639 94 268819 7 269232
640 80 174925 7 175723
641 80 328904 7 329101
642 25 381428 6 381620
643 41 332609 5 333002
644 80 182526 6 183501
645 71 59952 6 60666
646 91 310709 7 311625
647 94 379886 6 380645
648 76 297771 6 298491
649 63 349307 5 349910
650 50 133182 6 133396
651 94 253464 8 254422
652 25 125068 6 125584
653 53 150607 7 151176
654 71 231433 6 232340
655 57 384915 4 385075
656 1 247194 8 247713
657 91 17041 5 17163
658 76 373182 6 373411
659 41 126470 5 126923
660 94 227765 8 228108
661 71 108577 6 109554
662 71 17041 5 18002
663 47 183425 8 183743
664 1 125106 6 125942
665 34 38400 8 38961
666 47 239284 7 239576
667 34 76347 8 76796
668 91 202067 6 202478
669 34 268108 5 268441
670 91 58895 7 59728
671 34 188249 6 188913
672 71 199916 6 200469
673 91 222208 7 222828
674 34 322810 5 323522
675 25 187663 5 187824
676 91 329678 7 329891
677 50 186979 5 187690
678 34 157336 7 158006
679 55 67986 8 68719
680 80 151394 7 151944
681 1 118810 8 119623
682 25 382891 5 383763
683 63 193083 5 194064
684 55 57425 7 57994
685 57 290794 5 291669
686 53 260569 7 261523
687 57 9936 5 10655
688 63 223464 8 223850
689 80 318290 7 319261
690 34 341442 7 341807
691 57 261929 6 262622
692 1 5365 8 6273
693 55 116809 6 117551
694 57 261480 6 261929
695 53 114253 6 114465
696 25 161774 5 162045
697 80 78433 7 78689
698 94 181137 5 182020
699 71 344206 5 344828
700 76 134187 6 135033
701 80 268118 7 268356
702 63 41177 6 41934
703 53 75484 6 76260
704 94 287660 5 287802
705 39 186979 6 187898
706 39 46729 6 47421
707 91 61707 4 62580
708 76 244030 6 244856
709 47 75321 7 76153
710 63 131487 6 132295
711 1 124162 6 125092
712 50 19156 6 19875
713 80 21438 5 22046
714 71 286013 5 286676
715 34 135019 7 135292
716 57 11063 6 11907
717 34 380549 6 381401
718 80 104029 6 104575
719 57 202942 5 203572
720 1 86952 6 87389
721 34 81725 4 82405
722 57 253464 7 253584
723 34 93749 7 94739
724 47 370981 7 371623
725 53 363545 7 363914
726 55 343495 7 344206
727 63 382425 8 382820
728 55 317459 8 317765
729 71 286956 4 287872
730 91 71845 7 72828
731 57 89599 6 90358
732 94 78953 6 79682
733 91 76994 5 77205
734 76 66514 6 67497
735 80 68719 7 69331
736 34 179112 4 180046
737 1 336871 8 337515
738 25 372150 5 372760
739 50 94932 6 95366
740 34 188913 6 189559
741 91 259809 5 259940
742 57 104843 6 105087
743 34 80969 7 81725
744 41 176575 6 177325
745 57 328843 5 329250
746 91 226017 4 226917
747 34 256201 5 256916
748 41 232572 5 233445
749 91 127670 4 128635
750 94 96294 5 96997
751 34 350454 7 351125
752 71 335452 6 336426
753 41 357959 6 358426
754 41 247403 6 248137
755 25 188913 6 189648
756 41 52475 5 53007
757 50 175533 5 175929
758 57 216999 5 217664
759 41 208161 6 208941
760 57 160269 4 161040
761 34 195132 7 196093
762 76 236960 6 237594
763 47 336103 8 336997
764 71 244030 6 244707
765 50 334822 6 335780
766 91 188948 7 189862
767 80 302634 6 303304
768 91 56807 5 57171
769 34 58193 5 58964
770 63 192507 6 193043
771 41 310 6 917
772 55 21601 7 22330
773 53 258265 7 258766
774 94 284688 7 285276
775 91 25222 5 26039
776 91 323089 5 323612
777 94 272899 7 273226
778 41 37585 6 38079
779 63 358947 6 359585
780 25 316222 5 316965
781 80 210785 7 211724
782 34 199431 7 200262
783 34 244030 8 244814
784 63 299673 7 300159
785 94 50724 6 51288
786 25 253350 5 254167
787 76 307507 6 307774
788 34 317943 6 318486
789 34 183425 6 184037
790 50 152824 6 153335
791 63 69351 7 70076
792 41 345118 6 345325
793 25 368482 5 369077
794 57 383269 7 383843
795 71 163448 5 163802
796 80 140056 7 140860
797 34 375448 4 376229
798 34 297117 5 297834
799 80 27280 7 27481
800 57 91914 7 92498
801 76 42311 5 42544
802 41 231305 4 231519
803 57 25085 5 25858
804 34 62857 5 63183
805 41 28125 5 28743
806 34 363882 5 364589
807 63 328897 6 329262
808 1 24423 8 25097
809 57 170204 6 170456
810 34 221042 5 221835
811 57 194585 7 195352
812 80 218525 7 219039
813 47 233526 7 234000
814 71 95624 5 96060
815 57 300688 6 301514
816 57 33038 6 33337
817 91 325022 6 325656
818 47 21601 7 22329
819 34 328361 7 328630
820 94 144360 6 145169
821 91 245645 7 246392
822 41 112684 5 113065
823 1 139337 8 139708
824 80 96294 6 97048
825 25 161174 6 161400
826 71 182120 6 182909
827 71 366853 5 367740
828 94 20109 6 20907
829 34 381624 8 382214
830 80 294775 6 295080
831 1 377291 8 378190
832 34 93158 4 93749
833 39 93205 5 93989
834 94 257353 8 258334
835 91 318590 7 318799
836 34 42311 6 43237
837 41 13474 5 13682
838 41 12758 4 13332
839 47 252482 7 252810
840 34 253875 7 254750
841 53 44481 5 45351
842 53 173764 5 173920
843 55 130343 7 131125
844 47 227765 7 227897
845 71 227893 5 228020
846 94 289807 7 290646
847 41 165247 6 165868
848 1 213565 8 214203
849 53 268819 7 269688
850 76 263590 5 264271
851 91 50671 4 51395
852 94 199730 7 200085
853 1 174925 8 175221
854 25 230733 5 231134
855 57 175533 7 176234
856 50 249560 6 249874
857 71 234408 6 234754
858 94 150839 8 151464
859 34 97436 8 98274
860 34 266209 7 266527
861 34 181137 6 181914
862 91 341741 6 342644
863 94 234408 7 235372
864 91 222828 5 223622
865 34 263719 6 263997
866 50 202734 5 202989
867 80 177381 7 177721
868 25 42311 6 42492
869 50 284325 6 284850
870 55 22977 7 23582
871 41 366824 5 366987
872 34 259071 7 259775
873 41 271924 6 272608
874 25 248044 5 248687
875 41 272608 5 273301
876 80 4577 6 5361
877 94 271924 8 272783
878 34 25222 8 26004
879 50 177325 6 177628
880 50 40752 6 41461
881 34 352864 7 353847
882 91 363545 5 364324
883 94 154594 4 155301
884 50 79502 6 80256
885 50 192507 6 193042
886 41 305926 5 306741
887 80 81933 7 82927
888 91 14536 4 15320
889 53 233191 7 233648
890 55 144360 6 145235
891 34 91367 5 92015
892 57 358947 7 359395
893 91 73395 5 74078
894 91 205605 4 206277
895 63 341185 6 341935
896 80 142512 7 143163
897 55 167786 7 168498
898 41 191626 5 192433
899 57 188940 6 189235
900 47 148926 6 149205
901 76 125959 6 126788
902 55 122860 7 123188
903 76 79603 5 80552
904 34 138558 6 139337
905 1 156761 7 157611
906 34 180753 5 181137
907 39 48166 6 48987
908 34 304152 4 304742
909 25 89705 5 90418
910 63 145160 7 145883
911 47 329492 7 330366
912 57 59952 5 60567
913 55 376381 7 376629
914 71 265743 6 266544
915 63 135082 7 135205
916 71 198048 6 198668
917 34 99540 6 100540
918 71 55180 5 56164
919 80 84336 7 85084
920 94 321706 8 322478
921 91 28125 5 28739
922 47 343634 7 344232
923 34 198048 6 198542
924 41 158463 6 158796
925 1 312885 8 313053
926 39 55180 5 56059
927 41 227976 5 228602
928 91 109801 7 110596
929 91 183654 6 184233
930 50 125068 6 125967
931 55 278503 6 279377
932 57 37585 7 38055
933 71 190877 5 191499
934 55 25085 8 25853
935 55 17041 7 17981
936 91 8005 7 8826
937 47 346806 7 347015
938 41 322700 5 323017
939 1 194585 8 194932
940 94 97436 7 98145
941 91 131049 6 131487
942 50 21601 6 22388
943 34 383610 4 384122
944 41 263355 5 263590
945 71 166394 6 167381
946 55 379331 7 380326
947 1 84336 7 84581
948 41 170715 6 171567
949 53 263948 7 264156
950 1 202734 7 203411
951 50 128734 6 128989
952 47 207400 8 207783
953 71 303861 6 304719
954 80 149850 7 150414
955 25 225108 5 225547
956 63 312074 6 312914
957 57 61625 7 62055
958 63 146824 5 147385
959 57 58193 6 58915
960 91 383974 5 384915
961 63 33987 6 34687
962 76 247903 6 248635
963 41 46729 4 47120
964 47 133597 7 134187
965 41 214397 6 215106
966 91 170136 5 171018
967 57 26856 5 27044
968 91 21718 6 22511
969 34 266684 8 267277
970 34 132421 5 133237
971 94 92015 6 92747
972 34 217854 6 218564
973 76 132333 5 132732
974 80 364046 5 365030
975 76 55180 5 56150
976 71 157720 5 158229
977 57 189862 7 190205
978 91 232035 5 232467
979 57 278393 4 279097
980 41 354609 6 355514
981 41 185143 5 185590
982 41 341741 5 342219
983 63 121256 7 122024
984 57 273865 5 274243
985 94 182837 6 183221
986 91 280326 4 281276
987 34 245761 7 246506
988 94 120710 8 121182
989 76 361697 4 361956
990 41 23867 4 24394
991 55 337861 8 338342
992 34 57425 7 57845
993 1 34611 8 35387
994 55 20109 7 21077
995 76 115949 6 116096
996 91 165247 7 165681
997 57 21027 7 21184
998 80 54479 5 55374
999 57 207889 7 208621
1000 41 226917 6 227054
1001 63 27280 8 28002
1002 55 243884 8 244488
1003 63 32535 5 32859
1004 41 346806 4 347418
1005 41 318264 6 318547
1006 53 27995 7 28565
1007 41 251605 6 252455
1008 91 264020 5 264548
1009 63 254750 6 255483
1010 34 110397 4 110798
1011 94 196583 6 196892
1012 34 318486 5 319196
1013 41 5365 6 6286
1014 34 356286 5 356970
1015 57 23810 5 24233
1016 57 317718 4 318543
1017 94 200246 6 200614
1018 41 80731 6 81162
1019 71 116355 5 117350
1020 55 66514 7 67488
1021 50 171510 5 172405
1022 94 15320 7 16127
1023 57 123761 4 124547
1024 53 273865 7 274803
1025 41 301649 5 301934
1026 91 227882 6 228741
1027 53 214397 7 215189
1028 39 114996 6 115697
1029 57 265213 7 265743
1030 57 344371 4 345203
1031 34 7160 6 7874
1032 91 279354 6 279617
1033 47 179411 6 180188
1034 91 257353 7 258265
1035 34 119784 6 120274
1036 1 181825 7 182657
1037 39 323089 6 323285
1038 55 194585 7 195397
1039 34 64179 7 64893
1040 41 177629 5 178564
1041 53 97436 6 97784
1042 76 14100 5 14699
1043 34 192547 6 192860
1044 94 315455 7 316449
1045 91 4577 7 5407
1046 41 156446 5 157322
1047 80 381401 7 382120
1048 47 89067 7 89684
1049 63 52841 7 53434
1050 94 292902 5 293287
1051 76 128128 6 128348
1052 34 59952 6 60394
1053 25 361700 6 362471
1054 91 195492 6 195754
1055 34 77612 8 77954
1056 55 56935 7 57098
1057 80 249409 5 250154
1058 34 219117 7 219929
1059 57 258298 5 259179
1060 71 294775 6 295710
1061 91 12695 4 12978
1062 34 278435 5 279251
1063 34 257491 5 258577
1064 57 340176 6 341067
1065 57 201140 5 201368
1066 71 138051 6 138342
1067 34 240960 4 241951
1068 50 277744 6 278539
1069 41 212734 4 213341
1070 63 374427 8 375417
1071 80 261241 6 262206
1072 34 384122 5 384267
1073 63 258202 6 259086
1074 41 121256 4 122179
1075 25 36782 5 37550
1076 50 161578 6 162354
1077 94 36101 8 37081
1078 80 217833 7 218081
1079 47 190428 5 191236
1080 50 284850 6 285506
1081 1 244030 6 244652
1082 57 156408 4 156755
1083 57 132333 7 133182
1084 80 143163 7 144043
1085 94 49826 6 50679
1086 63 58193 6 58941
1087 55 353847 7 354323
1088 34 11858 4 12758
1089 91 230251 6 231066
1090 91 195754 5 196570
1091 47 153017 7 153914
1092 25 106116 5 106598
1093 94 74806 4 75698
1094 55 325567 7 325925
1095 41 218848 4 219328
1096 91 127415 7 127670
1097 41 184233 5 185143
1098 91 344516 6 345118
1099 71 103807 5 104775
1100 41 60256 5 60796
1101 76 273865 6 274380
1102 34 38961 6 39626
1103 41 177325 6 177488
1104 91 46926 6 47110
1105 91 192782 6 193734
1106 39 144360 6 144591
1107 41 349307 5 350044
1108 91 116120 6 116355
1109 57 381428 5 382425
1110 63 270078 6 270206
1111 91 107000 4 108078
1112 57 297059 4 297762
1113 55 251605 7 252408
1114 63 378169 7 378637
1115 41 86567 4 87348
1116 41 199730 6 199916
1117 50 143702 4 144470
1118 76 2224 5 3127
1119 55 21161 7 21426
1120 55 366853 8 367586
1121 80 196583 7 197223
1122 34 337106 8 337916
1123 57 336499 5 336640
1124 1 253180 7 253963
1125 39 178027 5 178493
1126 55 152130 8 152316
1127 63 353847 7 354514
1128 34 280361 7 281156
1129 57 52198 6 52389
1130 25 83357 6 84207
1131 91 185009 5 185946
1132 1 158463 8 159434
1133 55 115949 8 116710
1134 94 325567 5 326295
1135 94 68719 7 69285
1136 47 229766 5 230552
1137 53 161174 7 161945
1138 25 376381 5 377121
1139 57 305926 7 306462
1140 53 144826 7 145341
1141 57 96253 6 96847
1142 34 140820 6 141302
1143 55 31759 7 32515
1144 94 352106 7 353100
1145 80 114253 7 114475
1146 41 217833 5 218525
1147 91 351334 7 352106
1148 41 181624 4 182526
1149 34 343495 8 344056
1150 94 22511 7 23072
1151 57 266684 6 267407
1152 91 240094 6 240715
1153 80 341294 7 342073
1154 63 67986 7 68775
1155 34 334822 6 335305
1156 57 198048 5 198843
1157 41 279329 6 279872
1158 94 171667 7 172639
1159 1 297059 7 297899
1160 63 379886 6 380743
1161 41 165868 5 166111
1162 63 370053 8 370510
1163 47 89684 6 90352
1164 91 110596 5 111484
1165 57 272608 5 272899
1166 39 233191 6 233596
1167 41 21438 5 21931
1168 94 305926 7 306501
1169 91 39855 6 40752
1170 34 145991 6 146824
1171 55 79364 8 80290
1172 91 213760 6 214494
1173 71 334678 5 335452
1174 76 345832 6 346543
1175 41 264180 6 265034
1176 76 87679 5 88346
1177 76 26856 6 27042
1178 47 345832 8 346801
1179 41 234299 4 235018
1180 34 341185 4 341442
1181 53 352106 7 352546
1182 80 61421 6 62210
1183 34 161582 8 162531
1184 1 99565 8 99804
1185 25 277570 5 278505
1186 76 367454 6 368371
1187 91 119981 5 120591
1188 39 320472 5 321452
1189 41 215750 4 216247
1190 94 138051 8 138749
1191 91 182837 4 183654
1192 47 340176 4 340910
1193 91 119150 5 119981
1194 76 181825 6 182705
1195 53 20109 7 21079
1196 25 281451 6 282089
1197 91 241186 4 241312
1198 47 261102 7 262005
1199 71 209061 5 209914
1200 71 322231 6 322459
1201 94 215669 6 215975
1202 57 371963 7 372742
1203 80 370221 7 370496
1204 55 173304 5 173927
1205 57 139337 4 139732
1206 80 39626 7 40455
1207 57 263113 7 263948
1208 50 197264 5 197680
1209 34 203359 5 203688
1210 34 84468 5 85370
1211 1 164777 8 165616
1212 34 312074 6 312885
1213 91 21161 6 21385
1214 1 328100 7 328869
1215 39 150468 6 151431
1216 34 326765 7 327628
1217 41 125106 4 125808
1218 34 158006 6 158382
1219 25 189862 6 190595
1220 41 25859 6 26684
1221 71 236960 5 237786
1222 57 375949 7 376878
1223 80 192782 7 193699
1224 91 49826 6 50671
1225 63 226917 7 227829
1226 76 89071 5 89896
1227 91 122938 6 123311
1228 76 9620 5 9976
1229 34 132099 7 132421
1230 63 339235 4 339631
1231 76 202391 5 202967
1232 57 111484 5 112406
1233 91 150468 6 151394
1234 34 313881 5 314504
1235 91 9257 6 9430
1236 34 121044 8 121562
1237 94 43873 6 44423
1238 63 91155 7 91286
1239 53 127265 7 128152
1240 1 272948 6 273539
1241 94 95624 7 96051
1242 63 266684 7 267079
1243 53 316351 6 317291
1244 53 37281 6 37616
1245 94 93025 7 93205
1246 71 243178 6 243619
1247 57 79924 6 80321
1248 34 336103 8 336499
1249 34 327628 6 328361
1250 55 375508 8 376381
1251 55 268108 7 268593
1252 34 286990 8 287744
1253 41 2277 6 3237
1254 57 324997 7 325567
1255 47 232572 7 233526
1256 76 144571 5 144795
1257 80 262458 7 263338
1258 41 227054 5 227976
1259 71 162706 6 163094
1260 41 91155 6 91895
1261 34 196093 8 196583
1262 63 56392 5 56883
1263 91 277765 5 278212
1264 57 314189 7 315000
1265 80 13566 5 13802
1266 39 89346 6 89810
1267 91 187217 7 187399
1268 91 7273 5 8005
1269 41 43486 5 43873
1270 50 367454 5 368283
1271 47 115949 6 116726
1272 80 64179 7 64896
1273 55 73517 8 74033
1274 39 20109 6 21066
1275 94 58193 6 58972
1276 80 316449 5 317213
1277 80 62857 7 63250
1278 91 367454 5 367709
1279 53 359774 7 360651
1280 94 287118 4 287469
1281 55 274243 7 274372
1282 91 341294 7 341741
1283 91 16118 6 17041
1284 1 167206 7 167898
1285 39 29544 4 30529
1286 1 81725 6 82559
1287 71 278212 5 278979
1288 71 49826 5 50728
1289 71 46174 5 46894
1290 25 38400 6 38995
1291 57 363545 6 364046
1292 91 39052 7 39855
1293 41 94694 5 95418
1294 41 346495 6 346806
1295 55 16137 8 16831
1296 80 237342 6 238009
1297 76 36782 5 37642
1298 91 303861 7 304277
1299 53 25085 7 25865
1300 41 78038 5 78953
1301 57 303529 7 304432
1302 34 165855 5 166390
1303 63 190780 8 191145
1304 91 37585 7 38009
1305 63 105741 7 106371
1306 34 11063 7 11858
1307 50 134218 6 134367
1308 94 102125 7 102985
1309 57 196583 6 196885
1310 91 204870 7 205605
1311 91 281833 4 282576
1312 57 182120 7 182845
1313 47 378280 5 378989
1314 1 91914 8 92831
1315 57 171667 4 172511
1316 76 84336 6 85025
1317 39 248982 6 249519
1318 34 56807 6 57425
1319 57 280361 6 280687
1320 57 177381 5 177794
1321 71 378856 6 379398
1322 91 354682 5 355199
1323 63 125794 7 126343
1324 91 37281 7 37585
1325 50 280326 5 280997
1326 1 68539 8 69315
1327 80 89599 7 90494
1328 71 106414 6 107397
1329 47 16137 6 16683
1330 57 221440 6 222391
1331 63 345930 6 346207
1332 34 281156 4 281828
1333 63 267277 5 268120
1334 1 67986 8 68283
1335 91 47617 7 48166
1336 76 174925 5 175774
1337 57 93205 6 93916
1338 91 324280 7 325022
1339 41 215546 5 215750
1340 34 39626 5 40441
1341 80 244814 5 245735
1342 1 126668 8 127634
1343 53 99565 7 100351
1344 91 43486 6 43906
1345 41 317673 6 318264
1346 55 262270 8 263113
1347 76 63183 5 63698
1348 94 73517 7 73765
1349 41 49826 5 50760
1350 63 344196 7 344461
1351 53 46926 4 47220
1352 1 322660 7 323363
1353 34 130760 8 131692
1354 41 374716 6 375508
1355 1 345118 8 345509
1356 57 157242 5 157654
1357 25 367586 5 368418
1358 53 374017 6 374331
1359 34 270078 8 270587
1360 53 187663 7 188259
1361 91 216427 6 217249
1362 41 148926 6 149473
1363 39 39626 5 40465
1364 47 255447 8 256401
1365 1 250799 7 251016
1366 80 68208 7 68644
1367 41 373004 5 373938
1368 57 365992 6 366772
1369 1 209923 7 210501
1370 25 203359 5 203973
1371 91 137595 7 138440
1372 55 370221 8 371101
1373 94 373944 5 374907
1374 57 333228 4 333944
1375 91 44481 7 45254
1376 63 226017 4 226195
1377 25 76994 6 77430
1378 25 227882 5 228342
1379 57 158463 4 159364
1380 34 240229 7 240960
1381 80 133237 7 133817
1382 94 351125 8 351497
1383 57 118379 6 118717
1384 91 42311 6 43295
1385 63 95651 7 96638
1386 25 166390 4 167227
1387 41 121044 5 121256
1388 47 67441 7 67983
1389 34 86567 7 87471
1390 50 383269 6 383450
1391 94 384915 8 385622
1392 50 138558 5 139493
1393 53 367817 7 368380
1394 25 286990 5 287895
1395 76 36261 5 36493
1396 1 22511 6 22998
1397 91 62580 7 63567
1398 80 3383 7 3759
1399 94 283533 7 284417
1400 63 213565 6 214077
1401 91 102651 6 103333
1402 76 305926 5 306735
1403 47 281868 8 282238
1404 34 93025 8 93158
1405 57 64179 7 64912
1406 91 228966 6 229478
1407 91 356286 6 356660
1408 57 265743 7 265928
1409 34 150468 8 150839
1410 47 209711 5 210009
1411 34 328904 7 329634
1412 34 88458 5 88866
1413 1 226917 6 227806
1414 34 214680 6 215411
1415 25 2277 6 3249
1416 1 195754 7 196599
1417 41 363678 6 364359
1418 34 121562 7 122406
1419 47 299991 8 300529
1420 63 279329 7 279847
1421 55 75010 6 75593
1422 39 279518 5 280228
1423 1 378280 8 378885
1424 91 184233 5 185009
1425 50 298538 6 299364
1426 39 116216 6 117040
1427 25 4577 6 5415
1428 76 7413 6 8179
1429 41 143163 5 143515
1430 47 114253 7 114761
1431 76 233191 5 233756
1432 57 226282 7 226906
1433 55 136521 7 136776
1434 91 79293 7 79502
1435 25 257491 5 258025
1436 25 307871 6 308467
1437 91 287660 6 288048
1438 55 58420 5 59252
1439 71 77954 5 78714
1440 1 187960 7 188920
1441 1 278393 7 278883
1442 1 219929 8 220636
1443 57 312074 5 312658
1444 71 201904 6 202225
1445 57 1512 5 2281
1446 94 11063 7 11838
1447 50 73879 6 74541
1448 80 343495 7 344015
1449 57 240960 7 241135
1450 50 4163 6 4908
1451 94 275826 5 276235
1452 94 213951 7 214862
1453 91 234850 5 235264
1454 80 189862 7 190364
1455 41 247194 4 247403
1456 94 383216 5 383474
1457 94 193329 7 194045
1458 94 135324 8 135981
1459 94 99089 7 99855
1460 41 69774 6 70575
1461 1 251605 8 252081
1462 91 273865 6 274467
1463 50 43906 4 44618
1464 91 307093 5 308073
1465 34 232284 5 233081
1466 57 173304 5 174081
1467 71 338342 6 338763
1468 57 18713 5 18911
1469 34 163448 7 164346
1470 41 117602 5 118401
1471 1 201904 7 202432
1472 25 135920 5 136552
1473 57 154594 7 154873
1474 76 105635 6 106027
1475 1 89071 7 89957
1476 71 14100 5 14569
1477 34 207905 5 208905
1478 91 171018 5 171370
1479 47 78433 8 79231
1480 1 97907 8 98161
1481 91 220466 5 221440
1482 91 240981 6 241186
1483 63 201904 6 202900
1484 91 101107 5 101542
1485 25 114253 4 115155
1486 94 265341 7 265974
1487 25 73993 6 74716
1488 50 196093 5 196845
1489 91 6131 4 6559
1490 39 316017 6 316505
1491 25 285427 6 286394
1492 1 31293 8 32238
1493 47 381422 8 382395
1494 57 6102 5 6523
1495 94 281868 8 282455
1496 71 281868 4 282286
1497 55 154594 7 155453
1498 25 276741 5 277513
1499 71 345832 5 346621
1500 57 205021 6 205157
1501 34 155486 6 156408
1502 57 81933 6 82363
1503 76 278725 5 279385
1504 94 16137 5 16391
1505 63 112684 7 113414
1506 41 259071 5 260026
1507 41 83908 6 84846
1508 94 338342 6 338577
1509 41 205605 5 205854
1510 41 282840 4 283533
1511 91 15320 7 16118
1512 34 62645 4 62857
1513 57 2281 5 3263
1514 55 206664 7 206929
1515 53 250799 7 251605
1516 34 277734 6 278435
1517 63 229995 7 230116
1518 71 9620 6 9942
1519 94 184233 7 184514
1520 41 303466 5 304203
1521 63 384122 7 384515
1522 50 292601 6 293320
1523 41 61421 6 61861
1524 80 81163 7 81878
1525 47 23867 8 24399
1526 63 97436 7 98363
1527 57 76994 5 77403
1528 91 81402 4 81797
1529 47 262070 8 262458
1530 41 88905 6 89765
1531 91 171370 5 171753
1532 1 130230 7 130675
1533 91 33464 6 33987
1534 63 333369 8 333678
1535 63 354609 8 354748
1536 63 154832 7 155563
1537 91 145837 6 146419
1538 94 27995 8 28553
1539 63 62857 7 63243
1540 41 311488 5 312488
1541 91 261241 5 261559
1542 25 293590 6 294450
1543 76 123761 5 124722
1544 25 178027 6 178660
1545 41 373944 6 374716
1546 55 119981 5 120887
1547 94 194585 5 195316
1548 50 97436 5 98001
1549 55 202391 5 202524
1550 71 124162 6 125105
1551 41 381684 5 382113
1552 41 249873 6 250401
1553 53 358355 6 359019
1554 91 22511 6 23360
1555 80 181110 5 181795
1556 71 11858 5 12813
1557 63 357605 8 357905
1558 76 320319 6 320615
1559 94 207412 8 207995
1560 63 339829 7 340736
1561 91 208221 4 209061
1562 76 277570 6 278547
1563 1 11858 7 12795
1564 34 255310 5 255447
1565 71 254750 4 255234
1566 34 381401 4 381624
1567 91 178027 5 178674
1568 63 278393 5 278590
1569 63 135292 7 136222
1570 25 97436 6 98221
1571 91 301780 7 302634
1572 94 146203 6 146919
1573 91 279617 5 280326
1574 41 286956 6 287482
1575 1 13566 6 13870
1576 91 126266 6 126831
1577 1 381437 8 381684
1578 57 170516 7 171287
1579 34 58964 6 59952
1580 57 184233 7 184809
1581 80 377291 7 378090
1582 41 273301 5 273712
1583 34 19156 7 19804
1584 57 79383 5 79924
1585 94 126266 7 127001
1586 91 55366 6 56174
1587 50 304152 6 304900
1588 47 73189 7 74110
1589 1 152130 8 152848
1590 34 300884 7 301649
1591 91 125794 5 126266
1592 80 59952 7 60692
1593 41 293578 6 293981
1594 80 145924 6 146516
1595 91 143313 5 144081
1596 47 55180 7 56127
1597 41 97436 6 97803
1598 63 15320 5 16149
1599 94 250242 7 250530
1600 55 94932 7 95651
1601 71 150468 6 151397
1602 41 99540 6 99890
1603 94 222828 7 223620
1604 63 144996 6 145160
1605 47 223464 5 223637
1606 91 155123 5 155985
1607 91 123311 7 124134
1608 80 74558 7 75464
1609 39 74078 5 74225
1610 34 115949 6 116216
1611 34 53623 6 54330
1612 1 227882 7 228769
1613 80 332609 7 333328
1614 50 323089 4 323249
1615 63 140056 7 140755
1616 41 140056 4 140862
1617 91 281276 6 281451
1618 63 320319 6 320521
1619 55 258298 8 259133
1620 94 157582 8 157940
1621 80 89067 7 89416
1622 1 206558 7 206688
1623 80 181806 7 182192
1624 53 165855 7 166059
1625 57 290246 4 290601
1626 91 244685 6 245302
1627 41 59205 4 60256
1628 47 240715 8 241439
1629 71 94694 4 95453
1630 63 71940 5 72612
1631 41 265966 4 266088
1632 50 209711 6 210705
1633 71 252379 5 252835
1634 71 93205 5 93529
1635 34 61421 4 62167
1636 41 174616 5 175443
1637 34 362888 8 363882
1638 50 338775 6 339727
1639 39 270078 5 270410
1640 94 189862 6 190016
1641 34 15320 6 16222
1642 39 278393 6 279151
1643 63 60889 7 61771
1644 94 187565 8 187948
1645 50 198103 5 198916
1646 34 191023 7 191777
1647 94 332576 7 333070
1648 76 103333 5 104173
1649 55 259133 8 259920
1650 80 264358 7 265221
1651 91 345118 5 345832
1652 47 205605 6 206502
1653 63 120274 5 121085
1654 55 220466 4 220818
1655 50 35313 6 36111
1656 55 328361 7 328929
1657 63 311084 5 311841
1658 47 135324 7 136054
1659 76 204288 6 204683
1660 76 160650 5 161430
1661 76 27280 5 27550
1662 1 270078 7 270321
1663 63 89067 4 89772
1664 91 135920 7 136521
1665 1 321706 8 322078
1666 41 33664 5 34252
1667 53 251605 7 252415
1668 41 3700 5 4139
1669 94 178564 7 178869
1670 76 97436 5 98220
1671 80 26004 7 26980
1672 94 7413 5 8182
1673 1 226017 7 226862
1674 55 14100 7 14620
1675 80 257491 6 258274
1676 50 141006 6 141714
1677 55 178674 7 179128
1678 41 379886 5 380475
1679 53 381401 7 382208
1680 80 201140 7 201363
1681 34 248765 8 249560
1682 1 255447 8 256379
1683 80 131487 7 131923
1684 91 228741 7 228966
1685 55 93025 7 93779
1686 41 218525 4 218848
1687 53 216999 5 217158
1688 55 96466 7 97436
1689 34 137437 8 138435
1690 41 33244 5 33664
1691 1 85593 7 85953
1692 39 149850 5 150270
1693 34 213565 7 214093
1694 47 278555 7 278713
1695 80 284688 7 285466
1696 39 297771 5 298613
1697 80 122645 7 123064
1698 63 343495 5 343703
1699 57 70168 5 70990
1700 34 342536 5 343495
1701 57 356286 6 356730
1702 1 209367 8 209923
1703 25 72930 6 73687
1704 80 259809 6 260322
1705 94 246506 7 247455
1706 63 171510 7 171818
1707 76 283278 5 283853
1708 91 109157 5 109801
1709 91 158890 6 159013
1710 57 62645 7 62876
1711 41 319298 5 320185
1712 94 23810 5 24236
1713 57 40810 6 40951
1714 76 17862 6 18664
1715 63 118379 6 118878
1716 34 298648 5 299008
1717 57 335236 5 336176
1718 63 46174 5 47158
1719 34 114884 5 115162
1720 91 82375 4 83174
1721 34 301649 6 302351
1722 80 233191 4 234057
1723 91 157582 5 158525
1724 76 245302 6 246066
1725 57 301649 7 302386
1726 94 652 7 1310
1727 41 299991 6 300773
1728 63 234299 6 234970
1729 57 284693 5 285488
1730 53 81802 7 82193
1731 41 9721 5 10098
1732 41 330856 6 331596
1733 50 216131 5 217033
1734 63 148926 7 149075
1735 34 304742 5 305533
1736 55 325925 8 326510
1737 57 108577 6 108760
1738 80 90800 6 91571
1739 34 105987 7 106749
1740 1 240715 6 241359
1741 53 125794 5 126186
1742 34 287744 6 288101
1743 25 145837 5 146077
1744 76 304969 5 305895
1745 39 307258 6 307547
1746 63 380992 7 381619
1747 41 236960 6 237945
1748 47 22511 7 23389
1749 57 64912 7 65692
1750 91 319898 5 320398
1751 39 384915 6 385301
1752 91 350494 6 351334
1753 57 351125 7 351829
1754 91 116355 7 116809
1755 91 343634 5 344516
1756 1 320398 7 321124
1757 34 268601 7 269582
1758 57 322231 7 323014
1759 34 145119 8 145837
1760 1 192860 6 193505
1761 41 4151 6 4829
1762 94 226017 8 226317
1763 76 252482 5 252770
1764 41 261480 5 262249
1765 39 144591 6 145212
1766 25 320472 4 320865
1767 91 132869 7 133597
1768 91 368152 6 368482
1769 91 0 4 310
1770 39 79364 5 79613
1771 57 180753 5 181110
1772 71 325567 6 325939
1773 76 285437 5 286418
1774 1 270770 5 271594
1775 34 6613 8 7160
1776 55 281451 6 281843
1777 47 17046 8 17940
1778 55 202524 6 202926
1779 47 31293 5 32007
1780 76 69443 5 70206
1781 34 200654 4 201656
1782 91 242251 5 243053
1783 76 79293 6 79603
1784 34 71046 5 71940
1785 63 158463 7 159183
1786 34 299008 6 299673
1787 76 287118 6 287942
1788 34 174616 7 175088
1789 80 297059 7 297773
1790 47 134187 8 134460
1791 34 131692 5 131932
1792 34 239284 8 239673
1793 80 169917 5 170156
1794 91 201140 5 201904
1795 39 85370 6 86291
1796 91 194759 4 195492
1797 94 340086 6 340309
1798 41 145119 6 145924
1799 91 287118 5 287660
1800 39 17862 4 18234
1801 63 73993 7 74757
1802 57 169224 6 170204
1803 91 93961 5 94640
1804 80 315455 7 316436
1805 34 37502 5 37873
1806 63 106414 6 107167
1807 1 287744 4 288542
1808 63 189862 5 190768
1809 94 167786 7 167930
1810 34 56106 5 56615
1811 34 210 5 652
1812 57 45291 5 46337
1813 63 108078 8 108982
1814 39 264020 5 264653
1815 55 316222 7 316466
1816 63 4843 7 5698
1817 91 239284 7 240094
1818 63 85370 7 86158
1819 91 276770 6 277765
1820 1 342536 8 343462
1821 39 271924 5 272745
1822 41 138045 6 138953
1823 34 12758 7 13541
1824 63 332576 6 333345
1825 91 338342 5 339235
1826 76 196845 5 197397
1827 55 217664 7 218548
1828 47 200780 8 201591
1829 76 352864 6 353614
1830 91 237208 4 237528
1831 76 307871 6 308791
1832 63 367454 8 368233
1833 91 128635 5 128896
1834 63 243838 6 244732
1835 94 367709 6 367841
1836 34 377291 8 378185
1837 57 219929 6 220246
1838 39 226917 6 227600
1839 63 23485 5 23827
1840 47 284325 8 284683
1841 80 216999 7 217756
1842 1 277734 6 278284
1843 63 63622 8 64262
1844 94 290646 8 291043
1845 39 192860 6 193537
1846 94 201904 8 202061
1847 41 225108 5 225238
1848 80 15320 7 16193
1849 63 366554 6 367033
1850 41 116120 6 116582
1851 76 58895 6 59735
1852 47 338342 6 339150
1853 50 83504 6 84476
1854 91 278212 5 278552
1855 80 191777 5 192199
1856 76 209367 6 209725
1857 25 283837 6 284385
1858 63 347885 7 348427
1859 41 334287 5 335236
1860 94 60889 8 61093
1861 57 214397 4 214984
1862 1 222828 5 223349
1863 47 161602 7 162063
1864 1 46174 7 46849
1865 63 336810 8 337013
1866 47 273581 8 273964
1867 63 381670 8 382398
1868 80 79293 5 80023
1869 1 28264 8 28990
1870 94 94739 8 94999
1871 80 352100 7 353082
1872 47 243053 7 243887
1873 25 64375 5 65119
1874 57 63183 6 63651
1875 76 4151 6 4769
1876 91 240715 4 240981
1877 34 209367 6 209873
1878 39 290518 5 290869
1879 55 172109 5 172396
1880 94 278725 8 279681
1881 80 11063 5 11900
1882 34 164346 8 164777
1883 63 259133 8 259677
1884 57 373004 7 373777
1885 34 252985 5 253875
1886 57 160105 6 160269
1887 55 229995 6 230737
1888 71 302634 6 303238
1889 47 93025 7 93891
1890 34 112928 5 113065
1891 63 360910 7 361618
1892 34 344371 6 344818
1893 63 167786 6 168639
1894 50 231519 5 231849
1895 41 116751 5 117513
1896 76 371963 6 372467
1897 80 243053 7 243784
1898 80 293590 7 294046
1899 25 20862 5 21027
1900 55 291788 7 292510
1901 34 78433 7 78809
1902 91 132099 6 132869
1903 80 161774 7 162638
1904 91 352106 7 352461
1905 34 4843 6 5687
1906 47 251605 8 252167
1907 47 94739 7 95737
1908 94 116355 5 117117
1909 94 218525 7 219203
1910 34 175991 8 176772
1911 80 216131 5 216938
1912 76 378169 5 379168
1913 91 2224 6 3049
1914 94 5697 6 5975
1915 91 189862 5 190205
1916 63 182837 7 182977
1917 91 211276 5 211754
1918 63 278725 6 279212
1919 57 138051 4 138638
1920 25 28264 6 29051
1921 55 95651 4 96294
1922 1 204870 8 205618
1923 57 182845 7 183655
1924 91 290518 5 291106
1925 34 261029 6 261480
1926 34 96546 5 96786
1927 41 262458 5 263355
1928 63 373944 7 374427
1929 53 154832 4 155650
1930 80 133830 7 134190
1931 50 358947 5 359748
1932 34 207236 5 207905
1933 55 337106 5 337861
1934 91 89599 6 90417
1935 1 43486 5 43938
1936 63 259775 6 260613
1937 57 312885 5 313714
1938 91 374017 5 374365
1939 80 21161 4 21408
1940 34 124135 4 125068
1941 57 38961 7 39709
1942 47 339235 8 339516
1943 57 299673 6 299923
1944 34 118139 4 118810
1945 53 243884 7 244030
1946 57 150775 6 151394
1947 91 291332 7 291788
1948 50 88866 4 89007
1949 41 57777 6 58420
1950 57 140822 5 141195
1951 1 52198 8 52385
1952 50 326050 6 326306
1953 91 312208 6 312339
1954 53 182406 5 183321
1955 94 98776 7 98934
1956 47 20109 8 20888
1957 94 132425 7 133184
1958 47 297771 4 298563
1959 53 21601 7 22384
1960 39 352106 6 353037
1961 63 48156 8 48865
1962 34 116751 7 117602
1963 50 150468 6 150674
1964 91 56174 4 56392
1965 57 21317 4 21649
1966 94 108230 7 108883
1967 50 166390 6 166701
1968 71 79364 6 80165
1969 53 343634 7 344624
1970 91 333754 6 333983
1971 91 83174 5 83357
1972 1 105366 7 106116
1973 91 243053 5 243838
1974 41 9430 6 9669
1975 39 213565 5 214391
1976 76 331836 5 332123
1977 76 57777 5 58477
1978 57 47617 5 48186
1979 34 54330 7 55180
1980 34 117602 7 118139
1981 91 30351 5 31394
1982 63 160522 7 160865
1983 55 2224 8 3083
1984 55 307507 7 307808
1985 57 379886 6 380636
1986 50 74558 6 75375
1987 57 341185 6 341568
1988 76 349647 6 350359
1989 34 218564 5 219117
1990 34 226017 7 226913
1991 55 348116 8 348822
1992 80 277570 7 277704
1993 57 116751 6 117487
1994 91 92890 6 93961
1995 91 334287 7 334904
1996 34 283278 5 283968
1997 50 245302 6 246205
1998 94 203359 7 203816
1999 50 213565 6 214159
2000 25 1512 6 2257
2001 39 243178 6 243901
2002 34 208905 4 209367
2003 91 294394 4 294542
2004 41 268819 4 269604
2005 53 237776 7 238361
2006 47 157720 8 158289
2007 50 99089 6 100058
2008 71 279518 5 280179
2009 53 227882 4 228229
2010 71 276741 4 277333
2011 34 178027 4 179112
2012 41 164197 6 165012
2013 53 142723 7 143524
2014 41 183365 6 184138
2015 55 236960 7 237838
2016 57 152130 6 152958
2017 63 141675 7 142531
2018 57 99089 5 99293
2019 80 64912 7 65697
2020 41 257353 6 258202
2021 47 101203 6 101432
2022 57 112684 6 113121
2023 50 378169 6 379065
2024 25 103333 6 104094
2025 71 307093 6 307699
2026 63 214680 6 215476
2027 71 247903 5 248055
2028 63 205863 7 206619
2029 39 235018 6 235991
2030 1 137595 6 138485
2031 91 54479 5 55366
2032 34 87471 7 88458
2033 39 26856 5 27223
2034 63 143442 6 144241
2035 39 200811 6 201244
2036 63 18713 7 18951
2037 34 234408 5 235261
2038 41 29532 5 30410
2039 63 25085 8 25853
2040 41 207390 5 208161
2041 41 168778 5 169099
2042 91 250799 6 251618
2043 41 55983 5 56935
2044 91 6613 7 7273
2045 1 186979 8 187792
2046 57 316921 6 317718
2047 41 74078 5 74391
2048 41 193329 4 194215
2049 76 33587 5 34151
2050 94 168635 5 168847
2051 25 198103 5 198970
2052 47 125068 7 125566
2053 71 129705 6 130096
2054 50 356286 6 356424
2055 76 235911 6 236071
2056 80 156755 7 157292
2057 91 138440 6 138827
2058 50 220466 4 221216
2059 1 352506 8 352892
2060 91 86952 4 87679
2061 47 194585 8 195078
2062 1 190428 6 190877
2063 91 335086 6 335482
2064 1 262070 6 263026
2065 91 236056 7 236704
2066 63 19156 6 19894
2067 91 810 6 1512
2068 25 336871 6 337714
2069 41 235018 5 235833
2070 57 207400 7 207889
2071 80 346502 7 347370
2072 50 257491 4 257851
2073 34 305533 7 306470
2074 47 270078 7 270548
2075 63 194585 4 194972
2076 76 150468 5 151168
2077 55 168498 8 168967
2078 76 116809 6 117168
2079 91 70969 5 71845
2080 91 24423 4 25102
2081 41 198048 6 198370
2082 71 201140 4 201346
2083 34 3147 5 4163
2084 55 109801 7 110521
2085 41 92171 6 92620
2086 91 281451 7 281833
2087 50 204870 5 205432
2088 71 229293 5 229487
2089 63 352864 5 353348
2090 25 205605 6 206439
2091 39 262270 4 263225
2092 71 22511 6 23243
2093 34 52952 6 53623
2094 80 227761 7 228380
2095 25 345832 6 346632
2096 47 50619 5 51063
2097 91 40752 6 41177
2098 41 45254 6 46229
2099 34 92015 4 92881
2100 91 138827 5 139403
2101 41 105366 4 106305
2102 55 233191 8 233513
2103 76 242251 6 242990
2104 34 249560 7 249873
2105 57 238306 6 238918
2106 57 288960 6 289842
2107 80 104843 7 105353
2108 91 359970 5 360910
2109 55 156755 8 157427
2110 57 242251 7 242639
2111 63 142723 5 142852
2112 41 302634 6 303466
2113 63 281276 8 281921
2114 94 317459 6 317602
2115 53 144360 7 144826
2116 57 223627 6 224618
2117 39 336871 5 337776
2118 53 236782 7 237563
2119 39 238306 6 239087
2120 41 382425 6 383229
2121 91 128896 7 129705
2122 63 361697 6 362588
2123 34 242495 4 243178
2124 76 327628 6 328380
2125 34 143702 6 144571
2126 55 377291 8 378124
2127 39 333754 5 334291
2128 34 94739 6 94862
2129 76 382476 6 382856
2130 41 255447 6 255887
2131 47 358947 7 359889
2132 41 266881 5 267694
2133 1 191626 8 192325
2134 34 237342 6 237825
2135 63 137223 7 137569
2136 25 284688 6 285322
2137 91 258405 7 259071
2138 34 246506 5 247194
2139 55 378537 7 379331
2140 53 353847 7 354260
2141 47 126831 7 127532
2142 63 136706 8 137049
2143 50 199916 6 200408
2144 57 69351 6 70068
2145 41 384915 6 385444
2146 94 252482 5 253409
2147 71 312074 6 312672
2148 34 339235 5 339829
2149 63 233191 7 233649
2150 34 354656 6 355474
2151 91 151394 4 152130
2152 76 302634 6 303000
2153 63 187663 7 188179
2154 41 206664 5 207390
2155 47 236657 7 237001
2156 34 8677 7 9257
2157 25 252482 5 252676
2158 34 78809 6 79364
2159 91 37019 5 37281
2160 39 229556 6 230334
2161 80 187960 5 188501
2162 57 327147 6 327981
2163 34 272386 6 272948
2164 94 73879 6 74782
2165 76 189862 6 190701
2166 1 303861 7 304491
2167 91 310 5 810
2168 71 213565 6 214461
2169 91 372150 4 372444
2170 57 310211 6 311084
2171 91 317648 6 318290
2172 47 316204 4 317080
2173 34 173092 8 173331
2174 47 276770 7 277567
2175 47 129705 8 130536
2176 91 192507 6 192782
2177 63 91367 5 92143
2178 57 142723 7 143462
2179 39 340176 5 340719
2180 80 13824 7 14255
2181 94 118379 6 118952
2182 76 366554 5 367399
2183 94 190780 8 190998
2184 80 207905 5 208528
2185 57 266001 5 266551
2186 63 58964 8 59959
2187 91 46174 6 46926
2188 80 311488 7 311697
2189 34 181914 7 182818
2190 76 349307 6 349452
2191 94 297230 7 297403
2192 34 360482 5 361434
2193 57 15320 7 16137
2194 39 371963 5 372306
2195 80 135082 7 135321
2196 80 36261 5 36898
2197 80 283533 6 284172
2198 1 98274 8 98445
2199 41 236056 5 236716
2200 47 315455 8 316061
2201 34 98274 5 99089
2202 47 124162 8 124757
2203 34 189559 7 190428
2204 50 5365 5 6313
2205 57 114253 6 115018
2206 34 211417 7 212167
2207 47 60889 7 61633
2208 80 366824 6 367531
2209 41 40450 5 41182
2210 25 264424 5 264790
2211 63 227882 8 228212
2212 94 296359 4 297160
2213 76 185397 5 186057
2214 34 133688 6 134293
2215 91 154285 6 155123
2216 71 92171 6 92787
2217 71 117487 6 118315
2218 41 383587 4 384352
2219 91 261559 6 262355
2220 34 52198 5 52475
2221 34 123206 7 124135
2222 57 14211 7 14991
2223 41 208941 5 209711
2224 41 62175 5 62863
2225 91 321023 5 321706
2226 57 323089 6 323237
2227 80 110001 6 110805
2228 63 5854 7 6185
2229 41 204288 6 205271
2230 57 125794 6 126552
2231 55 381401 7 381881
2232 41 220466 5 221277
2233 25 134187 4 135139
2234 34 250242 8 250976
2235 71 29532 6 30372
2236 76 341442 6 341904
2237 34 198911 7 199431
2238 34 285427 5 286203
2239 91 275826 7 276770
2240 94 243838 8 244212
2241 1 378885 8 379602
2242 34 367548 4 368084
2243 80 97436 7 98224
2244 91 179255 6 179411
2245 55 174925 7 175721
2246 55 107000 4 107893
2247 91 366554 4 367454
2248 39 307871 6 308833
2249 55 315455 7 316211
2250 57 320063 7 320790
2251 80 222828 7 223290
2252 1 343495 8 344462
2253 94 137223 8 137908
2254 55 314189 6 314928
2255 63 38961 8 39639
2256 53 226917 7 227831
2257 80 281868 7 282378
2258 47 302634 8 302869
2259 91 147445 6 148258
2260 71 6751 6 7420
2261 63 244814 6 245661
2262 57 198911 4 199209
2263 55 40441 6 40733
2264 41 245302 4 245512
2265 1 307507 6 308260
2266 63 230733 5 231446
2267 53 342536 7 343355
2268 1 78433 7 79358
2269 63 70990 5 71872
2270 25 58193 6 58901
2271 71 51066 5 51822
2272 94 77612 6 78145
2273 50 366554 6 366862
2274 91 310209 6 310709
2275 91 355360 5 356286
2276 80 339829 5 340585
2277 47 307871 7 308809
2278 34 370053 7 370981
2279 91 373586 7 374017
2280 94 89071 5 89700
2281 91 96323 6 97160
2282 63 176178 6 176602
2283 34 21027 6 21317
2284 41 151077 6 152075
2285 50 314189 5 314609
2286 1 23485 6 23845
2287 76 101542 6 102405
2288 41 90202 6 90454
2289 57 370755 7 371352
2290 55 202942 6 203923
2291 57 32515 7 32820
2292 34 323522 6 324166
2293 41 99162 6 99426
2294 63 345118 7 345930
2295 25 317673 6 318329
2296 1 331596 8 332294
2297 91 202478 5 202803
2298 76 183654 6 184444
2299 80 98538 7 98875
2300 63 171273 6 171510
2301 1 208621 6 208799
2302 1 25222 8 26017
2303 63 336103 6 336810
2304 55 153877 8 154007
2305 55 304152 8 304395
2306 55 145837 6 146567
2307 57 286693 5 287627
2308 1 291788 7 292572
2309 34 50724 5 51066
2310 91 315455 6 316017
2311 47 180753 7 181583
2312 63 215669 6 216321
2313 41 361697 6 362436
2314 47 36261 8 37217
2315 34 143313 5 143442
2316 1 333632 7 334402
2317 53 168498 7 169322
2318 57 349307 6 349727
2319 47 274243 6 274813
2320 55 11858 8 12799
2321 91 231066 5 231433
2322 34 14246 5 15028
2323 80 313123 7 313903
2324 34 349696 5 350454
2325 76 144081 6 144467
2326 94 328100 8 328859
2327 57 286013 4 286422
2328 34 176772 7 177629
2329 71 152824 5 153186
2330 80 29532 6 30430
2331 63 74806 6 75748
2332 41 142073 5 142599
2333 34 339829 8 340638
2334 41 253015 5 253252
2335 41 213565 6 214191
2336 1 233445 5 234084
2337 91 137344 5 137595
2338 34 85370 4 86214
2339 80 108078 7 108967
2340 80 129705 4 130420
2341 91 270870 5 271603
2342 1 122860 5 123247
2343 34 210785 5 211417
2344 63 384915 6 385303
2345 34 185397 5 186175
2346 63 26004 7 26891
2347 39 252482 6 252799
2348 55 265710 7 265837
2349 76 109801 6 110729
2350 50 320472 6 321230
2351 41 270770 5 271632
2352 25 378537 4 379290
2353 76 187704 5 188443
2354 50 227765 5 228648
2355 94 370755 7 371606
2356 94 216131 7 216610
2357 63 261241 6 261626
2358 41 155768 6 156446
2359 47 125794 7 126193
2360 34 243178 7 243983
2361 91 51395 4 52198
2362 76 164777 6 165381
2363 1 346526 6 346845
2364 57 185143 7 185914
2365 41 312488 5 313255
2366 94 258334 8 259332
2367 47 154832 7 155529
2368 91 215669 5 216427
2369 34 361434 6 361700
2370 80 105366 7 105764
2371 57 250242 6 250489
2372 80 167206 7 167956
2373 94 150468 6 150768
2374 76 359441 6 360195
2375 91 357959 5 358355
2376 94 262449 8 263156
2377 47 76347 8 76884
2378 63 149850 6 150584
2379 71 83504 6 84407
2380 57 325567 5 326324
2381 80 165247 5 165914
2382 80 296359 4 296840
2383 57 279251 5 279518
2384 57 383974 4 384432
2385 53 68234 4 69044
2386 1 146203 5 146990
2387 1 205618 8 206437
2388 76 165855 5 166073
2389 47 3147 8 3887
2390 71 205605 6 206574
2391 47 206664 7 207400
2392 57 77612 5 78433
2393 41 74558 4 75005
2394 57 339829 5 340176
2395 39 164349 5 165102
2396 47 272899 7 273581
2397 63 128128 4 128833
2398 55 256201 8 256525
2399 41 274568 5 275388
2400 71 240960 5 241734
2401 63 232284 7 232596
2402 57 348116 6 348332
2403 34 153918 6 154832
2404 91 313123 6 313881
2405 47 126193 8 126818
2406 53 257491 7 257848
2407 57 3263 6 3410
2408 91 249409 5 250130
2409 55 226917 7 227147
2410 91 243838 6 244685
2411 34 222828 6 223772
2412 1 207236 7 207968
2413 41 47147 6 47526
2414 57 179226 7 179692
2415 41 109801 6 110357
2416 41 273865 6 274568
2417 91 90417 6 91145
2418 76 226917 5 227256
2419 80 238306 6 238691
2420 57 316351 6 316921
2421 41 252455 4 253015
2422 91 227630 6 227882
2423 71 290246 6 291228
2424 57 106110 5 106904
2425 76 59952 5 60796
2426 39 293590 6 294409
2427 94 370053 7 370357
2428 47 38400 5 38999
2429 76 10098 5 10855
2430 1 217664 8 218655
2431 41 363545 4 363678
2432 34 303469 7 304152
2433 63 90800 5 91097
2434 76 53673 6 54502
2435 1 281828 8 282669
2436 91 3049 6 4046
2437 53 284815 6 285617
2438 91 141006 6 141675
2439 94 17041 8 17810
2440 71 57581 6 58216
2441 34 316222 5 316438
2442 41 376135 5 377089
2443 76 24512 6 25236
2444 25 102025 5 102610
2445 76 191626 6 192016
2446 34 319298 4 320319
2447 41 201140 6 201679
2448 91 148258 7 148926
2449 50 168498 6 168782
2450 94 13212 5 13749
2451 57 174925 5 175092
2452 34 371327 5 371800
2453 25 78038 5 78230
2454 53 244030 5 244818
2455 41 243053 5 244036
2456 57 135292 6 136164
2457 71 268819 5 269376
2458 80 365992 7 366760
2459 34 184471 4 185397
2460 76 56392 5 57174
2461 57 19156 7 19883
2462 91 58193 6 58895
2463 47 174925 7 175691
2464 39 183425 6 183620
2465 91 340086 6 340329
2466 57 347231 6 348116
2467 53 345832 7 346663
2468 57 194200 6 194460
2469 39 173092 6 173828
2470 55 123206 8 123910
2471 94 67441 6 67919
2472 91 197260 6 198103
2473 91 364324 6 365291
2474 91 308686 6 309460
2475 47 361700 7 362321
2476 63 268441 6 269353
2477 34 173331 4 174087
2478 57 253904 5 254911
2479 63 196583 5 197428
2480 47 213565 7 213951
2481 63 29532 7 30461
2482 63 222828 6 223077
2483 1 134369 8 134743
2484 63 329492 5 330058
2485 41 324994 6 325903
2486 71 158463 5 158962
2487 57 247903 4 248752
2488 34 112684 8 112928
2489 25 270078 4 270793
2490 91 326292 4 327147
2491 1 159968 4 160307
2492 91 305259 5 306271
2493 76 332576 5 333403
2494 34 99089 6 99490
2495 80 73118 6 73249
2496 41 268118 6 268819
2497 91 159665 6 160023
2498 53 122938 7 123859
2499 71 195754 5 196687
2500 34 321366 6 322231
2501 76 336624 6 337252
2502 57 124547 5 125301
2503 47 218564 7 219373
2504 34 68765 6 69443
2505 34 290636 6 291566
2506 94 48156 6 48940
2507 39 2224 5 3114
2508 63 47158 7 47600
2509 39 356286 4 356435
2510 41 306741 4 307270
2511 47 161174 8 161602
2512 63 42311 6 43212
2513 53 272948 6 273722
2514 47 23485 8 23685
2515 76 177275 5 177721
2516 47 79560 7 79894
2517 34 273095 5 273280
2518 47 188940 8 189497
2519 55 127172 7 127698
2520 34 4163 7 4843
2521 34 299673 6 300669
2522 47 262458 8 263426
2523 53 89346 7 90115
2524 47 116751 5 117639
2525 55 127877 7 128832
2526 57 102809 6 103418
2527 34 127172 7 127388
2528 53 134187 7 134369
2529 47 377291 8 378083
2530 55 38961 6 39760
2531 94 105987 8 106777
2532 47 71845 8 72288
2533 53 206466 5 206916
2534 76 266684 6 267254
2535 80 160703 7 161653
2536 91 180810 6 181624
2537 41 233445 6 234028
2538 39 22511 5 23166
2539 57 213565 7 214266
2540 34 106749 6 107581
2541 57 297771 6 298005
2542 57 62167 6 62593
2543 34 284688 6 284815
2544 34 202391 4 203158
2545 94 9920 7 10326
2546 41 31293 5 32285
2547 34 197383 7 198048
2548 34 344196 4 344371
2549 53 241060 6 241756
2550 55 252482 7 253436
2551 71 40441 6 40874
2552 41 323089 6 323865
2553 80 312074 7 312856
2554 80 303529 7 304001
2555 34 32535 8 33243
2556 91 251618 7 252482
2557 63 275826 8 276805
2558 34 5687 7 5854
2559 76 328897 6 329573
2560 80 153017 6 153819
2561 71 154285 6 154434
2562 80 166390 6 167112
2563 94 174616 7 174813
2564 57 140056 4 140822
2565 80 240715 5 241269
2566 80 50724 6 51517
2567 91 139403 4 140056
2568 34 49826 6 50724
2569 63 310211 8 310365
2570 80 106110 7 106383
2571 34 169224 6 169917
2572 71 366554 6 366845
2573 71 21601 5 22348
2574 41 88213 6 88905
2575 76 292601 6 292952
2576 41 359774 6 360397
2577 63 67441 8 67583
2578 41 133830 5 134504
2579 34 345118 6 346108
2580 63 73118 4 73993
2581 63 250242 6 250969
2582 53 79383 6 80002
2583 53 157582 7 158530
2584 91 176153 4 177275
2585 34 152435 7 153017
2586 80 46886 6 47689
2587 91 48166 7 48981
2588 76 107000 6 107772
2589 41 104029 6 104741
2590 91 190205 5 190907
2591 80 120591 7 121494
2592 1 9920 7 10511
2593 41 246392 6 247069
2594 76 223627 6 224327
2595 91 382891 6 383587
2596 34 105635 8 105987
2597 71 245645 5 246486
2598 34 91155 6 91367
2599 94 240715 7 240914
2600 1 284688 7 285018
2601 47 40441 7 41033
2602 55 361756 8 361921
2603 91 288960 7 289807
2604 91 9920 7 10305
2605 41 96294 6 97180
2606 71 46926 6 47185
2607 80 46174 7 46853
2608 34 75375 5 76347
2609 76 381422 6 381761
2610 41 315455 5 316204
2611 55 26856 7 27673
2612 91 178674 7 179255
2613 94 61421 8 62220
2614 91 173764 7 173934
2615 91 187663 6 188419
2616 57 88866 6 89023
2617 91 378169 6 378537
2618 91 380382 6 381109
2619 57 256237 5 256942
2620 63 265213 6 265625
2621 63 102651 7 103168
2622 71 1512 6 2255
2623 80 307507 6 308153
2624 94 273226 7 274046
2625 71 161174 6 161439
2626 47 360910 7 361552
2627 76 158463 5 159419
2628 34 51066 6 51704
2629 34 307258 4 307507
2630 41 10098 5 10849
2631 1 233191 6 233434
2632 1 3700 4 4185
2633 34 325129 6 326050
2634 63 242251 5 242687
2635 47 134504 7 135098
2636 80 226017 6 226944
2637 47 173092 7 173237
2638 80 201904 4 202801
2639 76 145837 6 146761
2640 94 228485 7 229322
2641 57 307223 6 307871
2642 63 103333 5 104215
2643 57 274243 6 274693
2644 39 21385 5 21783
2645 57 4577 6 5332
2646 39 45351 6 46108
2647 1 347885 6 348700
2648 1 306741 7 307460
2649 34 229995 4 230786
2650 1 13332 8 13479
2651 34 212734 7 213325
2652 63 81933 8 82643
2653 55 241951 6 242133
2654 41 167786 6 168778
2655 47 376135 8 376426
2656 39 364046 6 364828
2657 91 295451 5 296315
2658 57 154873 6 155722
2659 39 68208 5 68957
2660 94 300370 6 301137
2661 63 315028 8 315269
2662 63 216351 4 217053
2663 34 333369 6 333632
2664 41 370755 5 371564
2665 80 52198 7 52346
2666 47 364046 7 364859
2667 63 17163 6 18159
2668 55 46729 5 47547
2669 76 45291 6 45739
2670 91 52198 5 52982
2671 55 222828 8 223257
2672 39 73517 5 73715
2673 71 318486 5 318891
2674 41 344196 6 345097
2675 53 95124 6 95624
2676 63 115949 8 116408
2677 34 201904 6 202391
2678 47 199730 8 200609
2679 91 78387 7 79293
2680 39 227989 5 228761
2681 91 85240 5 85999
2682 39 334822 5 335649
2683 76 154594 6 155557
2684 55 323089 8 323335
2685 34 228936 6 229455
2686 91 152824 4 153467
2687 94 302634 7 303206
2688 76 256201 5 256575
2689 47 381109 8 381422
2690 76 341935 6 342841
2691 34 307507 7 308185
2692 53 126415 7 127265
2693 76 178027 6 178703
2694 47 332609 7 333318
2695 57 319298 6 320063
2696 50 9920 5 10578
2697 39 82284 4 82741
2698 57 12976 6 13629
2699 57 318590 6 318891
2700 76 35386 5 36233
2701 71 274243 4 275013
2702 39 40465 5 40755
2703 50 93205 4 93890
2704 76 72930 4 73888
2705 55 229766 5 229995
2706 91 304277 4 305259
2707 34 73647 7 73879
2708 34 328630 7 328904
2709 39 94862 5 95847
2710 34 336624 7 337106
2711 34 241951 7 242495
2712 91 57375 5 57581
2713 71 81725 6 82497
2714 71 189559 5 190434
2715 34 147660 6 148617
2716 47 102651 8 102979
2717 47 220466 8 220939
2718 63 62167 7 62739
2719 34 209873 6 210507
2720 39 333369 5 333625
2721 55 263113 8 263736
2722 91 224367 7 225108
2723 80 384915 7 385722
2724 1 97436 5 97907
2725 25 49826 6 50388
2726 76 198048 6 198794
2727 53 361756 7 361925
2728 91 347231 5 347885
2729 57 186347 6 186979
2730 57 270078 5 270283
2731 34 249873 7 250242
2732 55 89797 7 90707
2733 34 316438 8 317324
2734 25 119150 6 119352
2735 34 271924 6 272386
2736 1 295451 8 295610
2737 57 109801 4 110695
2738 71 271603 6 272559
2739 76 15320 6 16154
2740 1 74078 8 74829
2741 91 188419 4 188948
2742 41 103333 4 103997
2743 34 116216 5 116751
2744 47 24399 8 24994
2745 94 109801 8 110214
2746 34 267277 7 268108
2747 57 24399 7 25046
2748 1 243053 7 243844
2749 34 100540 6 101203
2750 91 381109 5 381670
2751 91 202803 4 203359
2752 57 88213 5 88530
2753 91 267390 4 268118
2754 41 54353 5 55239
2755 71 52198 5 52452
2756 41 240229 4 241081
2757 41 39626 6 40450
2758 71 283663 6 284322
2759 57 153455 6 153898
2760 41 99890 4 100787
2761 91 190907 5 191626
2762 34 125794 6 126415
2763 1 373944 6 374145
2764 34 265213 8 265341
2765 91 193734 7 193996
2766 91 156761 5 157582
2767 57 300370 7 300688
2768 91 359441 6 359970
2769 63 297771 6 298763
2770 47 215669 8 216634
2771 76 229995 6 230418
2772 50 372548 5 373377
2773 63 286956 7 287835
2774 25 52198 6 52453
2775 91 111673 7 112002
2776 91 254750 7 255395
2777 71 145160 4 145824
2778 76 61707 5 62693
2779 63 293578 5 294247
2780 41 32535 5 33244
2781 41 296359 4 297230
2782 91 181806 6 182731
2783 94 276770 6 277599
2784 91 67986 4 68765
2785 41 339829 4 340650
2786 57 54479 5 55398
2787 57 130760 5 131050
2788 94 233191 6 233931
2789 80 214826 7 215714
2790 63 132333 7 132946
2791 71 270078 6 271023
2792 91 20109 7 20862
2793 80 8005 6 8830
2794 47 327147 8 327583
2795 41 333766 6 333910
2796 91 27280 4 27651
2797 63 153898 5 154774
2798 57 251605 4 252379
2799 94 179269 7 179520
2800 55 41421 7 41834
2801 94 217854 6 218080
2802 34 33243 6 33587
2803 1 102651 8 103563
2804 47 247903 7 248668
2805 71 229556 6 230222
2806 71 226917 5 227893
2807 76 67986 6 68967
2808 76 271924 6 272713
2809 80 310 7 880
2810 94 173092 7 174078
2811 94 262070 7 262449
2812 34 67441 7 68565
2813 41 122860 5 123698
2814 25 144360 6 144844
2815 25 67986 6 68590
2816 57 373944 6 374928
2817 91 270078 7 270870
2818 39 270870 6 271190
2819 25 235018 5 235487
2820 1 379886 8 380463
2821 57 354429 6 355337
2822 50 82284 6 83000
2823 1 259071 8 259887
2824 1 293590 4 293787
2825 71 277570 6 278081
2826 91 129705 5 130343
2827 91 367709 6 368152
2828 63 371963 8 372517
2829 76 234408 6 235108
2830 1 214826 8 215389
2831 91 165681 6 166394
2832 71 384915 5 385678
2833 71 347231 5 347871
2834 63 180753 5 181570
2835 47 196583 7 197511
2836 94 21601 6 22318
2837 41 290794 6 291825
2838 80 248752 6 248903
2839 50 205605 6 206595
2840 57 46337 7 47305
2841 94 3410 7 3799
2842 57 193083 5 193614
2843 91 103333 6 104029
2844 1 272608 8 272912
2845 1 185946 8 186756
2846 34 365291 6 366212
2847 55 99089 7 99540
2848 50 76347 5 76672
2849 55 150607 7 151138
2850 91 122645 5 122938
2851 34 26004 5 26856
2852 41 157582 5 157709
2853 57 115949 6 116432
2854 34 369230 4 370053
2855 94 366554 7 367135
2856 39 179226 6 179935
2857 53 40450 7 40651
2858 94 159703 7 160444
2859 34 334287 8 334822
2860 71 128734 6 129270
2861 71 114884 6 115802
2862 47 8005 7 8842
2863 63 291332 7 292066
2864 57 102025 6 102809
2865 71 146050 6 146789
2866 57 35386 6 36226
2867 39 59728 5 60100
2868 41 64375 5 65116
2869 94 277734 5 277883
2870 94 226917 4 227691
2871 76 152435 4 153140
2872 91 146419 5 147209
2873 41 21931 5 22761
2874 76 116120 6 116555
2875 91 199730 6 200246
2876 91 320398 4 321023
2877 34 44932 6 45817
2878 94 340329 7 340499
2879 47 35386 8 36261
2880 34 281828 6 282336
2881 91 112684 6 113477
2882 34 331618 7 332576
2883 91 303529 7 303861
2884 41 146796 6 147588
2885 63 152130 5 153054
2886 63 93779 6 94250
2887 63 317324 6 318152
2888 94 24423 8 25117
2889 63 186979 6 187569
2890 34 215411 8 216131
2891 1 360910 6 361761
2892 55 270870 7 271463
2893 57 248752 5 249877
2894 91 5841 5 6131
2895 25 43906 6 44622
2896 34 162531 4 163448
2897 53 230733 6 231529
2898 76 90202 5 91052
2899 80 171018 7 171521
2900 39 207390 6 208101
2901 1 56807 7 57647
2902 34 41421 8 42280
2903 34 95651 8 96253
2904 63 161632 7 162212
2905 91 232467 6 233191
2906 55 140820 6 141123
2907 91 214826 5 215669
2908 25 93205 5 93989
2909 76 46729 6 47616
2910 50 107000 5 107155
2911 57 101203 6 101437
2912 25 313881 6 314447
2913 55 320472 7 321363
2914 34 247758 5 248060
2915 34 284815 5 285427
2916 91 255395 7 256296
2917 80 221440 4 221783
2918 91 371104 5 371963
2919 39 146567 4 147166
2920 71 261480 5 262267
2921 34 40441 5 41421
2922 34 29532 7 30446
2923 57 201656 6 201889
2924 57 205863 5 206656
2925 34 311084 5 312074
2926 91 66677 5 67674
2927 63 228936 7 229912
2928 41 106414 5 107282
2929 25 219929 5 220918
2930 63 165681 7 166084
2931 80 125794 7 126471
2932 94 140056 7 140729
2933 1 245302 7 245679
2934 47 213951 5 214718
2935 1 381684 7 382422
2936 1 325567 8 326511
2937 25 272948 6 273271
2938 80 223772 5 224704
2939 71 262270 6 263100
2940 57 370053 5 370755
2941 57 134504 5 134732
2942 41 35386 5 36226
2943 63 195492 6 196282
2944 57 85240 4 85975
2945 41 141006 6 142073
2946 63 247194 8 248110
2947 91 67674 7 67986
2948 80 28264 7 29049
2949 41 210674 5 211561
2950 1 8005 8 8838
2951 57 231066 5 231818
2952 34 94862 5 95394
2953 55 344206 8 344963
2954 80 71845 7 72835
2955 1 126266 6 126668
2956 41 353847 6 354609
2957 55 157582 8 158463
2958 63 84336 5 84566
2959 76 317324 5 318009
2960 34 226917 7 227765
2961 80 263719 7 264157
2962 94 231883 5 232346
2963 34 382476 7 383216
2964 34 193773 6 194585
2965 91 347885 5 348871
2966 41 63183 6 63705
2967 34 376848 6 377291
2968 55 331476 8 332099
2969 25 336103 6 336360
2970 1 280326 7 280814
2971 57 163448 6 164201
2972 80 17862 7 18539
2973 63 86567 5 87299
2974 34 216351 7 216999
2975 94 335236 7 335842
2976 25 209923 4 210436
2977 41 378885 6 379657
2978 57 294202 4 294432
2979 55 338342 8 339084
2980 34 652 4 1286
2981 50 380227 6 381033
2982 41 16118 4 16416
2983 53 375508 7 375797
2984 1 189862 5 190272
2985 91 108230 5 109157
2986 41 82284 5 82532
2987 53 78433 7 79171
2988 91 98470 4 98776
2989 76 206558 6 207368
2990 80 119981 7 120211
2991 53 94634 6 95124
2992 76 94932 5 95412
2993 55 272899 7 273872
2994 91 352506 5 353333
2995 57 236056 5 236657
2996 91 191626 7 192303
2997 1 119981 8 120739
2998 34 335305 7 336103
2999 53 27547 7 27853
3000 1 157611 7 158007
3001 1 90202 5 90904
3002 71 341807 6 342047
3003 55 276770 7 277744
3004 41 194215 6 194392
3005 63 110593 7 111100
3006 57 342536 6 343133
3007 53 116355 7 116931
3008 63 359774 7 360444
3009 41 91914 4 92171
3010 1 171273 4 171850
3011 63 178027 8 178735
3012 91 250130 7 250799
3013 91 32801 5 33464
3014 91 368482 7 369297
3015 76 140541 5 141351
3016 91 291106 7 291332
3017 41 326050 5 326796
3018 34 122406 5 123206
3019 91 302634 7 303529
3020 76 4843 6 5708
3021 1 135292 7 136251
3022 1 117028 8 117151
3023 1 383974 7 384823
3024 50 345832 6 346378
3025 25 241951 6 242636
3026 1 234850 8 235349
3027 55 810 7 1522
3028 34 341807 6 342536
3029 94 277883 7 278637
3030 63 57375 8 57778
3031 57 294542 6 294735
3032 41 93749 4 94694
3033 25 295417 6 296353
3034 91 233191 6 233511
3035 53 15320 6 16228
3036 34 379634 5 380549
3037 91 372974 5 373554
3038 34 200262 7 200654
3039 53 74572 6 75484
3040 57 119784 6 120697
3041 91 35313 5 36101
3042 94 67986 7 68555
3043 34 276741 6 277734
3044 63 236657 7 236949
3045 80 242495 7 242759
3046 71 317459 5 318264
3047 50 173304 6 173558
3048 63 217430 5 218402
3049 76 129541 6 130318
3050 94 72381 5 73324
3051 94 62580 8 62777
3052 55 299991 8 300817
3053 63 182977 8 183821
3054 1 16118 8 17064
3055 94 307507 7 307842
3056 39 91155 4 92083
3057 34 111484 6 112008
3058 34 198542 7 198911
3059 63 289807 8 290083
3060 57 309460 5 310166
3061 80 212734 7 213135
3062 53 37019 5 37204
3063 91 219393 6 220466
3064 25 155148 6 155921
3065 63 264180 5 264515
3066 41 333369 5 333766
3067 41 37019 4 37217
3068 57 23485 7 23810
3069 76 135920 5 136798
3070 55 126861 7 127057
3071 34 64893 5 65669
3072 76 215411 6 216210
3073 41 188190 6 188940
3074 57 76347 4 76839
3075 47 181825 7 182746
3076 1 349307 7 350306
3077 63 207905 6 208479
3078 57 241186 7 241387
3079 47 235911 7 236606
3080 39 181914 6 182316
3081 25 30446 6 30658
3082 80 124920 7 125155
3083 57 60889 7 61625
3084 57 361700 5 362101
3085 91 371963 7 372150
3086 1 39855 7 40798
3087 53 58895 6 59773
3088 34 27685 5 28208
3089 57 272899 5 273541
3090 91 65817 6 66677
3091 63 210537 7 211286
3092 76 258265 5 258418
3093 57 94970 6 95927
3094 34 275101 6 275826
3095 1 95651 7 96400
3096 76 11063 5 11894
3097 80 43486 7 43847
3098 80 273167 6 273651
3099 76 310 4 887
3100 91 245302 6 245645
3101 63 346502 5 347320
3102 80 333944 6 334514
3103 57 353847 5 354429
3104 80 198048 7 199022
3105 1 29544 6 30517
3106 91 85999 5 86567
3107 47 253904 8 254658
3108 41 209711 4 210674
3109 91 181624 7 181806
3110 63 206664 7 207363
3111 91 118379 5 119150
3112 63 3147 8 3657
3113 76 179411 6 179589
3114 1 104029 6 104244
3115 91 311625 6 312208
3116 71 90202 6 91178
3117 57 68539 5 69351
3118 34 74558 7 75375
3119 63 3700 6 4151
3120 41 61861 6 62175
3121 47 307093 8 307341
3122 39 245761 5 246029
3123 63 119150 7 120102
3124 55 43906 7 44533
3125 55 55983 7 56259
3126 53 372150 7 373056
3127 50 354609 5 355527
3128 1 201140 8 201879
3129 50 150839 6 151520
3130 47 46729 7 47210
3131 94 235911 7 236455
3132 39 10305 6 11063
3133 63 78038 8 78883
3134 94 219929 8 220817
3135 63 328100 6 328713
3136 1 230733 7 231647
3137 41 256201 6 256426
3138 53 264358 7 264563
3139 91 153877 6 154285
3140 94 127172 7 127692
3141 57 107000 6 107542
3142 91 343495 7 343634
3143 80 325129 7 325589
3144 39 314189 6 314551
3145 41 284325 6 285290
3146 91 142512 4 143313
3147 76 195754 6 196165
3148 76 149850 5 149991
3149 47 81163 8 82083
3150 55 102809 7 103582
3151 91 291788 4 292417
3152 1 49826 8 50733
3153 34 60889 6 61421
3154 50 89599 6 90000
3155 80 378169 7 378700
3156 57 174279 5 174511
3157 80 126668 7 127303
3158 34 206558 5 206687
3159 76 261480 5 262321
3160 34 292601 6 293567
3161 94 361700 7 362003
3162 34 294353 7 294713
3163 41 53623 5 54353
3164 1 340176 5 340492
3165 34 166390 6 167335
3166 34 9430 5 9721
3167 34 356970 8 357605
3168 57 320806 5 321226
3169 1 334678 7 335418
3170 63 221042 8 221802
3171 63 365291 6 366284
3172 71 144081 5 144917
3173 34 65669 5 66514
3174 1 216131 7 216972
3175 25 89348 6 89705
3176 57 199209 7 200109
3177 39 124162 6 124728
3178 55 201140 7 201554
3179 94 29532 6 30371
3180 91 83357 5 83908
3181 55 341741 7 342304
3182 57 330856 6 331723
3183 1 185143 8 185429
3184 57 39855 6 40810
3185 25 85370 5 85573
3186 76 200811 6 201597
3187 76 339235 5 339744
3188 34 272948 7 273095
3189 1 4577 7 5365
3190 34 150839 5 151568
3191 39 345118 6 345953
3192 25 190780 4 191571
3193 34 324280 5 325129
3194 76 156755 5 157292
3195 1 311625 8 312365
3196 34 112008 8 112684
3197 39 338342 6 339062
3198 34 196583 8 197383
3199 91 268118 7 268748
3200 80 371327 7 371877
3201 47 217664 6 218550
3202 63 166394 8 167244
3203 91 94640 6 94932
3204 63 174925 7 175733
3205 34 62167 4 62645
3206 76 39626 5 40468
3207 57 5407 7 5820
3208 76 362346 6 362472
3209 34 76796 5 77612
3210 25 84336 6 84554
3211 91 339235 7 340086
3212 41 352106 5 352943
3213 57 174087 5 174279
3214 39 138051 6 138338
3215 55 367586 7 368341
3216 55 187399 7 187704
3217 80 258405 7 259140
3218 25 290794 4 291577
3219 41 19156 4 19816
3220 91 362888 6 363545
3221 57 161602 7 162176
3222 55 118379 7 119141
3223 63 383587 4 383800
3224 34 233191 6 233580
3225 91 200246 6 200780
3226 80 77612 6 77782
3227 57 105366 5 106110
3228 94 130230 7 130613
3229 47 324280 8 325121
3230 76 168498 6 169489
3231 41 11063 6 11902
3232 41 314189 4 314601
3233 34 158890 8 159475
3234 57 127877 5 128734
3235 71 305926 5 306601
3236 47 317459 6 318367
3237 57 171370 5 171544
3238 53 105904 7 106225
3239 47 264358 6 264698
3240 41 169224 5 170195
3241 25 156408 4 156883
3242 63 55180 5 56135
3243 57 13793 7 14190
3244 63 64912 5 65693
3245 63 262070 4 262629
3246 47 186979 7 187813
3247 1 142512 8 143220
3248 34 83504 7 84468
3249 94 329678 8 330400
3250 41 109157 5 109796
3251 34 352100 5 352864
3252 80 256296 5 256850
3253 91 299991 7 300930
3254 91 375381 7 375949
3255 47 5327 8 6231
3256 63 290246 4 291068
3257 41 14211 6 14982
3258 94 345118 8 346104
3259 91 218563 5 219393
3260 34 48156 4 48739
3261 41 230733 5 231305
3262 53 213565 7 214397
3263 91 263113 5 264020
3264 41 295100 5 295864
3265 41 158890 6 159703
3266 71 97436 6 98403
3267 25 94932 6 95929
3268 25 55180 6 55693
3269 41 366987 5 367806
3270 71 320472 6 321071
3271 91 198914 6 199730
3272 94 202067 5 202661
3273 34 297834 4 298648
3274 25 202391 6 203184
3275 57 78433 6 79383
3276 71 76994 5 77368
3277 47 56935 5 57061
3278 63 22511 6 23374
3279 39 50724 5 50893
3280 34 141302 8 142258
3281 63 288048 6 288602
3282 91 18758 7 19369
3283 34 21317 7 21601
3284 57 360910 6 361612
3285 41 44350 5 45086
3286 63 198048 6 198811
3287 57 20109 7 20910
3288 1 315455 8 315829
3289 63 31293 6 32069
3290 63 53673 6 54487
3291 94 260514 7 261371
3292 53 45351 7 45935
3293 50 50724 6 51595
3294 76 201904 5 202162
3295 94 195754 7 196140
3296 80 184233 7 184449
3297 76 268819 5 269708
3298 41 92620 4 93401
3299 39 209367 5 210215
3300 91 309460 4 310209
3301 71 375508 4 376087
3302 55 205863 8 206545
3303 47 150468 8 151253
3304 94 186979 6 187565
3305 94 381109 8 382058
3306 1 188940 7 189109
3307 91 180422 4 180810
3308 47 49826 7 49947
3309 76 364046 5 364922
3310 34 83174 7 83504
3311 34 368084 7 368820
3312 57 52389 7 52841
3313 55 105366 7 105635
3314 34 329634 7 330392
3315 76 52841 6 53454
3316 76 316017 6 316768
3317 1 93025 8 93800
3318 39 267277 6 267702
3319 47 357447 6 358171
3320 53 73879 7 74572
3321 91 229478 5 230251
3322 55 219929 7 220456
3323 91 271603 6 272267
3324 94 375448 5 376327
3325 39 170516 5 171317
3326 47 63705 5 64383
3327 41 101203 4 102125
3328 41 369230 5 370154
3329 71 376135 5 376918
3330 41 68719 6 69060
3331 94 119981 7 120710
3332 91 31394 5 32129
3333 39 58420 6 59213
3334 47 108577 5 108808
3335 39 171510 5 171910
3336 71 192860 5 193289
3337 39 230786 5 231762
3338 1 133522 8 134219
3339 94 158890 7 159242
3340 25 12976 6 13779
3341 39 125068 6 125709
3342 41 371963 6 372875
3343 91 120591 6 121439
3344 1 384915 8 385337
3345 63 151077 5 151469
3346 47 366554 7 367429
3347 39 17046 5 17762
3348 57 181110 5 181825
3349 57 202067 5 202751
3350 91 357447 7 357959
3351 47 52198 7 52544
3352 41 133522 6 133830
3353 1 264358 8 264749
3354 34 35386 5 36241
3355 47 146203 8 146955
3356 34 140056 7 140820
3357 53 105366 7 105758
3358 34 378702 7 379306
3359 55 199730 7 200500
3360 41 231519 5 232572
3361 53 376135 7 376880
3362 63 13212 7 14055
3363 94 4046 8 4558
3364 63 296359 5 297279
3365 1 0 6 416
3366 76 228936 5 229387
3367 80 24423 7 25095
3368 91 360910 4 361756
3369 50 16149 5 16467
3370 63 319182 6 319906
3371 57 17990 7 18713
3372 94 27547 7 27995
3373 50 201904 6 202734
3374 25 41421 6 42269
3375 91 155985 4 156761
3376 76 337861 6 338436
3377 63 211754 7 212624
3378 53 255395 7 256332
3379 34 69443 7 70202
3380 57 53623 6 54416
3381 53 326050 5 326241
3382 71 160650 6 161040
3383 50 20862 6 21458
3384 34 36241 4 36782
3385 80 154594 4 155546
3386 34 17862 6 18619
3387 76 186979 6 187215
3388 57 311084 5 311549
3389 57 302634 6 302766
3390 91 336871 5 337512
3391 50 31759 5 32181
3392 94 263719 6 264362
3393 80 253464 4 253793
3394 71 176178 5 176886
3395 80 250242 7 250975
3396 57 232284 5 233024
3397 91 284325 6 285276
3398 47 192860 7 193594
3399 94 65932 8 66858
3400 91 221440 7 222208
3401 25 271603 5 272449
3402 63 334287 8 334908
3403 34 263113 4 263719
3404 55 63183 7 63682
3405 47 4046 5 4577
3406 57 365291 6 365992
3407 47 379886 7 380463
3408 34 18713 6 19156
3409 91 223622 5 224367
3410 34 326050 8 326765
3411 63 214093 6 214359
3412 63 285276 6 285585
3413 41 365291 4 366028
3414 63 204288 5 205096
3415 34 340638 5 341185
3416 91 104029 5 104843
3417 41 241186 5 242084
3418 39 178564 5 179166
3419 91 97436 4 98470
3420 34 160522 6 160781
3421 34 349307 6 349696
3422 50 61421 6 62277
3423 94 18713 8 18911
3424 50 234408 5 235389
3425 57 244030 6 244951
3426 41 166111 5 166552
3427 41 328904 5 329635
3428 91 207394 5 208221
3429 94 358947 7 359921
3430 57 32820 6 33038
3431 76 132099 5 132309
3432 53 317648 7 318203
3433 41 238306 6 239095
3434 53 293590 7 294353
3435 34 149850 7 150468
3436 25 236960 6 237788
3437 94 334287 6 335056
3438 76 216999 6 217844
3439 91 335482 7 335808
3440 55 22511 7 22640
3441 1 180753 8 181227
3442 25 229556 6 230492
3443 53 97784 5 98593
3444 41 222828 6 223197
3445 55 89071 8 89797
3446 25 69439 6 70184
3447 41 248361 6 249130
3448 50 342536 6 342833
3449 91 212734 5 213139
3450 1 328904 5 329768
3451 91 283663 6 283837
3452 47 303861 7 304844
3453 53 5365 5 6295
3454 41 153877 6 154074
3455 71 184233 5 185073
3456 53 201904 6 202644
3457 47 284815 7 285687
3458 76 220636 6 221571
3459 91 164948 4 165247
3460 57 343495 4 344311
3461 50 29532 5 30391
3462 76 65116 6 65956
3463 57 146567 7 147475
3464 63 39855 7 40772
3465 57 277570 5 278127
3466 53 333754 7 334482
3467 76 48156 6 48904
3468 55 342536 6 342681
3469 63 56174 6 56322
3470 76 313881 6 314244
3471 41 223464 6 223927
3472 53 9936 7 10678
3473 34 26856 4 27685
3474 39 36782 6 37673
3475 34 180046 6 180753
3476 91 258265 6 258405
3477 47 143702 7 144014
3478 91 18123 6 18758
3479 25 163448 6 164433
3480 76 49826 5 50732
3481 63 44932 6 45824
3482 91 38400 7 39052
3483 34 90800 6 91155
3484 55 266209 7 266918
3485 63 16149 7 17054
3486 63 236960 5 237566
3487 34 110001 4 110397
3488 76 181110 5 181424
3489 91 248361 7 248982
3490 53 194585 7 194820
3491 91 99565 7 100286
3492 47 82284 7 83084
3493 34 214093 5 214680
3494 80 300370 7 300585
3495 94 19156 7 19885
3496 80 17041 5 17212
3497 91 206277 7 206664
3498 41 135324 6 136192
3499 57 293578 5 294202
3500 71 356286 5 356540
3501 25 127172 4 128163
3502 25 373944 6 374626
3503 34 236782 7 237342
3504 63 179226 8 179730
3505 91 329492 5 329678
3506 47 283837 6 284325
3507 34 9721 5 10080
3508 50 181914 6 182913
3509 41 95624 5 95945
3510 57 99540 6 100278
3511 80 203359 7 203657
3512 34 302888 4 303469
3513 57 225108 6 225894
3514 91 91145 7 92105
3515 57 324280 7 324997
3516 34 357605 5 358385
3517 76 312208 6 312801
3518 39 142512 6 143306
3519 39 104741 5 105468
3520 53 181914 5 182406
3521 34 79364 7 80220
3522 41 216901 5 217430
3523 57 180422 7 180732
3524 63 205605 7 205761
3525 1 67441 7 67843
3526 71 118379 6 118848
3527 41 180422 5 181261
3528 25 107000 6 107552
3529 91 105625 7 105904
3530 1 18713 8 19212
3531 94 240960 4 241732
3532 63 138558 5 139388
3533 34 203688 5 204288
3534 55 336624 8 337036
3535 91 121439 5 121885
3536 63 199916 7 200547
3537 34 127877 6 128569
3538 91 28739 4 29532
3539 1 374145 7 375009
3540 25 96294 6 96495
3541 80 128635 7 129416
3542 34 205021 6 205615
3543 94 327147 7 327563
3544 47 131487 7 132241
3545 34 204288 7 205021
3546 50 372150 6 372548
3547 94 70202 7 71057
3548 41 0 6 229
3549 55 346502 6 347231
3550 57 84336 6 85182
3551 57 153898 6 154594
3552 71 38961 5 39686
3553 50 142723 5 143252
3554 55 133830 7 134576
3555 1 338342 8 339281
3556 39 358947 4 359716
3557 25 341807 4 342638
3558 1 132099 8 132917
3559 80 367586 5 368002
3560 53 200246 6 201202
3561 57 223464 7 223627
3562 41 182526 5 183365
3563 57 352100 7 352877
3564 41 217430 6 217833
3565 1 150468 8 150806
3566 57 310 7 854
3567 47 266209 7 266965
3568 39 28264 6 28988
3569 76 138051 6 138254
3570 34 309460 6 310287
3571 63 8677 7 9315
3572 57 255447 7 256237
3573 91 193996 6 194759
3574 47 18713 8 19301
3575 94 188940 8 189789
3576 41 327628 4 328449
3577 71 272608 4 273468
3578 47 336997 6 337272
3579 47 159968 7 160751
3580 41 286013 5 286956
3581 94 205755 4 205958
3582 94 382214 8 383199
3583 76 117602 5 118558
3584 57 122645 7 123637
3585 63 273245 5 274083
3586 34 338342 5 339113
3587 80 369297 7 370057
3588 63 198914 7 199777
3589 1 274243 6 274982
3590 34 291566 4 292207
3591 91 152130 6 152824
3592 41 102125 5 103097
3593 39 76994 6 77215
3594 57 331836 5 332871
3595 47 170516 7 171381
3596 57 25858 7 26677
3597 57 75484 7 75798
3598 57 291669 7 292382
3599 94 125794 8 126243
3600 55 181914 7 182837
3601 94 333632 7 333773
3602 39 222828 6 223668
3603 55 196845 8 197155
3604 91 365291 5 365971
3605 1 266684 8 267139
3606 1 196845 5 197626
3607 91 330856 5 331836
3608 94 26004 7 26987
3609 63 318290 6 319003
3610 41 70575 5 71430
3611 80 0 7 226
3612 55 45291 7 46053
3613 50 236657 6 237464
3614 91 266684 5 267390
3615 25 250242 5 250506
3616 94 174925 7 175515
3617 34 174087 7 174616
3618 57 43873 6 44421
3619 1 336624 6 336871
3620 41 13332 6 13474
3621 63 21317 6 21639
3622 80 205605 6 206339
3623 91 358355 6 358947
3624 94 343495 8 344465
3625 53 234850 7 235606
3626 80 41177 5 42031
3627 63 303466 6 303720
3628 39 161174 5 161927
3629 34 129316 4 130230
3630 94 264424 6 265193
3631 57 73517 6 74285
3632 39 16118 6 16582
3633 57 98277 5 98917
3634 57 203688 6 204641
3635 91 86567 5 86952
3636 63 301649 6 302050
3637 1 48156 7 48927
3638 57 167206 5 167833
3639 91 167786 5 168635
3640 55 187704 7 188262
3641 41 1512 4 2277
3642 94 183425 4 184022
3643 1 366824 7 367775
3644 80 325757 6 326519
3645 91 114996 6 115716
3646 34 229478 4 229758
3647 39 108577 5 109566
3648 91 114253 4 114996
3649 34 182837 7 183425
3650 39 154594 5 155438
3651 41 324280 5 324994
3652 91 313881 7 314189
3653 41 79771 4 80731
3654 94 209367 8 210159
3655 91 328897 7 329492
3656 50 336624 5 337471
3657 91 297771 6 298538
3658 41 127172 4 128128
3659 91 112002 5 112204
3660 47 87679 7 88128
3661 76 300688 6 301620
3662 34 164777 5 165855
3663 53 366853 7 367817
3664 34 89067 6 89348
3665 63 356286 5 357061
3666 34 264358 6 265213
3667 41 311047 5 311488
3668 63 101203 7 102122
3669 34 239673 5 240229
3670 34 247194 8 247383
3671 34 358947 7 359774
3672 41 196093 5 196917
3673 25 25222 6 26014
3674 25 39855 5 40826
3675 41 166552 5 167547
3676 50 85240 6 85782
3677 55 216427 7 217420
3678 55 218564 7 219127
3679 25 27280 6 27432
3680 57 148926 6 149513
3681 76 293981 6 294955
3682 1 178674 7 179494
3683 34 192860 7 193773
3684 53 36241 7 37019
3685 76 254750 6 255280
3686 41 155486 4 155768
3687 57 296359 7 296771
3688 76 370053 6 370552
3689 55 113065 7 113600
3690 34 184233 6 184471
3691 91 317459 5 317648
3692 91 328100 7 328897
3693 34 248060 5 248765
3694 41 285290 6 285554
3695 63 7413 6 8170
3696 50 307871 5 308232
3697 91 115949 6 116120
3698 76 31293 6 31710
3699 80 322557 6 322929
3700 91 23637 6 24002
3701 71 142512 5 142863
3702 63 191145 8 191636
3703 57 86567 5 87106
3704 34 293567 8 294353
3705 91 141675 5 142512
3706 47 26004 7 26995
3707 34 261480 7 262070
3708 34 351125 5 352100
3709 80 116751 7 116962
3710 34 294713 5 295417
3711 50 133688 6 134218
3712 91 218137 4 218563
3713 76 213565 6 214154
3714 39 310709 6 311692
3715 55 284318 8 284453
3716 47 57425 7 57934
3717 1 276770 8 277633
3718 71 165681 5 166361
3719 57 240094 5 240631
3720 76 352100 6 352687
3721 63 219393 7 220152
3722 91 82196 5 82375
3723 34 346502 7 346869
3724 55 126702 7 126861
3725 34 373182 8 373586
3726 91 80344 7 81163
3727 41 343495 6 344158
3728 80 327628 6 327990
3729 53 370981 5 371517
3730 80 1512 7 2283
3731 71 248982 5 249499
3732 34 148926 7 149850
3733 34 143442 6 143702
3734 80 152130 7 152517
3735 57 9257 6 9910
3736 57 87106 5 87954
3737 91 322231 7 322660
3738 76 248752 6 249717
3739 80 347885 7 348308
3740 41 293981 6 294775
3741 57 368482 7 369230
3742 34 286203 8 286990
3743 34 31759 5 32535
3744 63 188940 5 189299
3745 91 121885 6 122042
3746 94 177381 7 178086
3747 41 152824 5 153492
3748 34 348334 4 349238
3749 1 200654 8 200917
3750 91 348871 7 349647
3751 94 341741 7 342673
3752 41 294775 4 295100
3753 91 379886 7 380227
3754 57 157654 6 158133
3755 91 233511 6 234299
3756 34 317324 6 317943
3757 41 72393 5 73189
3758 94 161174 4 162020
3759 91 253180 6 253911
3760 39 61421 4 62118
3761 57 50619 7 51451
3762 91 68765 7 69439
3763 57 34611 6 35386
3764 50 154832 5 155351
3765 34 263997 5 264358
3766 91 294542 6 295451
3767 41 118810 5 119655
3768 39 334678 5 334817
3769 57 260514 4 261343
3770 50 75375 6 75583
3771 47 212734 7 213463
3772 57 233191 5 233577
3773 63 194200 5 194359
3774 34 136706 7 137437
3775 91 285437 5 286013
3776 80 150468 7 151222
3777 1 358947 6 359325
3778 57 165855 5 166827
3779 1 46886 6 47036
3780 57 133182 5 134038
3781 91 331836 6 332609
3782 41 377291 6 378147
3783 47 372150 4 372321
3784 55 32515 8 32691
3785 34 72930 4 73647
3786 1 215669 7 215959
3787 80 194585 7 194919
3788 57 228340 6 229293
3789 1 265341 8 265722
3790 71 151568 6 152546
3791 47 294353 8 295065
3792 94 336103 8 337100
3793 91 43906 7 44481
3794 63 171818 8 172647
3795 71 186347 5 187295
3796 80 56106 6 56785
3797 39 366987 6 367978
3798 47 306271 7 306411
3799 80 204288 7 204982
3800 63 224367 7 224582
3801 71 43906 5 44519
3802 47 9920 8 10573
3803 80 273865 6 274611
3804 57 159364 7 159968
3805 91 252482 7 253180
3806 80 358947 6 359519
3807 47 92015 7 92682
3808 80 333369 7 333804
3809 39 174925 5 175651
3810 57 328100 7 328530
3811 91 98776 7 99565
3812 91 292902 7 293578
3813 94 134504 8 134723
3814 53 154594 6 154830
3815 50 810 5 1517
3816 71 126668 6 127655
3817 76 22511 6 23340
3818 55 188940 7 189514
3819 1 109801 8 110534
3820 1 292902 7 293362
3821 80 179411 7 179623
3822 80 40455 6 40724
3823 80 251618 6 252535
3824 57 65817 7 66703
3825 91 89071 6 89346
3826 34 320319 4 320472
3827 41 43873 5 44350
3828 63 113477 7 113842
3829 63 249873 5 250070
3830 34 24512 7 25222
3831 76 182837 6 183364
3832 91 213565 7 213760
3833 41 78953 4 79771
3834 34 7874 4 8677
3835 94 312074 8 312316
3836 71 263113 5 263801
3837 39 312074 6 312754
3838 1 121885 8 122270
3839 41 304969 6 305926
3840 34 30446 7 31293
3841 34 71940 4 72930
3842 76 81163 6 81805
3843 55 277744 8 278503
3844 91 231433 4 231883
3845 39 342536 6 342810
3846 91 248982 5 249409
3847 76 370981 4 371206
3848 63 346207 8 346404
3849 71 214826 6 215241
3850 55 368482 7 369160
3851 47 113065 6 113900
3852 91 21385 6 21718
3853 63 137595 6 138546
3854 41 309460 6 310211
3855 41 85593 5 86362
3856 63 111484 5 112389
3857 71 37041 6 37337
3858 41 297230 6 298219
3859 71 323089 6 323391
3860 57 66703 4 67745
3861 25 243838 6 244241
3862 34 13566 6 13824
3863 41 20109 6 20878
3864 76 272899 4 273305
3865 57 144360 5 145175
3866 47 382476 6 383027
3867 91 201904 5 202067
3868 91 297059 6 297771
3869 34 145837 8 145991
3870 34 260514 5 261029
3871 57 190428 4 191053
3872 91 124134 5 124920
3873 57 270770 6 271542
3874 47 142723 7 143442
3875 53 205618 5 206466
3876 1 106116 8 106259
3877 1 58193 8 58913
3878 41 6751 5 7413
3879 91 17163 4 18123
3880 76 21438 6 22029
3881 41 326796 4 327573
3882 94 40441 8 41421
3883 57 233577 5 234296
3884 50 244030 6 244749
3885 94 105635 7 105984
3886 63 341935 8 342777
3887 34 374524 6 374905
3888 71 102651 6 103466
3889 34 336499 8 336624
3890 71 238306 6 238652
3891 91 106644 5 107000
3892 34 216131 7 216351
3893 71 336624 5 337159
3894 39 64375 6 65145
3895 41 188940 4 189729
3896 76 20109 5 20978
3897 34 127670 7 127877
3898 1 96400 7 96870
3899 25 52841 5 53475
3900 34 138435 4 138558
3901 55 290518 8 290973
3902 57 146203 7 146388
3903 25 301780 6 302540
3904 47 152130 8 152863
3905 25 140541 6 140708
3906 1 354429 8 354816
3907 53 378537 7 379495
3908 94 41421 4 42298
3909 57 181825 6 182120
3910 41 186979 4 187632
3911 91 238306 5 239284
3912 57 212734 6 213546
3913 39 325757 5 326086
3914 1 55180 6 55769
3915 53 252612 6 253070
3916 57 318891 7 319298
3917 91 248044 4 248361
3918 47 373944 6 374612
3919 53 67441 7 68234
3920 57 186979 5 187869
3921 41 335236 5 336118
3922 53 57777 7 58476
3923 41 173092 6 173565
3924 91 70168 6 70969
3925 76 279518 6 280420
3926 80 379886 6 380519
3927 1 94739 7 95458
3928 57 276770 7 277570
3929 91 174277 6 174925
3930 94 125068 7 125507
3931 41 8162 4 8990
3932 57 16137 5 16834
3933 1 190877 7 191364
3934 1 79364 8 79966
3935 34 259775 7 260514
3936 55 53623 7 54428
3937 80 36898 7 37052
3938 63 265710 6 266297
3939 80 87679 7 88596
3940 71 168498 6 169153
3941 41 202734 5 203094
3942 41 287627 5 288532
3943 55 294202 7 295003
3944 94 197260 8 198111
3945 55 24423 8 25085
3946 55 201904 8 202171
3947 91 336103 6 336813
3948 76 29532 6 30487
3949 34 346869 7 347396
3950 71 331476 6 332160
3951 1 159703 7 159902
3952 57 187960 6 188778
3953 34 302634 6 302888
3954 41 199916 6 200742
3955 50 265341 6 266278
3956 53 323089 5 323914
3957 55 349647 7 350201
3958 41 113065 6 114047
3959 91 79502 7 80344
3960 63 220466 8 220653
3961 53 291332 6 291629
3962 57 108078 6 108577
3963 94 122860 6 123575
3964 63 94634 6 95338
3965 91 75484 4 76044
3966 1 129541 8 130024
3967 50 26039 6 26801
3968 34 270587 7 271404
3969 1 289807 8 290514
3970 76 18713 6 18982
3971 76 309460 6 309950
3972 63 0 5 143
3973 55 189862 7 190428
3974 47 309460 8 309705
3975 25 370221 6 370773
3976 1 252612 8 253108
3977 25 174087 6 174382
3978 53 125068 6 125638
3979 55 12976 7 13692
3980 57 7273 7 8018
3981 39 309460 5 310202
3982 71 31394 6 31851
3983 80 324280 7 324971
3984 39 43906 6 44514
3985 80 23485 7 23829
3986 57 67986 5 68458
3987 76 120710 6 121414
3988 57 267407 5 268304
3989 91 148926 5 149759
3990 71 296359 5 297109
3991 39 105625 6 106520
3992 63 300370 6 300812
3993 34 186979 7 187960
3994 76 131487 6 131955
3995 34 382214 5 382426
3996 53 196845 5 197568
3997 53 235911 7 236038
3998 53 278995 7 279906
3999 57 367586 7 368153
4000 63 283837 7 284762
4001 71 377291 6 377526
4002 47 189862 7 190198
4003 91 225108 5 226017
4004 57 356970 4 357418
4005 57 58915 4 59853
4006 63 49826 7 50689
4007 55 257491 8 258298
4008 71 58420 5 59212
4009 34 154832 7 155486
4010 55 81725 7 82037
4011 41 84846 6 85593
4012 63 141006 6 141554
4013 91 196583 6 197260
4014 47 356286 6 357003
4015 57 259809 6 259982
4016 41 150607 5 151077
4017 63 174087 8 174731
4018 53 228966 7 229556
4019 39 378169 4 378607
4020 34 206687 5 207236
4021 41 216351 4 216901
4022 47 368482 5 368793
4023 94 274243 5 274753
4024 50 196845 5 197264
4025 63 163448 5 164083
4026 57 80344 6 80987
4027 50 293981 5 294605
4028 57 283837 6 284693
4029 41 378169 4 378680
4030 41 170204 5 170715
4031 57 89346 7 89506
4032 41 63705 5 64375
4033 76 293590 4 293769
4034 57 215411 5 215558
4035 55 10831 8 11592
4036 41 380992 4 381568
4037 80 43906 6 44585
4038 1 265966 8 266372
4039 47 352106 6 352892
4040 41 203359 4 204208
4041 41 336871 6 337480
4042 41 345832 6 346495
4043 47 45351 8 46027
4044 80 254750 7 255152
4045 76 112684 6 113404
4046 91 209061 5 209596
4047 25 128635 5 129187
4048 71 180046 6 180289
4049 91 369297 5 370221
4050 1 161578 8 162078
4051 57 306470 5 306955
4052 94 191053 7 191202
4053 80 306470 5 307185
4054 94 216610 8 216989
4055 94 158463 5 158858
4056 47 171381 7 172329
4057 57 382425 7 383269
4058 53 277570 5 278393
4059 39 132099 6 132487
4060 71 266684 5 267405
4061 25 346632 5 347376
4062 91 63622 6 64270
4063 91 203359 7 204147
4064 94 202734 6 202875
4065 55 268819 7 269576
4066 63 370755 6 371585
4067 34 23485 7 24512
4068 91 117655 7 118379
4069 25 181825 6 182553
4070 94 368152 7 368557
4071 91 377446 7 378169
4072 91 161492 7 161774
4073 55 153455 8 153877
4074 57 56392 6 57099
4075 39 23485 5 24274
4076 25 116809 5 117548
4077 80 260514 7 260739
4078 91 285276 4 285437
4079 55 318290 7 318845
4080 41 137223 4 138045
4081 76 268108 4 268714
4082 94 312339 8 312661
4083 57 348334 4 348715
4084 53 93765 6 94634
4085 57 172511 7 173304
4086 1 177381 8 177646
4087 63 176930 7 177720
4088 34 296359 7 297117
4089 91 234299 7 234850
4090 41 7413 5 8162
4091 63 240715 6 241474
4092 34 90202 6 90800
4093 91 64270 6 65008
4094 1 73189 6 74006
4095 25 218564 5 219500
4096 63 315455 7 316376
4097 91 60889 6 61707
4098 57 304432 5 304653
4099 91 172304 6 173085
4100 53 336871 7 337117
4101 41 118401 5 118704
4102 76 318799 6 319260
4103 57 328630 5 328843
4104 1 318290 7 318610
4105 55 139337 8 139691
4106 80 190428 5 191248
4107 41 143702 5 144823
4108 76 373944 6 374117
4109 34 10080 6 10825
4110 53 253180 7 253780
4111 34 220717 6 221042
4112 71 247194 5 247771
4113 91 370221 6 371104
4114 63 130230 8 131081
4115 25 17990 4 18208
4116 80 226944 6 227667
4117 34 362346 5 362888
4118 91 211754 6 212734
4119 71 358947 6 359608
4120 91 332609 7 333228
4121 80 178564 7 179311
4122 1 198048 8 198647
4123 47 103333 4 104014
4124 41 139131 4 139761
4125 55 36702 8 37659
4126 94 192860 8 192999
4127 76 301780 6 302069
4128 80 276770 7 276907
4129 47 128734 8 128892
4130 94 307871 7 308074
4131 41 291825 6 292557
4132 91 166394 6 167206
4133 80 360910 7 361809
4134 47 325757 8 326449
4135 53 217833 7 218536
4136 57 165247 5 165693
4137 63 325129 8 326076
4138 34 158463 6 158890
4139 91 179795 6 180422
4140 25 46174 6 46965
4141 91 161774 6 162706
4142 71 348116 5 348404
4143 55 134576 7 135202
4144 34 268441 7 268601
4145 34 373586 8 373944
4146 91 57171 6 57375
4147 80 146567 7 147556
4148 71 74078 5 74887
4149 34 191777 4 192547
4150 1 70990 8 71879
4151 91 100286 7 101107
4152 57 0 5 205
4153 34 37873 6 38400
4154 34 274243 5 275101
4155 1 156446 8 156667
4156 50 322700 5 323068
4157 91 236704 5 237208
4158 91 13566 6 13793
4159 34 126415 6 127172
4160 41 110593 5 110842
4161 91 76044 7 76263
4162 53 281276 7 281868
4163 91 33987 7 34611
4164 34 251605 6 252366
4165 63 9620 6 9936
4166 76 227765 6 228632
4167 76 226017 6 226154
4168 71 62580 6 62745
4169 94 250799 7 251624
4170 57 216351 6 216561
4171 91 41421 6 42311
4172 25 154594 5 155148
4173 63 81163 7 81912
4174 91 278552 7 278725
4175 25 226917 5 227825
4176 25 199916 5 200757
4177 76 98538 5 99015
4178 55 228936 7 229766
4179 91 269358 5 270078
4180 57 357605 6 358389
4181 55 22640 8 22977
4182 55 171370 7 172109
4183 76 257491 5 257827
4184 94 247903 6 248296
4185 57 176772 5 176930
4186 71 181624 5 181933
4187 76 379886 6 380074
4188 91 72828 5 73395
4189 57 52841 6 53396
4190 47 79293 7 79560
4191 39 265966 6 266956
4192 57 136164 6 136963
4193 57 252379 6 253043
4194 63 314189 7 314494
4195 91 136521 6 137344
4196 80 206558 7 207385
4197 25 125794 6 126724
4198 53 128734 7 129029
4199 91 65008 7 65817
4200 76 270078 6 271031
4201 57 5820 6 6102
4202 94 378691 7 379061
4203 34 0 7 210
4204 34 310287 5 311071
4205 34 344056 5 344196
4206 1 218848 5 219501
4207 41 190780 6 191542
4208 1 75005 7 75760
4209 25 263113 6 263575
4210 91 282576 7 282840
4211 34 74078 6 74558
4212 57 208621 4 209481
4213 1 83357 8 84173
4214 41 6286 5 6751
4215 53 209711 7 209956
4216 80 58193 6 58951
4217 91 308073 7 308686
4218 57 150468 7 150775
4219 57 156755 5 157242
4220 94 378169 4 378691
4221 25 132099 6 132879
4222 47 228936 7 229235
4223 80 349307 7 349536
4224 47 68539 7 69268
4225 50 2224 4 3157
4226 50 62580 5 62782
4227 34 28208 4 28911
4228 71 61421 5 61699
4229 57 209481 5 210317
4230 57 299991 7 300370
4231 91 159219 6 159665
4232 91 286693 7 287118
4233 91 13212 5 13362
4234 55 333228 7 333944
4235 41 131692 4 132425
4236 63 256201 5 256518
4237 34 233580 8 234408
4238 25 9257 6 9378
4239 57 364046 5 364980
4240 57 131487 7 132333
4241 94 71845 7 72013
4242 25 329492 6 330024
4243 41 219328 6 220322
4244 94 185143 7 185501
4245 50 124135 5 124506
4246 80 289807 7 290542
4247 57 359441 7 360176
4248 41 342536 5 343345
4249 41 331596 6 332370
4250 34 306470 6 307258
4251 63 302634 6 303251
4252 1 220636 8 221547
4253 94 149473 7 149716
4254 25 228936 6 229103
4255 80 312885 7 313005
4256 41 160703 4 161047
4257 80 231066 4 231486
4258 47 105635 7 106418
4259 76 291332 6 291653
4260 34 359774 7 360482
4261 50 54479 6 55391
4262 41 98538 5 99162
4263 57 268601 6 269122
4264 55 60889 7 61727
4265 71 284693 6 285529
4266 34 201656 6 201872
4267 71 66514 6 67482
4268 91 186347 6 187217
4269 94 147660 5 147943
4270 34 295417 6 296359
4271 34 353847 8 354656
4272 91 41177 5 41379
4273 80 152824 7 152973
4274 80 186979 7 187682
4275 80 209596 7 210198
4276 57 137223 5 138051
4277 1 163448 8 164186
4278 41 81163 6 81802
4279 80 49826 5 50613
4280 91 56392 5 56807
4281 57 129541 6 130510
4282 55 231433 8 232272
4283 1 65116 7 65957
4284 80 6751 7 7425
4285 91 9430 5 9620
4286 94 372150 8 373109
4287 76 374427 4 375297
4288 63 9936 8 10617
4289 25 263948 4 264424
4290 41 65932 5 66854
4291 91 377291 5 377446
4292 34 104589 6 105407
4293 94 104029 6 105023
4294 63 295417 7 296237
4295 76 356286 6 357016
4296 25 207905 6 208359
4297 76 85370 6 86072
4298 91 69439 4 70168
4299 71 288960 5 289869
4300 50 120591 5 121207
4301 71 367740 6 368452
4302 63 28125 5 28766
4303 76 43486 6 43841
4304 55 9721 7 10084
4305 80 334678 5 335405
4306 71 52952 6 53640
4307 53 190016 5 190570
4308 47 84336 8 85266
4309 57 123637 7 123761
4310 1 345832 7 346526
4311 50 3263 6 3508
4312 57 366772 7 367500
4313 57 97436 6 98277
4314 80 342536 7 342975
4315 94 23485 8 23803
4316 91 327147 6 327733
4317 94 45291 8 46084
4318 34 16222 5 17046
4319 34 379306 7 379634
4320 1 131049 6 131895
4321 41 229478 6 230212
4322 57 195754 7 196280
4323 63 79771 7 80564
4324 63 286013 7 286573
4325 1 144431 6 144837
4326 34 2224 6 3147
4327 91 345832 7 346680
4328 91 122042 6 122645
4329 76 114884 6 115844
4330 91 247194 7 248044
4331 76 323089 6 323691
4332 57 279518 6 280327
4333 41 263590 6 264180
4334 76 238306 5 238680
4335 53 278393 7 278995
4336 80 35386 7 36259
4337 41 97803 5 98538
4338 76 334287 6 335120
4339 41 114884 6 115070
4340 76 262449 4 263313
4341 57 91155 6 91914
4342 71 216131 4 216422
4343 34 172304 4 173092
4344 1 144081 8 144431
4345 55 211754 7 212722
4346 57 3410 6 3789
4347 71 352100 6 352876
4348 39 199730 6 200307
4349 91 273126 7 273865
4350 91 361756 5 362346
4351 34 361700 7 362346
4352 34 169917 6 170516
4353 91 140056 5 140541
4354 25 265341 6 265788
4355 91 160189 4 160650
4356 80 304152 7 304446
4357 63 127265 7 127479
4358 41 110357 5 110593
4359 34 283968 7 284688
4360 41 304203 6 304969
4361 63 76347 8 77132
4362 34 271603 7 271924
4363 57 28739 5 29544
4364 53 129705 7 130374
4365 53 220466 5 221181
4366 71 73189 6 74027
4367 71 26004 6 26916
4368 41 67441 5 68319
4369 80 320319 7 320651
4370 50 164346 6 165207
4371 76 128734 6 129472
4372 50 329492 5 330138
4373 71 362888 4 363326
4374 1 51395 7 51534
4375 91 95727 7 96323
4376 34 177629 7 177818
4377 34 312885 8 313872
4378 50 28264 5 29026
4379 34 378185 7 378702
4380 55 283837 6 284318
4381 63 144360 7 144588
4382 80 138827 6 138995
4383 39 97436 5 97600
4384 1 283533 7 284335
4385 94 0 8 432
4386 53 169917 7 170593
4387 80 9721 6 10096
4388 57 247194 5 247903
4389 91 162706 6 163641
4390 76 224367 5 224839
4391 91 323612 7 324280
4392 47 97436 8 97959
4393 63 145924 7 146685
4394 55 253875 7 254307
4395 57 200246 6 201076
4396 63 207390 7 207551
4397 50 57425 5 58012
4398 94 33987 7 34632
4399 1 273539 7 273873
4400 41 310211 6 311047
4401 94 266209 5 267049
4402 80 234850 7 235571
4403 39 327147 6 327612
4404 34 70202 5 71046
4405 1 76994 8 77693
4406 55 347231 7 347704
4407 34 371963 8 372657
4408 41 316708 4 317091
4409 1 161174 6 161578
4410 91 246392 5 247099
4411 71 194585 6 194994
4412 63 209061 8 209901
4413 91 375949 6 377068
4414 57 244951 6 245696
4415 63 147445 6 147868
4416 57 211276 7 212080
4417 94 2224 7 3083
4418 76 303861 5 304676
4419 50 81402 4 81866
4420 41 124162 5 125106
4421 41 250799 4 251254
4422 63 271924 6 272696
4423 71 132333 5 132947
4424 76 63705 6 64417
4425 34 331476 6 331618
4426 91 288048 7 288960
4427 63 307258 7 308241
4428 41 171667 5 172362
4429 80 159703 7 160469
4430 71 4151 5 4744
4431 50 370755 6 371692
4432 91 217249 4 218137
4433 41 55366 5 55983
4434 63 323089 6 323426
4435 63 294394 4 294635
4436 94 316449 6 317143
4437 47 375448 7 376135
4438 34 333632 6 334287
4439 34 156408 5 157336
4440 34 216999 6 217854
4441 50 173764 5 173932
4442 41 244685 4 244988
4443 91 23360 6 23637
4444 91 45254 5 46174
4445 41 58420 4 59205
4446 41 258202 5 258631
4447 63 43486 7 43770
4448 80 200780 7 200977
4449 80 247383 7 247838
4450 55 207390 8 207632
4451 1 22998 7 23395
4452 57 377291 7 378280
4453 91 299176 6 299991
4454 47 141006 8 141783
4455 80 173092 4 173269
4456 34 31293 6 31759
4457 80 290636 7 291286
4458 34 187960 6 188249
4459 41 260514 4 261439
4460 57 178027 7 178734
4461 55 260514 7 261485
4462 1 294353 7 295034
4463 55 236657 7 236960
4464 63 156755 6 157703
4465 50 0 6 351
4466 41 360910 5 361697
4467 63 126415 4 127220
4468 91 334904 4 335086
4469 71 133522 6 133729
4470 91 161174 4 161492
4471 34 347396 6 348334
4472 80 18713 7 19219
4473 55 301780 5 302551
4474 34 66514 7 67441
4475 47 195754 7 196021
4476 41 129407 4 129722
4477 80 178027 5 178345
4478 55 23867 6 24423
4479 41 142723 4 142890
4480 57 226917 6 227761
4481 55 17990 7 18705
4482 76 296359 4 297251
4483 91 274467 5 275353
4484 41 145924 6 146796
4485 76 210537 6 211240
4486 34 151568 6 152435
4487 63 283278 5 283695
4488 94 152130 8 152977
4489 80 277734 6 278684
4490 94 27280 8 27545
4491 47 184233 7 184977
4492 91 298538 6 299176
4493 76 57375 6 57641
4494 53 237563 6 237776
4495 47 120591 8 121516
4496 47 74110 7 74816
4497 80 310287 7 311122
4498 41 122406 6 122860
4499 34 314504 8 315455
4500 41 320185 5 320806
4501 71 378169 4 378849
4502 63 240094 8 240472
4503 50 317602 6 318402
4504 34 205615 8 206558
4505 1 228936 6 229346
4506 50 263113 5 263645
4507 76 344371 5 345367
4508 55 152824 8 153455
4509 80 99565 7 100366
4510 76 295451 6 296167
4511 91 187399 5 187663
4512 80 280326 5 280507
4513 91 130343 7 131049
4514 91 27651 7 28125
4515 76 240229 5 241141
4516 41 163448 5 164197
4517 57 142073 5 142723
4518 94 291332 7 291694
4519 34 279599 7 280361
4520 47 144081 8 144627
4521 94 5407 6 5689
4522 39 106644 5 107515
4523 76 376135 6 376508
4524 39 277734 4 278327
4525 91 383587 7 383974
4526 1 305926 8 306635
4527 41 192433 5 193329
4528 71 206664 6 207404
4529 55 303466 7 303892
4530 57 334678 6 334835
4531 1 316351 8 316675
4532 63 338342 6 338989
4533 1 47147 7 47511
4534 63 294775 8 295335
4535 71 112008 5 112962
4536 91 124920 5 125794
4537 1 2224 7 3072
4538 94 171273 8 171667
4539 34 103807 5 104589
4540 39 346108 5 346982
4541 76 283968 5 284889
4542 53 292601 6 293590
4543 34 171273 5 171845
4544 55 4046 7 4595
4545 50 252612 6 253282
4546 76 41177 5 41343
4547 71 171370 5 172133
4548 34 103333 6 103807
4549 76 92890 5 93741
4550 91 81163 7 81402
4551 71 173331 5 174159
4552 55 129705 7 130054
4553 57 193996 6 194200
4554 1 290636 8 291343
4555 76 125068 5 125500
4556 63 327147 7 327689
4557 1 223772 7 224088
4558 41 298538 5 299302
4559 91 300930 7 301780
4560 1 62167 6 62754
4561 71 327628 6 327853
4562 80 102025 7 102812
4563 80 132099 6 132949
4564 63 253180 8 253542
4565 1 224367 7 225269
4566 94 153017 6 153746
4567 41 126193 4 126470
4568 47 137344 8 138092
4569 76 96253 6 96439
4570 91 322660 5 323089
4571 34 320472 5 321366
4572 47 2224 7 3072
4573 71 371963 4 372406
4574 55 52198 7 52617
4575 91 26606 6 27280
4576 71 154594 5 155280
4577 91 159013 7 159219
4578 91 290246 6 290518
4579 41 178564 5 179269
4580 1 268118 6 268533
4581 47 62175 7 62712
4582 80 305926 7 306436
4583 25 78433 5 79332
4584 34 374905 6 375448
4585 57 159968 6 160105
4586 25 332576 5 333278
4587 91 204147 6 204870
4588 39 138827 4 139488
4589 76 243053 5 244014
4590 34 133237 5 133688
4591 53 27280 5 27547
4592 80 328100 7 328747
4593 34 13824 6 14246
4594 39 336103 5 336569
4595 41 75005 5 75740
4596 55 233513 7 233894
4597 41 3237 4 3383
4598 63 161174 6 161632
4599 63 98470 7 99185
4600 1 278883 7 279585
4601 34 221835 7 222651
4602 57 298538 7 299210
4603 80 295451 7 295580
4604 57 72381 7 73118
4605 63 24399 7 25007
4606 55 4843 7 5711
4607 71 255447 5 255760
4608 71 311084 5 311367
4609 76 199730 6 200469
4610 55 383587 7 384361
4611 53 338342 7 338669
4612 41 65116 6 65932
4613 34 227765 5 228485
4614 57 49826 6 50619
4615 63 134084 4 134590
4616 34 330856 6 331476
4617 47 63183 8 63637
4618 57 126831 6 127591
4619 47 260514 6 261102
4620 1 370053 7 370600
4621 91 355199 6 355360
4622 55 142723 7 143432
4623 91 20862 7 21161
4624 91 174925 5 175127
4625 91 365971 6 366554
4626 57 12695 7 12976
4627 63 117487 6 117870
4628 47 253464 8 253904
4629 39 283663 6 284376
4630 80 69443 7 70206
4631 80 42311 5 42554
4632 25 364324 5 364674
4633 91 179411 5 179795
4634 57 73118 6 73517
4635 34 46729 6 46886
4636 47 282336 8 283151
4637 47 257491 8 258377
4638 25 149850 5 150503
4639 1 64179 5 64897
4640 57 55983 5 56189
4641 57 178734 5 179226
4642 91 200780 6 201140
4643 80 27547 4 27929
4644 63 200654 8 201539
4645 94 348334 8 348584
4646 34 376381 4 376848
4647 91 4046 7 4550
4648 41 189862 5 190640
4649 53 93205 6 93765
4650 63 316376 7 317019
4651 41 47617 5 48192
4652 91 296315 7 297059
4653 91 88213 7 89071
4654 71 205021 5 205394
4655 47 118379 7 119120
4656 80 292601 5 293177
4657 41 348263 5 348744
4658 71 328100 5 328826
4659 94 291825 8 292504
4660 91 101542 6 102025
4661 91 378537 6 378856
4662 76 146824 6 147805
4663 25 204288 6 205110
4664 91 372444 7 372974
4665 94 229556 7 230548
4666 41 152075 6 152216
4667 47 249560 7 250222
4668 91 177275 6 178027
4669 80 73517 6 74483
4670 76 362888 6 363148
4671 80 115949 5 116557
4672 50 89067 6 89597
4673 80 86567 7 87093
4674 91 374365 6 375381
4675 91 329891 7 330856
4676 1 352100 8 352506
4677 41 73189 4 73600
4678 63 164197 7 164898
4679 80 371963 6 372918
4680 57 292417 4 293142
4681 55 176930 7 177058
4682 1 173092 6 173914
4683 91 1512 6 2224
4684 47 227976 7 228357
4685 80 103333 7 103853
4686 91 133597 5 134084
4687 41 161174 5 161871
4688 55 73189 7 73509
4689 63 11063 5 11885
4690 63 252482 8 252755
4691 34 135973 6 136706
4692 91 379011 6 379886
4693 34 252366 7 252985
4694 80 373944 5 374917
4695 39 205021 4 205785
4696 91 342644 5 343203
4697 91 356660 5 357447
4698 41 27547 6 27960
4699 91 175533 6 176153
4700 41 25085 6 25859
4701 63 377291 5 377733
4702 55 305926 7 306346
4703 1 229556 8 230232
4704 55 182837 6 183247
4705 91 315028 4 315240
4706 34 254750 8 255310
4707 41 159703 6 160703
4708 63 99185 8 99948
4709 57 346207 7 346723
4710 80 92015 7 92270
4711 91 306271 7 307093
4712 41 314601 4 315159
4713 47 310 7 940
4714 34 384267 7 384424
4715 63 352100 6 352657
4716 91 231883 5 232035
4717 25 359441 5 360331
4718 55 381881 8 382816
4719 50 135019 6 135295
4720 76 86567 6 87562
4721 39 62645 5 62870
4722 91 325656 6 326292
4723 71 373944 5 374750
4724 55 104029 6 104805
4725 39 272948 5 273486
4726 25 140820 5 141479
4727 91 94932 4 95727
4728 63 210 8 709
4729 76 76994 5 77708
4730 34 21601 5 22245
4731 91 266001 6 266684
4732 47 293590 6 293970
4733 53 106225 7 106414
4734 63 203359 7 203827
4735 1 98776 6 99558
4736 76 121562 6 122344
4737 55 97436 8 98142
4738 80 354429 7 354708
4739 39 257353 6 258121
4740 53 340329 7 340624
4741 41 215411 6 215546
4742 94 103333 6 103667
4743 63 4151 8 4743
4744 71 316017 5 316968
4745 94 307093 7 307362
4746 91 346680 5 347026
4747 55 146567 8 147370
4748 57 350044 7 350953
4749 55 158463 8 159035
4750 94 142723 7 143456
4751 55 212734 7 213565
4752 76 151394 5 152082
4753 80 270078 6 271028
4754 94 4577 7 5376
4755 39 102979 5 103536
4756 63 235911 7 236311
4757 80 112928 6 113297
4758 57 149513 6 150402
4759 57 263948 5 264705
4760 91 380227 7 380382
4761 50 100058 5 101022
4762 41 161871 6 162385
4763 57 43486 5 43808
4764 25 261929 6 262485
4765 94 13793 8 14111
4766 25 339235 6 339412
4767 76 161578 6 162097
4768 34 300669 6 300884
4769 34 80220 7 80969
4770 47 278725 8 279612
4771 80 291332 7 291882
4772 94 314189 8 314403
4773 50 126415 6 126549
4774 57 341741 7 342257
4775 41 194585 4 194880
4776 55 159968 7 160741
4777 91 113477 6 114253
4778 47 4577 8 5327
4779 25 171818 5 172785
4780 55 264358 8 265099
4781 47 14100 6 14817
4782 80 137595 5 138484
4783 91 76347 5 76994
4784 57 17862 6 17990
4785 1 14100 7 14784
4786 71 233191 4 233562
4787 71 178027 5 178282
4788 91 108078 7 108230
4789 63 78953 8 79713
4790 41 318590 6 318950
4791 63 306271 8 307103
4792 57 234299 4 235146
4793 91 321706 4 321982
4794 41 228602 6 229003
4795 63 284815 5 284983
4796 91 318799 4 319182
4797 57 206664 7 207260
4798 47 328361 8 328547
4799 57 243053 5 243776
4800 76 218137 6 218952
4801 76 381881 5 382278
4802 71 299991 5 300838
4803 94 270078 8 270810
4804 1 252379 6 252612
4805 94 56807 7 57395
4806 80 5365 6 6335
4807 71 341294 5 341653
4808 50 333369 6 334208
4809 91 279134 5 279354
4810 71 48156 5 48859
4811 34 247383 7 247758
4812 1 211276 7 212181
4813 91 9620 6 9920
4814 94 81802 8 82370
4815 47 74816 6 75321
4816 91 168635 5 169579
4817 71 69439 5 70197
4818 25 79364 6 79971
4819 47 48166 6 49001
4820 76 222828 6 223119
4821 1 102025 5 102567
4822 55 373944 7 374537
4823 34 43237 6 43486
4824 39 268441 6 268781
4825 34 175533 8 175991
4826 63 21027 6 21237
4827 34 118810 8 119784
4828 91 13793 6 14100
4829 55 5854 8 6241
4830 57 168498 7 169121
4831 55 279518 7 279754
4832 39 78433 6 79276
4833 47 341741 5 342006
4834 39 198048 5 198752
4835 91 13362 6 13566
4836 76 265743 6 266423
4837 41 358947 6 359708
4838 34 168498 5 169224
4839 1 237528 6 237708
4840 41 132425 5 133114
4841 57 128734 6 129541
4842 50 357605 4 358594
4843 47 43906 8 44501
4844 76 28264 6 29004
4845 47 302888 7 303570
4846 1 154594 7 155520
4847 94 110397 6 111070
4848 41 195132 6 195966
4849 63 313123 7 314063
4850 25 116216 5 116582
4851 94 57425 5 57946
4852 41 154594 5 155316
4853 80 148926 7 149509
4854 63 65817 7 66695
4855 47 138435 7 138739
4856 71 33243 6 33645
4857 91 278725 6 279134
4858 47 320063 6 320890
4859 57 215558 7 216262
4860 39 122938 5 123315
4861 1 60889 8 61799
4862 50 273865 6 274739
4863 39 74806 6 75629
4864 41 81802 6 82284
4865 91 283837 5 284127
4866 34 20109 4 20889
4867 47 244030 7 244871
4868 50 36782 5 37628
4869 41 13793 6 14211
4870 57 217664 4 218542
4871 53 4151 7 4814
4872 1 381109 7 381437
4873 55 114996 5 115949
4874 41 104741 5 105366
4875 25 19156 5 19864
4876 94 182020 7 182754
4877 41 157720 5 158426
4878 57 138827 6 138972
4879 47 259071 7 260049
4880 57 257353 6 257646
4881 47 79894 7 80063
4882 1 263113 7 263999
4883 1 182837 7 183684
4884 25 182553 6 182994
4885 76 251605 5 252305
4886 34 282336 7 283278
4887 57 121562 6 121724
4888 50 273126 6 273702
4889 53 17990 7 18764
4890 55 340176 7 340910
4891 1 20109 5 21069
4892 80 22511 7 23385
4893 47 99089 5 99961
4894 57 222828 6 223464
4895 94 320185 8 320825
4896 80 336624 7 337267
4897 34 292207 5 292601
4898 1 108078 7 108647
4899 94 170204 5 170701
4900 71 36101 5 37041
4901 57 36226 6 37287
4902 94 206664 8 207412
4903 55 235911 7 236653
4904 57 192860 7 193083
4905 34 231883 4 232284
4906 41 3383 6 3700
4907 50 230114 6 230495
4908 91 272267 6 273126
4909 80 93205 6 93712
4910 94 17990 6 18516
4911 34 146824 5 147660
4912 39 74225 6 74773
4913 53 134369 7 134714
4914 55 241186 8 241808
4915 57 31759 5 32363
4916 25 173092 5 173954
4917 55 132099 7 132937
4918 91 353847 7 354682
4919 41 253464 4 253937
4920 91 192303 7 192507
4921 57 22511 7 23453
4922 91 164349 6 164948
4923 34 159475 5 160522
4924 63 122406 6 123405
4925 57 145175 7 146050
4926 25 23637 6 24043
4927 50 226917 6 227555
4928 39 227765 6 227989
4929 55 161174 7 161936
4930 71 149473 5 150361
4931 47 182837 7 183321
4932 1 315829 8 316351
4933 47 58420 6 59225
4934 63 303861 6 304244
4935 55 205605 7 205863
4936 57 202751 4 202942
4937 41 266209 6 266881
4938 76 130760 5 131261
4939 34 114253 4 114884
4940 39 201904 5 202113
4941 80 368152 7 369071
4942 34 144996 7 145119
4943 94 200780 7 201629
4944 34 235261 5 235911
4945 25 99185 6 99895
4946 55 28236 7 28950
4947 57 161174 4 161521
4948 47 267277 5 267442
4949 76 71845 6 72628
4950 39 129705 5 129894
4951 91 144380 6 145270
4952 34 244814 6 245761
4953 80 220636 7 220763
4954 94 164948 8 165285
4955 53 320472 5 321298
4956 47 202942 7 203682
4957 34 228485 6 228936
4958 76 17041 6 17394
4959 41 128128 6 128432
4960 63 304969 8 305940
4961 57 100286 7 100553
4962 1 235911 6 236730
4963 55 240094 7 241070
4964 34 230786 6 231581
4965 63 51395 7 52390
4966 34 289807 6 290636
4967 76 380227 5 380734
4968 91 14100 5 14536
4969 55 62645 7 62875
4970 53 346663 7 347430
4971 76 133182 4 134103
4972 34 63183 7 63622
4973 80 265966 6 266814
4974 53 171370 7 172180
4975 1 148926 7 149646
4976 47 325129 7 325757
4977 34 275826 8 276741
4978 47 334822 4 335666
4979 63 378691 8 379232
4980 63 157720 8 158382
4981 50 114253 4 114505
4982 41 270078 5 270770
4983 80 327147 6 327382
4984 47 367548 8 368245
4985 76 43873 6 44436
4986 76 159703 6 160527
4987 80 382214 6 382551
4988 63 159364 5 160100
4989 47 67986 8 68539
4990 53 240094 6 241060
4991 41 375508 6 376085
4992 71 130760 6 131637
4993 25 206664 6 207348
4994 34 322231 8 322557
4995 91 378856 6 379011
4996 91 384915 5 385773
4997 34 89348 7 90202
4998 63 173092 6 173639
4999 94 156761 6 157086
5000 76 171381 6 171623
 调度评估结果
1. 任务等待评估 (Σ 等待×权重): 9307710650
2. 任务完成评估 (最大完成时间): 385773
3. GPU显存空闲评估 (平均空闲): 9628.89 GB/时间片
 额外统计
已调度任务               : 5000/5000
平均等待时间            : 186599.25
各服务器任务分布      : 服务器1=292, 服务器25=174, 服务器34=558, 服务器39=165, 服务器41=443, 服务器47=257, 服务器50=155, 服务器53=160, 服务器55=257, 服务器57=452, 服务器63=384, 服务器71=223, 服务器76=271, 服务器80=309, 服务器91=610, 服务器94=290
